prefilter_suggestion,prefilter_reason,Include_Title_Abstract,Exclusion_Reason,id,doi,title,abstract,keywords,venue,year,block,tool_type,method_class,sources_found
LIKELY_EXCLUDE,off-topic: engineer-to-order (manufacturing),,,https://openalex.org/W1544785930,10.1080/09537287.2014.1001808,Engineer-to-order (ETO) production planning and control: an empirical framework for machinery-building companies,"This paper illustrates the results of an empirical study involving 21 engineer-to-order (ETO) companies, operating in the machinery-building industry. The study investigates the needs and requirements of such companies in terms of software support for governing the businesses, with particular emphasis on production planning and control (PPC) processes. An empirical analysis investigated two main aspects: (i) the set of business activities performed by the companies in the analysed industry and (ii) the relevant, high-level software functionalities required for the execution of such activities. As an answer to the observed compelling need for reviewing the general approaches to PPC in machinery-building companies, we develop an empirical, high-level production planning and scheduling reference framework, encompassing all the activities involved in the order fulfilment process.",Production planning; Empirical research; Order (exchange); Production (economics); Build to order; Software; Control (management); Engineering; Manufacturing engineering; Process management; Process (computing); Scheduling (production processes); Computer science; Business; Operations management; Economics,Production Planning & Control,2015,ETo_Software_Tools,Desktop / generic software,Unclassified,openalex;scopus
LIKELY_EXCLUDE,off-topic: medicine/clinical,,,https://openalex.org/W2389227418,,[Clinical features and prognosis of t (8; 21)/AML1-ETO-positive childhood acute myeloid leukemia].,"UNLABELLED: OBJECTIVE To study the clinical and biological characteristics and prognosis of t(8;21)/AML1-ETO-positive childhood acute myeloid leukemia (AML). METHODS: The clinical data of 55 children who were diagnosed as t (8; 21)/AML1-ETO-positive AML were retrospectively studied. Event-free survival (EFS), disease-free survival (DFS), and overall survival (OS) rates were estimated by the Kaplan-Meier method. Prognostic factors were evaluated by COX regression analysis software. RESULTS: Of the 55 patients, 4 patients gave up treatment after the diagnosis was confirmed and 4 patients were lost to follow-up after the first chemotherapy course. The remaining 47 patients received a double-induction therapy. The total complete remission (CR) rate was 71% and 94% after the first and second chemotherapy course, respectively. The disease was relapsed in 10 patients (21%). The 5-year EFS, DFS and OS rates were (56.1 ± 7.9)%, (59.8 ± 8.1)%, and (72.0 ± 8.1)%, respectively. Multivariate analysis showed that age was an independent risk factor for the long-term prognosis. The older children had a greater risk of experiencing an accident or death (P<0.05). The 5-year OS rate in 27 patients with regular consolidation chemotherapy was significantly higher than 13 patients with irregular chemotherapy after CRz [(47.5 ± 17.1)% vs (38.9 ± 17.3)%; P<0.01]. CONCLUSIONS: Childhood t(8;21)/AML1-ETO-positive AML is a highly heterogeneous disease, with a high CR rate and a good long-term prognosis. Age is one of the important factors affecting the long-term therapeutic effect. Regular consolidation chemotherapy applied after CR usually is helpful.",Medicine; Internal medicine; Chemotherapy; Myeloid leukemia; Proportional hazards model; Multivariate analysis; Gastroenterology; Disease; Survival analysis; Leukemia; Oncology; Surgery,PubMed,2011,ETo_Software_Tools,Desktop / generic software,Unclassified,openalex;scopus
CHECK,ET signal + off-topic token (medicine/clinical),,,https://openalex.org/W3030380544,10.3760/cma.j.issn.1673-419x.2015.04.002,Clinical significances of WT1 gene and AML1-ETO fusion gene expression for monitoring minimal residual disease in children with acute myeloid leukemia,"Objective
To explore the diagnostic value of WT1 gene and AML1-ETO fusion gene in the monitoring of minimal residual disease (MRD) and prediction of relapse in childhood acute myeloid leukemia (AML).


Methods
From May 2007 to March 2015, a total of 13 AML1-ETO fusion gene positive AML children and 15 leukemia fusion gene negative AML children who received initial treatment in Department of Pediatrics in Sichuan Provincial People's Hospital were enrolled as study objects, and divided into fusion gene positive group (n=13) and fusion gene negative group (n=15). Relative expression levels of WT1 gene and AML1-ETO fusion gene were detected by real-time fluorescence quantitative reverse transcription-polymerase chain reaction (qRT-PCR) technique in bone marrow samples from children of two groups at the beginning of treatment and during follow-up period. Correlation of relative expression levels of WT1 gene and AML1-ETO fusion gene were analyzed by SPSS statistical software. The sensitivity, specificity, accuracy, positive predictive value, negative predictive value, positive likelihood ratio, and negative likelihood ratio of MRD predicting relapse were calculated and compared. Kaplan-Meier method was used to compare the relapse-free survival (RFS) rate between two groups and to assess MRD on the prediction of relapse. The study protocol was approved by the Ethical Review Board of investigation in Human Being of Sichuan Provincial People's Hospital.Informed consent was obtained from all participants.


Results
①The relative expression levels of WT1 gene and AML1-ETO fusion gene were positively correlated in 83 bone marrow samples from 13 cases of fusion gene positive group (R2=0.874, P 0.05) at the time points of first diagnosis, first induction of remission, and relapse. ③After the first time induction of remission in the fusion gene positive group children, AML1-ETO quantitative levels as predictive relapse of diagnostic indicators were the highest in the sensitivity, accuracy, positive predictive value, negative predictive value as 85.7%, 76.9%, 75.0% and 80.0% respectively and negative likelihood ratio was minimum as 0.29. The specificity of WT1 gene in the fusion gene negative group was highest as 71.4%. ④After the first time induction of remission, there were 8 patients whose relative expression levels of AML1-ETO fusion gene were more than 0.01 in fusion gene positive group. Among these 8 cases, 6 patients relapsed and relapse rate was 75.0%. Relative expression levels of AML1-ETO fusion gene in other 5 cases were less than 0.01. Among the 5 cases, 1 patient relapsed and relapse rate was 20.0%. The difference of relapse rate between patents whose relative expression levels of AML1-ETO fusion gene were more and less than 0.01 was statistically significant (χ2=13.0, P=0.000). Up to the time of the follow-up , RFS rate of the patients with the relative expression level of AML1-ETO fusion gene more than 0.01 was significantly lower than that of patients with the relative expression level less than 0.01 (P=0.001). ⑤ After the first time induction of remission, there were 8 patients whose relative expression levels of WT1 gene were more than 0.01 in fusion gene negtive group. Among these 8 cases, 6 patients relapsed and relapse rate was 75.0%. Relative expression levels of WT1 gene in other 7 cases were less than 0.01. Among the 7 cases, 1 case relapsed and relapse rate was 14.3%. The difference of relapse rate between patients whose relative expression levels of WT1 gene were more and less than 0.01 was statistically significant (χ2=15.0, P=0.000). Up to the time of the follow-up , RFS rate of the patients with the relative expression level of WT1 gene more than 0.01 was significantly lower than that of patients with the relative expression level less than 0.01 (P=0.004).


Conclusions
AML1-ETO fusion gene is suitable for monitoring the MRD of AML children with fusion gene positive. WT1 gene is more suitable for detecting MRD and predicting relapse in AML children with fusion gene negative. It may indicate relapse when WT1 and AML1-ETO fusion gene relative expression levels significantly increased.


Key words: 
Leukemia, myeloid, acute; gene, Wilms' tumor; AML1-ETO fusion gene, human; Neoplasm, residual; Polymerase chain reaction",Fusion gene; Minimal residual disease; Myeloid leukemia; Medicine; Oncology; Internal medicine; Gene; Leukemia; Disease; Immunology; Cancer research; Biology; Genetics,Guoji shuxue ji xueyexue zazhi,2015,ETo_Software_Tools,Desktop / generic software,Unclassified,openalex
CHECK,no clear ET/irrigation signal in title/abstract,,,https://openalex.org/W4321379800,10.31000/dmj.v7i1.7296,PRODUKTIVITAS KERJA KARYAWAN DIPENGARUHI OLEH JENJANG KARIR DAN ETOS KERJA PADA PT. VICTORY CHINGLUH INDONESIA,"AbstractThis study aims to determine the effect of career path and work ethic on employee productivity at PT. Victory Chingluh Indonesia During the Covid-19 Pandemic either partially or simultaneously. This study uses an associative method with a quantitative approach. Sampling as many as 91 people. Data collection techniques and tools are questionnaires or questionnaires. Descriptive data analysis techniques are used to describe the responses of respondents' answers and data distribution, while inferential statistical analysis is used to test hypotheses. The data processing is assisted by SPSS software version 25. Based on the contribution of Career Path (X1) and Work Ethics (X2) to Work Productivity (Y) of 79.20%, the remaining 20.80% is influenced by other variables (X) not examined ( epsilon) but affects Work Productivity (Y). If it is projected based on the multiple regression test it shows that the higher the value of Career Path (X1) and Work Ethic (X2) simultaneously at a certain value, then the value of Work Productivity (Y) increases at a certain value as well. The Effect of Career Path and Work Ethics Simultaneously on Work Productivity at PT. Victory Chingluh Indonesia is significant. Partially Career Path has a positive and significant effect on Work Productivity, while Work Ethics has a positive and significant effect on Work Productivity at PT. Victory Ching Luh Indonesia.Keywords: Career Path, Work Ethic, Work Productivity AbstrakPenelitian ini bertujuan untuk mengetahui pengaruh Jenjang Karir dan Etos Kerja Terhadap Produktivitas Kerja Karyawan PT. Victory Chingluh Indonesia Pada Masa Pandemi Covid-19 baik secara parsial maupun simultan. Penelitian ini menggunakan metode asosiasif dengan pendekatan kuantitatif. Pengambilan sampel sebanyak 91 orang. Teknik dan alat pengumpulan data adalah dengan kuesioner atau angket. Teknik analisis data deskriptif digunakan untuk mengetahui gambaran atas tanggapan jawaban responden dan sebaran data, sedangkan analisis statistik inferensial untuk pengujian hipotesis. Pengolahan datanya dibantu dengan software SPSS versi 25. Berdasarkan kontribusi Jenjang Karir (X1), dan Etos Kerja (X2) terhadap Produktivitas Kerja (Y) sebesar 79,20% sisanya 20,80% dipengaruhi oleh variabel lain (X) yang tidak diteliti (epsilon) namun mempengaruhi Produktivitas Kerja (Y). Jika diproyeksikan berdasarkan uji regresi berganda menunjukan bahwa semakin tinggi nilai Jenjang Karir (X1), dan Etos Kerja (X2) secara bersamaan pada nilai tertentu, maka meningkatkan nilai Produktivitas Kerja (Y) pada nilai tertentu pula. Pengaruh Jenjang Karir dan Etos Kerja secara simultan terhadap Produktivitas Kerja di PT. Victory Chingluh Indonesia signifikan. Secara parsial Jenjang Karir berpengaruh positif dan signifikan terhadap Produktivitas Kerja, sedangkan Etos Kerja berpengaruh positif dan signifikan terhadap Produktivitas Kerja di PT. Victory Chingluh Indonesia.Kata Kunci: Jenjang Karir, Etos Kerja, Produktivitas Kerja",Path analysis (statistics); Victory; Productivity; Work ethic; Work productivity; Psychology; Work (physics); Management; Political science; Mathematics; Engineering; Economics; Statistics; Law; Economic growth,Dynamic Management Journal,2023,ETo_Software_Tools,Desktop / generic software,Unclassified,openalex
CHECK,no clear ET/irrigation signal in title/abstract,,,https://openalex.org/W4312405568,10.56406/emrr.v1i1.36,PENGARUH KEPEMIMPINAN KARISMATIK TERHADAP ETOS KERJA STAKEHOLDER PADA PONDOK PESANTREN MODERN MAN ANA KECAMATAN PAMIJAHAN KABUPATEN BOGOR,"Maulana Firdaus (NIM: 1415.04.003). Effects of Charismatic Leadership on Stakeholder Work Ethics&#x0D; This study aims to determine the effect of charismatic leadership on stakeholder work ethics. This research was conducted at Modern Man Ana Islamic Boarding School, Pamijahan District, Bogor Regency. The research method used is a type of inferential research with a quantitative approach with research subjects are the Principals of Modern Man Ana Islamic Boarding Schools and respondents of this study are all stakeholders of the Modern Man Ana Islamic Boarding Schools. Sampling is done by non-probability sampling technique that is with saturated samples. Data collection using the questionnaire method and unstructured interviews. Analysis of the data used in this study was a descriptive analysis of respondents, a descriptive statistical analysis of variables, an assumption test using the normality test, and a hypothesis test using simple linear regression analysis, the t-test and the coefficient of determination test (∆R2).&#x0D; The results of the study which were processed using the SPSS computer program version 16.0 for windows showed that the results of hypothesis testing using simple linear regression analysis showed that charismatic leadership had a positive effect on stakeholder work ethics in Modern Man Ana Islamic Boarding School, Pamijahan District, Bogor Regency. This is evidenced by the beta coefficient (β) of 0.269 and a significance value of 0.034. The contribution of charismatic leadership influence to the work ethic of stakeholders of (∆R2) 0.168 or 16.8% (significant influence) can be proven by stakeholders and students have been able to achieve achievements that boast both academic and nonacademic.&#x0D; The application of charismatic leadership to the work ethic of stakeholders in Modern Man Ana Islamic Boarding School, Pamijahan Sub-district, Bogor Regency is seen from 4 aspects of charismatic leadership implemented by the leadership of Modern Man Ana Islamic Boarding School in daily life, namely among them: ability, self confidence, confidence, and environmental sensitivity.&#x0D; Charismatic leadership positively influences stakeholder work ethic at Modern Man Ana Islamic Boarding School, Pamijahan District, Bogor Regency. This is evidenced by the regression coefficient of 0.269, indicating that if charismatic leadership increases by 0.269; the stakeholder work ethic increases by 0.269; t count 2,249&gt; t table 2.059 then H0 is rejected and H1 is accepted, so it can be concluded that the charismatic leadership variable (X) influences the stakeholder work ethic variable (Y). Significance value of 0.034 &lt;0.05 then H0 is rejected and H1 is accepted, so it can be concluded that the charismatic leadership variable (X) influences the stakeholder work ethic variable (Y).",Stakeholder; Boarding school; Work ethic; Test (biology); Charismatic authority; Simple linear regression; Charisma; Islam; Data collection; Management; Descriptive statistics; Regression analysis; Psychology; Sociology; Work (physics); Social science; Mathematics; Statistics; Political science; Engineering; Geography,JOURNAL EDUCATIONAL MANAGEMENT REVIEWS AND RESEARCH,2022,ETo_Software_Tools,Desktop / generic software,Unclassified,openalex
CHECK,ET signal + off-topic token (electronics/materials),,,2-s2.0-80054065522,10.1016/j.pce.2011.07.035,Estimation of actual evapotranspiration using the Surface Energy Balance System (SEBS) algorithm in the Upper Manyame catchment in Zimbabwe,"Evapotranspiration plays a central role in the water balance of arid and semi-arid areas, as it is the major loss flux. The spatial estimation of actual evapotranspiration is thus of critical importance for hydrologic, environmental and agricultural purposes. This study therefore applied the Surface Energy Balance System for turbulent heat fluxes (SEBS) algorithm to determine actual evapotranspiration in the Upper Manyame catchment in Zimbabwe. The SEBS algorithm was run using atmospherically corrected MODIS satellite imagery on nine clear skies days stretching from 2003 to 2005. SEBS determined actual evapotranspiration was evaluated based on two criteria over Harare-Kutsaga and Grasslands research stations. Firstly, a plausibility or physical consistency check was applied by which SEBS actual evapotranspiration estimates were compared to FAO Penman-Monteith potential evapotranspiration estimates. On average, it was observed that SEBS actual evapotranspiration estimates were physically consistent. SEBS estimates were 36.5% and 76.5% of potential evapotranspiration over Harare-Kutsaga and Grasslands stations, respectively. However, on a few days over Grasslands station SEBS actual evapotranspiration estimates were physically inconsistent as they were greater than potential evapotranspiration. SEBS actual evapotranspiration estimates were also evaluated against actual evapotranspiration from the advection aridity equation. Over Harare-Kutsaga the mean error showed a slight underestimation of 0.32mmd<sup>-1</sup> by SEBS and the mean absolute error was 0.5mmd<sup>-1</sup>. However, over Grasslands station the results were not as good as the mean error and mean absolute error showed an overestimation 2.6mmd<sup>-1</sup>. This was relatively high. The discussed reasons for the relatively high overestimation errors over Grasslands station include; roughness parameterisation, the spatial variability of input temperature data and heterogeneity. An analysis of the evaporative behaviour of the different land cover types in the catchment showed that: water bodies, closed broadleaved deciduous forests, and open broadleaved deciduous forests had relatively higher mean actual evapotranspiration rates and yet these land cover types constituted less than 5% of the catchment area. Open grasslands were observed to have low evaporative behaviour. Overall this study showed that SEBS has potential for estimating spatial actual evapotranspiration and providing useful information that can be used for water resources and environmental management and planning. © 2011 Elsevier Ltd.",Actual evapotranspiration;Advection-aridity;Land cover;Roughness;SEBS;Upper Manyame,Physics and Chemistry of the Earth,2011,ETo_Software_Tools,Remote-sensing / energy-balance model,Deterministic,openalex;scopus
CHECK,no clear ET/irrigation signal in title/abstract,,,https://openalex.org/W2503366021,10.31294/jeco.v3i1.65,PENGARUH KEPEMIMPINAN VISIONER DAN ETOS KERJA TERHADAP KINERJA PEGAWAI BANK SYARIAH MANDIRI,"Abstract - Bank Syariah Mandiri (BSM) is one of sharia bank concept and is one of the largest Islamic bank in Indonesia. However, this time a number of problems faced by BSM, including the employee performance that’s not optimally. To improve the employee performance is done by visionary leadership and work ethic. The purpose of this study was to: a) Analyze the influence of visionary leadership on employee performance; and b) Analyze the influence of work ethic on employee performance. The method used in this study is descriptive-verification, where the data obtained through questionnaires. Sample units examined in this study were 60 employees sampled. Analysis using linear regresion with assistance by SPSS 21,00 as computer software. Based on the results of the study found that the visionary leadership has positive and significant effect on employee performance on BSM; this research also found that work ethic has positive and significant effect on employee performance on BSM. Thus, BSM needs to improve the quality of visionary leadership and work ethic, as shown to affect the performance of employees. Keywords : Visionary Leadership, Work Ethic, and Employee Performance. Abstrak - Bank Syariah Mandiri (BSM) merupakan salah satu bank yang berkonsep syariah dan merupakan salah satu bank syariah terbesar di Indonesia. Namun demikian, saat ini sejumlah permasalahan tengah dihadapi oleh BSM, diantaranya berkaitan dengan kinerja pegawai yang belum optimal. Upaya untuk meningkatkan kinerja pegawai dilakukan melalui kepemimpinan visioner dan etos kerja. Tujuan penelitian ini adalah untuk: a) Menganalisis pengaruh kepemimpinan visioner terhadap kinerja pegawai; serta b) Menganalisis pengaruh etos kerja terhadap kinerja pegawai. Metode penelitian yang digunakan dalam penelitian ini deskriptif-verifikatif, dimana data diperoleh melalui penyebaran angket. Unit sampel yang diteliti dalam penelitian ini adalah 60 sampel pegawai. Teknik analisis data menggunakan regresi linear dengan bantun software komputer SPSS 21.00. Berdasarkan hasil penelitian ditemukan bahwa kepemimpinan visioner berpengaruh positif dan signifikan terhadap kinerja pegawai BSM; selain itu ditemukan bahwa etos kerja berpengaruh positif dan signifikan terhadap kinerja pegawai BSM. Dengan demikian, BSM perlu meningkatkan kualitas kepemimpinan visioner dan etos kerja pegawai karena terbukti mempengaruhi kinerja pegawai.       Kata Kunci: Kepemimpinan Visioner, Etos Kerja, dan Kinerja Pegawai.",Business administration; Management; Work ethic; Business; Psychology; Political science; Work (physics); Accounting; Engineering; Economics; Mechanical engineering,"Jurnal Ecodemica: Jurnal Ekonomi, Manajemen, dan Bisnis",2015,ETo_Software_Tools,Desktop / generic software,Unclassified,openalex
CHECK,no clear ET/irrigation signal in title/abstract,,,https://openalex.org/W4410412900,10.60145/jcp.v1i5.120,PENGARUH GAYA KEPEMIMPINAN OTORITER DAN DEMOKRATIS TERHADAP ETOS KERJA KARYAWAN DI PT INOVASI TEKNOMEDIA BANGSA,"Latar Belakang : PT Inovasi Teknomedia Bangsa adalah sebuah perusahaan teknologi informasi yang bergerak di bidang pengembangan perangkat lunak dan solusi teknologi. Sebagai perusahaan yang berorientasi pada inovasi dan perkembangan teknologi, PT Inovasi Teknomedia Bangsa sangat bergantung pada kinerja dan etos kerja karyawan yang tinggi. Oleh karena itu, penting untuk memahami faktor-faktor yang memengaruhi etos kerja karyawan dalam lingkungan organisasi tersebut. Salah satu faktor yang mempengaruhi etos kerja karyawan adalah gaya kepemimpinan yang diterapkan oleh pimpinan di perusahaan tersebut. Gaya kepemimpinan yang berbeda dapat memberikan pengaruh yang berbeda pula terhadap motivasi, keterlibatan, dan etos kerja karyawan. Tujuan : Bertujuan untuk mengetahui pengaruh gaya kepemimpinan otoriter dan demokratis terhadap etos kerja karyawan di PT Inovasi Teknomedia Bangsa. Jenis penelitian ini adalah penelitian kuantitatif. Metode : Metode penelitian ini menggunakan metode pengumpulan data dalam penelitian ini menggunakan kuesioner dengan banyak responden 60 orang. Teknik pengumpulan data dalam penelitian ini adalah regresi linier berganda, Uji F (Uji Signifikan Simultan), Uji T (Uji Signifikan Pengaruh Parsial) , Uji R (Koefisien Determinan). Hasil dan Pembahasan : Penelitian menggunakan software SPSS 20 dan hasil menunjukan bahwa tidak terdapat pengaruh positif antara gaya kepemimpinan otoriter terhadap etos kerja karyawan di PT ITB dengan hasil nilai t hitung sebesar -,990 &lt; ttabel 1.671 dan nilai signifikan 0,324 &gt; 0,05. Sedangkan terdapat pengaruh positif dan signifikan antara gaya kepemimpinan demokratis terhadap etos kerja karyawan di PT ITB dengan hasil nilai t hitung sebesar 5,710 &gt; ttabel 1.671 dan nilai signifikan 0,000 &lt; 0,05. Kesimpulan : Kesimpulannya Berdasarkan hasil penelitian yang telah peneliti lakukan didaptakan dua hasil penemuan yaitu terdapat pengaruh positif dan signifikan antara gaya kemepimpinan demokratis terhadap etos kerja karyawan di PT ITB. Namun tidak terdapat pengaruh positif tidak signifikan antara gaya kepemimpinan otoriter terhadap etos kerja karyawan di PT ITB. Penelitian ini diharapkan mampu menjadi refrensi atau acuan peneliti lainnya kedepan dan diharapkan ketika peneliti selanjutnya melakukan penelitian terkait gaya kepemimpinan dan etos kerja ada baiknya ditambahkan variabel lain agar penelitian menjadi lebih terbahrui dan cangkupanya luas.",Humanities; Psychology; Art,Journal Central Publisher,2023,ETo_Software_Tools,Desktop / generic software,Unclassified,openalex
CHECK,no clear ET/irrigation signal in title/abstract,,,https://openalex.org/W4362686869,10.21009/jbmk.0301.06,Pengaruh Etos Kerja dan Iklim Organisasi Terhadap Komitmen Organisasi Karyawan Divisi Sortation Perusahaan,"This study aims to: (1) Knowing the description of the work ethic, organizational climate, and organizational commitment of employees of the sorting division of PT A. (2) Analyzing the effect of work ethic on organizational commitment to employees of the sorting division of PT A. (3) Analyzing the influence of organizational climate on organizational commitment to employees of the sorting division of PT A. (4) Analyzing the effect of work ethic and organizational climate together on organizational commitment to employees of the sorting division of PT A. The type of data used is quantitative. The sample in this study was 122 people who were determined by the slovin formula. Collecting data using observation, interviews, and questionnaires. The data analysis technique used is multiple linear regression analysis using SPSS software version 25.0. Based on the analysis, it was found that work ethic has a positive and significant effect on organizational commitment, organizational climate has a positive and significant influence on organizational commitment, and work ethic and organizational climate together have a positive and significant influence on organizational commitment. Penelitian ini bertujuan untuk : (1) Mengetahui deskripsi dari etos kerja, iklim organisasi, dan komitmen organisasi karyawan divisi sortation PT A. (2) Menganalisis pengaruh etos kerja terhadap komitmen organisasi pada karyawan divisi sortation PT A. (3) Menganalisis pengaruh iklim organisasi terhadap komitmen organisasi pada karyawan divisi sortation PT A. (4) Menganalisis pengaruh etos kerja dan iklim organisasi secara bersama-sama terhadap komitmen organisasi pada karyawan divisi sortation PT A. Jenis data yang digunakan adalah kuantitatif. Sampel pada penelitian ini sebanyak 122 orang yang ditentukan dengan rumus slovin. Pengumpulan data menggunakan observasi, wawancara, dan kuesioner. Teknik analisis data yang digunakan adalah analisis regresi linear berganda menggunakan bantuan software SPSS versi 25.0. Berdasarkan analisis ditemukan bahwa etos kerja memiliki pengaruh positif dan signifikan terhadap komitmen organisasi, iklim organisasi memiliki pengaruh positif dan signifikan terhadap komitmen organisasi, serta etos kerja dan iklim organisasi secara bersama-sama memiliki pengaruh positif dan signifikan terhadap komitmen organisasi.",Business administration; Organizational commitment; Organisation climate; Psychology; Management; Social psychology; Business,Jurnal Bisnis Manajemen dan Keuangan,2022,ETo_Software_Tools,Desktop / generic software,Unclassified,openalex
CHECK,no clear ET/irrigation signal in title/abstract,,,https://openalex.org/W4404801093,10.56644/adl.v5i2.131,DAMPAK ETOS KERJA DAN LINGKUNGAN KERJA TERHADAP KINERJA KARYAWAN PT. NUSA CENDANA INTI PERKASA MUARA ENIM,"The work environment has an important role in improving employee performance through a good physical and non-physical environment, such as creating a safe and comfortable atmosphere for employees, including providing work safety facilities and tools, maintaining the cleanliness of the workplace, and increasing employee morale in every activity. , so that physical and non-physical conditions are adequate, work productivity will increase. Work ethic is work enthusiasm or taste for work that shows the enthusiasm for collaboration, debate and achievement, so that you can actually reap real results and contribute to the progress of the organization. Employee performance is the ability to achieve job requirements, namely when work targets can be completed at the right time or without exceeding the time limit provided so that the goals will be in accordance with the company's morals and ethics. This research aims to determine the impact of the work environment and work ethic on employee performance at PT. Nusa Cendana Inti Perkasa Muara Enim. The population and sample in this study were 60 people from all employees of the production division of PT. Nusa Cendana Inti Perkasa Muara Enim. The research data was analyzed using multiple linear analysis which was processed with the help of the Statistical Package for the Social Sciences (SPSS) computer program version 26. The results of this research indicate that there is an impact of the work environment and work ethic on employee performance at PT. Nusa Cendana Inti Perkasa Muara Enim.. With a significant F of 0.000 &lt; 0.05. Multiple linear regression equation Y = 35,908 + 0,184 X1 + 0,582 X2 PT. Nusa Cendana Inti Perkasa Muara Enim. 0.000 &lt; 0.05. There is an impact of the work environment and work ethic on employee performance. PT. Nusa Cendana Inti Perkasa Muara Enim. with a significant value of 0.000 &lt;0.05.",Business,ADL ISLAMIC ECONOMIC Jurnal Kajian Ekonomi Islam,2024,ETo_Software_Tools,Desktop / generic software,Unclassified,openalex
CHECK,no clear ET/irrigation signal in title/abstract,,,https://openalex.org/W2946643644,10.32616/pgr.v2.2.129.9-16,Pengaruh Pelatihan dan Supervisi terhadap Prestasi Kerja Dimediasi Variabel Etos Kerja Guru pada SMP Negeri Gondang 2 Mojokerto,"Kepala sekolah perlu mendorong para gurunya agar mempunyai prestasi kerja yang tinggi dengan harapan memperoleh banyak keuntungan bagi sekolah, namun tidak membuat guru merasa dirugikan. Kondisi ini sangat dipengaruhi oleh peran seorang pemimpin dalam organisasi, supervisi dan pengembangan guru. Tujuan dari penelitian ini adalah : 1) Untuk mengetahui dan menganalisis pengaruh pelatihan terhadap etos kerja guru. 2) Untuk mengetahui dan menganalisis pengaruh Supervisi terhadap etos kerja guru. 3) Untuk mengetahui dan menganalisis pelatihan terhadap prestasi kerja. 4) Untuk mengetahui dan menganalisis pengaruh Supervisi terhadap prestasi kerja. 5) Untuk mengetahui dan menganalisis pengaruh etos kerja guru terhadap prestasi kerja. 6) Untuk mengetahui dan menganalisis pelatihan terhadap prestasi kerja dimediasi variabel etos kerja guru. 7) Untuk mengetahui dan menganalisis pengaruh Supervisi terhadap prestasi kerja dimediasi variabel etos kerja guru. Berdasarkan pada pertimbangan waktu, tenaga, dan dana, serta ruang lingkup permasalahan dan banyaknya jumlah subjek dalam populasi yang jumlahnya 336 orang, maka penelitian ini menggunakan rumus slovin dengan signifikasi (p) (0,1) sehingg ditentikan sampel sehumlah 79 orang. Dimana seluruh anggota populasi dijadikan sampel, alat analisis data menggunakan software SmartPLS versi 3.3.7. Dari hasil penelitian dapat disimpulkan sebagai berikut: 1) Pelatihan berpengaruh signifikan terhadap Etos kerja guru 2) Supervisi tidak berpengaruh terhadap Etos kerja guru 3) Pelatihan tidak berpengaruh terhadap Prestasi kerja 4) Supervisi berpengaruh signifikan terhadap Prestasi kerja 5) Etos kerja guru tidak berpengaruh terhadap Prestasi kerja 6) Pelatihan berpengaruh secara tidak langsung terhadap Prestasi kerja melalui Etos kerja guru 7) Supervisi berpengaruh secara tidak langsung terhadap Prestasi kerja melalui Etos kerja guru",Psychology; Humanities; Business administration; Art; Business,Progressa Journal of Islamic Religious Instruction,2019,ETo_Software_Tools,Desktop / generic software,Unclassified,openalex
CHECK,no clear ET/irrigation signal in title/abstract,,,https://openalex.org/W4415263869,10.37726/jammiah.v4i2.1000,Pengaruh Etos Kerja Islam Terhadap Kinerja Pegawai Desa Bojong Barat Purwakarta,"Hasil observasi awal menunjukkan beberapa permasalahan terkait kinerja pegawai Desa Bojong Barat. Masyarakat mengeluhkan lambannya pelayanan dalam pembuatan dan pembaruan dokumen kependudukan seperti KTP, KK, dan Akte. Meskipun telah disediakan aplikasi pengaduan, respons dari masyarakat masih minim, dan pegawai tidak optimal dalam melayani. Beberapa pegawai juga terlihat menggunakan waktu kerja untuk kepentingan pribadi. Interaksi dan komunikasi antara pegawai dan masyarakat terbatas, menyebabkan informasi tidak efektif tersampaikan. Desa Bojong Barat memiliki nilai religius tinggi, yang seharusnya memberikan dampak positif, seperti transaksi bebas riba dan pelayanan sesuai nilai-nilai Islami. Etos kerja Islami dianggap mempengaruhi kinerja pegawai, dan penerapannya diharapkan dapat meningkatkan layanan dan kinerja pegawai Desa Bojong Barat. Penelitian ini bertujuan untuk mengetahui pengaruh Etos Kerja Islam terhadap Kinerja Pegawai Desa Bojong Barat Purwakarta. Penelitian ini menggunakan pendekatan kuantitatif deskriptif, dengan teknik sampel menggunakan teknik Snowball Sampling dihasilkan sebanyak 60 orang. Hasil penelitian ini dapat disimpulkan bahwa berdasarkan hasil uji menggunakan software SPSS Versi 24 didapatkan nilai hasil uji t nilai t hitung 21,009 &gt; dari nilai t tabel 1.67155 dengan nilai signifikansi sebesar 0,000 &lt; 0,05. Maka Ho ditolak dan Ha diterima. Artinya terdapat pengaruh yang signifikan dari variabel Etos Kerja Islam (X) terhadap Kinerja Pegawai (Y) di Desa Bojong Barat Purwakarta. Selanjutnya hasil uji koefisien determinasi diketahui nilai R Square didapatkan nilai 0,884, artinya pengaruh variabel Etos Kerja Islam (X) terhadap Kinerja Pegawai (Y) di Desa Bojong Barat Purwakarta sebesar 88,4%, sedangkan sisanya 11,6% di pengaruhi variabel lain seperti Tingkat Penghasilan, Manajemen Kepemimpinan, Disiplin Kerja dan lain lain.",Work environment,JAMMIAH (Jurnal Ilmiah Mahasiswa Ekonomi Syariah),2024,ETo_Software_Tools,Desktop / generic software,Unclassified,openalex
CHECK,ET signal + off-topic token (engineer-to-order (manufacturing)),,,2-s2.0-84937399331,10.1016/j.ijpe.2015.05.032,Tactical capacity planning in a real-world ETO industry case: An action research,"Many engineering-to-order (ETO) organizations are multi-project capacity-driven production systems in which capacity planning is of major importance in the order acceptance phase. The academic literature, in this area, presents a research-practice gap with a lack of studies on the application of decision support tools to address capacity planning problems in real-world ETO settings. To reduce this gap, this paper presents the findings from an action research on the application of an optimization model to support tactical capacity planning in a medium-sized project-driven ETO organization. To properly model the studied environment, the proposed solution includes the representation of overlapping and variable intensity activities and the use of nonregular capacity options (e.g., overtime, hiring workers, subcontracting). The model was fed with real-world data and solved in order to check whether it actually reflects the planning problem. Furthermore, alternative scenarios were also generated to assist the management board in the order acceptance phase. As for practical implications, for the company manufacturing team, the modeĺs application enhanced the decision-making process regarding tactical capacity planning, addressing different shortcomings of the current planning method. Moreover, the proposed solution represents a diagnostic and decision support tool because it helps this team to identify the potential gaps between capacity and demand and also it demonstrates how to adapt capacity to demand and how to optimally balance demand. From an academic perspective, this research adds empirical evidence to enrich the existing literature, as it not only presents a real case application, but also highlights issues that either are not entirely explored in other studies or must be adapted to properly model a specific but real-world production setting.",Aggregate production planning;Decision support system;Engineer-to-order;Mathematical programming,International Journal of Production Economics,2015,ETo_Software_Tools,Crop model / irrigation DSS,Unclassified,scopus
CHECK,no clear ET/irrigation signal in title/abstract,,,https://openalex.org/W7169758074,10.61132/jmpai.v4i2.2137,"Pengaruh Motivasi, Disiplin Kerja, dan Etos Kerja terhadap Kinerja Guru MTs Raudhatul Mujawwidin Kabupaten Tebo","This study investigated the influence of motivation, work discipline, and work ethic on teacher performance at MTs Raudhatul Mujawwidin. A quantitative research design with a survey approach was employed. Data were collected through questionnaires distributed to 32 teachers and analyzed using validity and reliability tests, classical assumption tests, and multiple linear regression analysis with the aid of SPSS software. The results showed that all research instruments met the validity and reliability requirements, indicating that they were appropriate for data collection. The multiple linear regression analysis generated the following regression equation: Y = 0.959 + 0.186X₁ + 0.510X₂ + 0.073X₃. The partial hypothesis testing revealed that motivation (X₁) did not significantly influence teacher performance (t = 0.929, p = 0.361 &gt; 0.05). Likewise, work ethic (X₃) had no significant effect on teacher performance (t = 0.492, p = 0.627 &gt; 0.05). In contrast, work discipline (X₂) had a positive and statistically significant effect on teacher performance (t = 2.954, p = 0.006 &lt; 0.05), with a regression coefficient of 0.510, indicating that work discipline was the most dominant predictor of teacher performance. Furthermore, the simultaneous hypothesis test demonstrated that motivation, work discipline, and work ethic collectively had a significant effect on teacher performance (F = 7.040, p = 0.001 &lt; 0.05). The coefficient of determination (R²) was 0.430, indicating that 43% of the variance in teacher performance could be explained by the three independent variables, whereas the remaining 57% was influenced by other factors not examined in this study, such as school facilities, leadership style, work environment, and educational policies.",Regression analysis; Linear regression; Reliability (semiconductor); Work ethic; Variance (accounting); Test (biology); Validity; Work (physics); Work performance,Jurnal Manajemen dan Pendidikan Agama Islam,2026,ETo_Software_Tools,Desktop / generic software,Unclassified,openalex
CHECK,no clear ET/irrigation signal in title/abstract,,,https://openalex.org/W4406265139,10.35870/jemensri.v9i3.3469,Apakah Etos Kerja Memediasi Pengaruh Pembinaan terhadap Keberhasilan Usaha Mustahik? Studi Empiris pada Penerima Zakat Produktif di Kota Banda Aceh,"Poverty remains a critical issue requiring strategic and effective solutions. In Aceh, ultra-micro entrepreneurs face significant challenges in obtaining business capital from financial institutions, often resorting to high-interest loans from moneylenders. The Baitul Mal Aceh addresses this problem through the productive zakat program as a tool for poverty alleviation. This study analyzes the impact of coaching and mentoring on the success of mustahik businesses, mediated by work ethic variables. A quantitative research approach was employed, targeting productive zakat recipients of ultra-micro business capital assistance in Baitul Mal Aceh. A sample of 100 respondents was selected, and data were collected using questionnaires. The analysis was conducted using the Partial Least Square (PLS) method with SmartPLS version 3 software. The results reveal: (1) Coaching significantly and positively influences mustahik business success; (2) Mentoring significantly and positively influences mustahik business success; (3) Coaching significantly and positively influences work ethic; (4) Mentoring significantly and positively influences work ethic; (5) Work ethic significantly and positively influences mustahik business success; (6) Coaching significantly and positively influences mustahik business success through work ethic as a mediating variable; (7) Mentoring significantly and positively influences mustahik business success through work ethic as a mediating variable. These findings provide actionable insights for Baitul Mal Aceh in developing economic empowerment programs for mustahik and encouraging them to enhance their work ethic for entrepreneurial success.",Political science,Jurnal Ekonomi Manajemen dan Sekretari,2024,ETo_Software_Tools,Desktop / generic software,Unclassified,openalex
CHECK,no clear ET/irrigation signal in title/abstract,,,https://openalex.org/W3159483757,10.31000/jmb.v10i1.4227,PENGARUH KOMPETENSI KEWIRAUSAHAAN DAN ETOS KERJA TERHADAP KINERJA PELAKU UMKM DI KOTA TANGERANG,"The purpose of this study was to determine the effect of entrepreneurial competence and work ethic partially and simultaneously (jointly) on the performance of UMKM players in Tangerang City, studying in Tanah Tinggi Central Market, Tangerang City. This study uses an associative method with a quantitative approach. Sampling as many as 52 people, with the Slovin method. Data collection techniques and tools are literature study, observation, and questionnaires or questionnaires. The data analysis technique used is descriptive analysis to determine the description of respondents' responses and data distribution, while inferential statistics are used for hypothesis testing. Data processing is assisted by Microsoft Excel and SPSS software version 25. The results of hypothesis testing show that: The contribution of competence and work ethic to the performance of UMKM players is 54.6%, while the remaining 45.4% is influenced by other variables not examined. The higher the competency value and work ethic at the same time at a certain value, then the high the competency value and work ethic value make the performance value of UMKM actors increase at a certain value as well. Hypothesis testing proves that there is a significant effect of entrepreneurial competence and work ethic partially or simultaneously (jointly) on the performance of UMKM players in the Main Market of Tangerang City. The most dominant influence on the performance of UMKM actors seen from the coefficient of determination is the entrepreneurial competence variable. A person who has a high work ethic and entrepreneurial competence will provide an increase in his performance as a business hammer.",Competence (human resources); Work ethic; Descriptive statistics; Data collection; Business administration; Psychology; Work (physics); Business; Social psychology; Sociology; Statistics; Mathematics; Social science; Engineering,JMB Jurnal Manajemen dan Bisnis,2021,ETo_Software_Tools,Desktop / generic software,Unclassified,openalex
CHECK,no clear ET/irrigation signal in title/abstract,,,https://openalex.org/W4410069738,10.63828/ijes.v1i1.12,"PENGARUH KEHANDALAN, ETOS KERJA DAN KEDISIPLINAN TERHADAP KINERJA PEGAWAI DINAS PENDAPATAN DAN PERIZINAN KABUPATEN POLEWALI MANDAR","This study aims to test and prove empirically: (1) Is the reliability influence on employee satisfaction; (2) Is the work ethic influence on employee satisfaction; and (3) Is the discipline influence on employee satisfaction; Theoretically, this research is expected to enrich and complement the knowledge in the field of human resource management so as to be useful to academics and practitioners.The type of research is explanatory research, population and sample in the study were 57 employees. The samples using total sampling technique, were analyzed by linear regression analysis with software SPSS 23. The results showed that (1) Reliability positive and significant effect on employee satisfaction, employee reliability is needed in order to service to the public in this instance, an employee of a reliable working of course due to the high level of job satisfaction that you have on this intansi; (2) The work ethic positive and significant effect on job satisfaction of employees, each employee in the agency has a spirit called work ethic, this spirit which is then transformed into an attitude, for example discipline, high motivation, love of creating satisfaction with his job. Work ethic looks good employee job satisfaction reflect the high employee-owned; (3) Disciplinary positive and significant effect on employee satisfaction, employee job satisfaction owned can be seen from the level of employee discipline in everyday life, when employees arrive on time and to discipline employees it can be said to have a good job satisfaction. Vice versa, the discipline of an employee who does not reflect its lack of job satisfaction.",Political science,Indonesian Journal Of Economy Studies,2022,ETo_Software_Tools,Desktop / generic software,Unclassified,openalex
CHECK,no clear ET/irrigation signal in title/abstract,,,https://openalex.org/W4416340881,10.55606/jimak.v5i1.5310,Pengaruh Self Efficacy dan Etos Kerja terhadap Kepuasan Kerja pada Guru SD di Kecamatan Ketanggungan Kabupaten Brebes,"This study aims to analyze the influence of self efficacy and work ethic on the job satisfaction of elementary school teachers in Ketanggungan District, Brebes Regency. Teacher job satisfaction is an important aspect in creating a productive and sustainable educational environment. The approach used in this study is a quantitative approach with an associative type of research. The research population was 418 elementary school teachers, and as many as 204 teachers were selected as samples through probability sampling techniques using the simple random sampling method. Data collection was carried out using standardized questionnaires, and data analysis was carried out using multiple linear regression with the help of SPSS software. The results of the study show that self-efficacy has a positive and significant effect on teacher job satisfaction. Teachers who have high confidence in their abilities tend to be more satisfied in carrying out their duties and responsibilities. In addition, work ethic has also been proven to have a positive and significant effect on job satisfaction. Teachers with a high work ethic show dedication, responsibility, and work ethic that have an impact on increasing job satisfaction. Simultaneously, these two variables make a significant contribution to the level of teacher job satisfaction. These findings indicate that strengthening self-efficacy and instilling a good work ethic is an important strategy in increasing the job satisfaction of educators. The practical implications of this research can be a reference for education policy makers in designing teacher professional development programs.",Job satisfaction; Data collection; Simple random sample; Work ethic; Population; Sample (material); Work (physics); Job performance,Jurnal Ilmiah Manajemen dan Kewirausahaan,2025,ETo_Software_Tools,Desktop / generic software,Unclassified,openalex
CHECK,no clear ET/irrigation signal in title/abstract,,,https://openalex.org/W4414661047,10.37481/jmeb.v5i3.1618,Pengaruh Karakteristik Individu terhadap Komitmen Organisasional yang Dimediasi Etos Kerja (Studi pada Pegawai PPPK Dinas Pendidikan Kabupaten Malang),"This study investigates the influence of individual characteristics on organizational commitment, with work ethic as a mediating variable, among Government Employees with Work Agreements (PPPK) at the Education Office of Malang Regency. Previous research has shown inconsistent findings regarding the direct relationship between personal traits and organizational commitment, highlighting a theoretical gap in understanding how individual factors contribute to employees’ dedication. Using a quantitative explanatory approach, data were collected from 58 PPPK employees through structured questionnaires and analyzed using Structural Equation Modeling with the SmartPLS 4.0 software. The findings reveal that individual characteristics have a positive but statistically insignificant effect on organizational commitment, suggesting that personal traits alone are not sufficient to determine employees’ commitment. However, individual characteristics significantly influence work ethic, and work ethic, in turn, has a strong and significant impact on organizational commitment. Furthermore, the analysis confirms that work ethic fully mediates the relationship between individual characteristics and organizational commitment. These results underscore the critical role of ethical behavior in translating individual attributes into meaningful organizational outcomes. The study contributes to the literature by demonstrating the indirect influence of individual traits through work ethic and offers practical recommendations for organizations to foster commitment by cultivating a strong ethical climate.",Organizational commitment; Structural equation modeling; Work ethic; Work (physics); Government (linguistics),AKADEMIK Jurnal Mahasiswa Ekonomi & Bisnis,2025,ETo_Software_Tools,Desktop / generic software,Unclassified,openalex
CHECK,ET signal + off-topic token (engineer-to-order (manufacturing)),,,2-s2.0-105015421042,10.1007/978-3-032-03542-4_30,Designing a Digital Twin Architecture for Resource Planning in ETO Shipyards: A Case-Informed Approach from the Norwegian Maritime Sector,"Engineer-to-Order (ETO) shipyards face persistent challenges in coordinating complex, high-variation production processes with late-stage customization and dynamic resource demands. Traditional planning tools often fall short in delivering the responsiveness, flexibility and transparency required for effective decision-making. This paper proposes a conceptual architecture for a digital twin system to support production planning and coordination in ETO shipbuilding. Grounded in a case study of a leading Norwegian shipyard, the system bridges high-level planning and real-time operational visibility through integration of sensor data, planning inputs, and 3D contextualization within a modular, cloud-based architecture. A set of four use cases, including spatial awareness and condition-based alerts, demonstrates how the system can enhance situational awareness, detect delays early, and support scenario-based planning. While full twin functionality is not yet realized, a functional digital shadow has been developed and validated with live sensor data. The design emphasizes transparency, scalability, and human-centric coordination, reflecting principles from both Industry 4.0 and 5.0. Rather than presenting implementation results, this paper shares outcomes from the initial design phase, including architectural alternatives and a hybrid integration strategy. The contribution lies in demonstrating how digital twins can be tailored to ETO shipyards, providing both a conceptual foundation and a roadmap for development.",Digital twin;Engineer-to-order;Ship building;Yard,IFIP Advances in Information and Communication Technology,2026,ETo_Software_Tools,Cloud / analytics platform,Unclassified,openalex;scopus
CHECK,ET signal + off-topic token (medicine/clinical),,,2-s2.0-85194727135,10.1111/bjh.19565,RUNX1::ETO and CBFβ::MYH11 converge on aberrant activation of BCAT1 to confer a therapeutic vulnerability in core-binding factor-acute myeloid leukaemia,"Effectively targeting transcription factors in therapeutic interventions remains challenging, especially in core-binding factor-acute myeloid leukaemia (CBF-AML) characterized by RUNX1::ETO and CBFβ::MYH11 fusions. However, recent studies have drawn attention towards aberrant amino acid metabolisms as actionable therapeutic targets. Here, by integrating the expression profile and genetic makeup in AML cohort, we found higher BCAT1 expression in CBF-AML patients compared with other subtypes. Metabolic profiling revealed that high BCAT1 expression led to reprogrammed branch amino acid metabolism in CBF-AML and was associated with sphingolipid pathway relating to the fitness of leukaemia cells, supported by transcriptomic profiling. Mechanistically, we demonstrated in cell lines and primary patient samples that BCAT1 was directly activated by RUNX1::ETO and CBFβ::MYH11 fusion proteins similarly in a RUNX1-dependent manner through rewiring chromatin conformation at the BCAT1 gene locus. Furthermore, BCAT1 inhibition resulted in blunted cell cycle, enhanced apoptosis and myeloid differentiation of CBF-AML cells in vitro, and alleviated leukaemia burden and prolonged survival in vivo. Importantly, pharmacological inhibition of BCAT1 using the specific inhibitor Gabapentin demonstrated therapeutic effects, as evidenced by delayed leukaemia progression and improved survival in vivo. In conclusion, our study uncovers BCAT1 as a genetic vulnerability and a promising targeted therapeutic opportunity for CBF-AML.",BCAT1;CBFβ::MYH11;core-binding factor-acute myeloid leukaemia;RUNX1::ETO,British Journal of Haematology,2024,ETo_Software_Tools,Other / unspecified,Unclassified,scopus
CHECK,no clear ET/irrigation signal in title/abstract,,,https://openalex.org/W4410469257,10.58578/arzusin.v5i3.5826,Pengaruh Human Relation dan Lingkungan Kerja terhadap Etos Kerja Dinas Energi dan Sumber Daya Mineral Provinsi Sumatera Barat,"Employee work ethic is one of the key factors in improving organizational performance, particularly in the government sector. However, low levels of enthusiasm and work motivation among employees can still be found, which may affect the achievement of organizational goals. This study aims to analyze the influence of human relation and work environment on employee work ethic at the Energy and Mineral Resources Office (Dinas Energi dan Sumber Daya Mineral or ESDM) of West Sumatra Province. A quantitative approach with a survey method was used. The population of the study consisted of all 62 employees of the ESDM Office, and total sampling was applied. The instrument used was a closed-ended questionnaire with a Likert scale, while the data analysis technique was multiple linear regression processed using SPSS software. The results show that the human relation variable has a positive and significant effect on employee work ethic, with a t-value of 3.827, greater than the t-table value of 1.67109, and a significance level of 0.000 &lt; 0.05. Similarly, the work environment variable also has a positive and significant effect, with a t-value of 2.148 &gt; t-table 1.67109 and a significance level of 0.036 &lt; 0.05. These findings indicate that improving the quality of interpersonal relationships among employees and creating a conducive work environment can significantly enhance work ethic. Therefore, both factors should be prioritized in human resource development strategies within government institutions.",Environmental science,ARZUSIN,2025,ETo_Software_Tools,Desktop / generic software,Unclassified,openalex
CHECK,ET signal + off-topic token (engineer-to-order (manufacturing)),,,https://openalex.org/W3098919463,10.31842/jurnal-inobis.v2i4.113,Analisis Kinerja Rantai Pasok dengan Metode SCOR dan Simulasi Sistem Diskrit: Studi Kasus Produk Engineer-to-Order (ETO) di PT. Boma Bisma Indra (Persero),"Analisis rantai pasok merupakan sebuah aktivitas menganalisa dan merancang ulang kondisi rantai pasok untuk mendapatkan hasil yang lebih optimal. Penelitian terkait analisis rantai pasok belum banyak membahas tentang perusahaan berjenis Engineer-to-Order (ETO), dimana tipe produk yang dihasilkan sangat spesifik menyesuaikan permintaan konsumen. Salah satu upaya untuk mengoptimalkan rantai pasok adalah dengan menilai kinerja perusahaan. Supply Chain Operation Reference (SCOR) merupakan suatu instrumen penilaian kinerja yang mendefinisikan setiap proses dalam rantai pasok dan mengelompokkan kinerja masing-masing proses dalam beberapa metrik. Peningkatan kinerja rantai pasok pada perusahaan ETO membutuhkan model yang komprehensif dan dinamis, sehingga dipilihlah metode simulasi sistem diskrit untuk menguji dan memvalidasi konfigurasi dan perbaikan berdasarkan metode SCOR. Penelitian ini menggunakan studi kasus perusahaan berjenis ETO dengan sample order produk tahun 2019 berupa particle filter. Berdasarkan pengukuran manajemen rantai pasok dengan metode SCOR diperoleh nilai akumulasi metrik kinerja Reliability berupa Perfect Order Fulfillment dan metrik kinerja Responsiveness berupa Order Fulfillment Cycle Time. Perbaikan dengan simulasi sistem diskrit menggunakan software ARENA cukup meningkatkan performa rantai pasok berupa perbaikan waktu siklus disertai penambahan tenaga kerja.&#x0D; &#x0D; Kata kunci: Kinerja, Rantai pasok, Simulasi sistem diskrit",Mathematics; Engineering,INOBIS Jurnal Inovasi Bisnis dan Manajemen Indonesia,2019,ETo_Software_Tools,Desktop / generic software,Non-deterministic,openalex
CHECK,no clear ET/irrigation signal in title/abstract,,,https://openalex.org/W7162757485,10.62710/ha533r26,Pengaruh Profesionalisme dan Etos Kerja terhadap Kinerja ASN melalui Komitmen pada Dinas Pendidikan Maluku Barat Daya,"This study aims to analyze the influence of professionalism and work ethic on the performance of Civil Servants (ASN), with commitment serving as a mediating variable at the Education and Culture Office of Southwest Maluku Regency. The study is motivated by the importance of improving ASN performance in public service institutions through strengthening professional attitudes, work ethic, and organizational commitment. The research employed a quantitative approach using the Partial Least Square (PLS) method with SmartPLS 3.0 software as the analytical tool. The sample consisted of 40 permanent ASN selected through purposive sampling techniques. The findings reveal that professionalism has a significant effect on commitment, although it does not directly influence ASN performance. Similarly, work ethic significantly affects commitment but does not directly affect ASN performance. Furthermore, commitment is proven to significantly mediate the relationship between professionalism and work ethic on ASN performance. These results indicate that improving professionalism and work ethic alone is insufficient to enhance ASN performance unless accompanied by strong organizational commitment. Therefore, commitment plays a strategic role in strengthening employee performance within government institutions and supporting the achievement of organizational goals effectively and sustainably.",Work ethic; Nonprobability sampling; Organizational commitment; Affect (linguistics); Government (linguistics); Organizational culture; Sample (material); Work (physics),Jurnal Ragam Pengabdian,2026,ETo_Software_Tools,Desktop / generic software,Unclassified,openalex
CHECK,ET signal + off-topic token (engineer-to-order (manufacturing)),,,2-s2.0-85081553468,10.1007/978-3-030-31154-4_44,Design Optimization: Tools and Methods for ETO Products,"The design of Engineer-To-Order products needs tools and methods for reducing time and cost during the phase of the quotation preparation. Modularization is one of the more applied design methods for ETO systems; however, it is necessary to integrate traditional tools with practices of design optimization to improve the development of a proposal. Even if commercial design tools for modeling specific types of engineering systems are available, the application of design optimization is still based on the use of tools not integrated with each level of the design phases. Moreover, these tools often require software customization. The integration of geometrical modeling, simulations, analysis, and optimization concerns the interaction between different tools. This paper describes an approach to support the Multi-Object Optimization related to the design of complex ETO systems with a focus on the oil & gas context. In this context, Genetic Algorithms and Constraint Satisfaction Problems are introduced as tools to support the design optimization of steel structures. The approach includes the employment of different and integrated tools throughout the design phases. This paper also shows a collection of tools to support the different levels for the design of different ETO products during the preparation of an offer related to proposal submission.",Design optimization;Design tools and methods;Engineered-To-Order;Oil & gas,Lecture Notes in Mechanical Engineering,2020,ETo_Software_Tools,Desktop / generic software,Non-deterministic,openalex;scopus
CHECK,no clear ET/irrigation signal in title/abstract,,,https://openalex.org/W4362586027,10.54371/jiip.v6i4.1851,Pengaruh Tingkat Pendidikan dan Pengalaman Kerja terhadap Etos Kerja Karyawan,"Sumber daya manusia (SDM) ialah faktor yang sangat berarti untuk memastikan keberhasilan perusahaan, sebab manusia ialah suatu makhluk yang memiliki pikiran, kebutuhan, perasaan, serta harapan tertentu. Di dalam sebuah perusahaan biasanya terdapat karyawan dengan latar belakang tingkat pendidikan yang berlainan dan pengetahuan yang berlainan, baik yang baru memulai dunia kerja ataupun yang telah berpengalaman kerja sebelumnya. Tujuan dari riset ini adalah dalam menelusuri pengaruh pengalaman kerja dan tingkat pendidikan pada etos kerja pegawai. Riset ini mempergunakan metode kuantitatif. Pada riset ini populasinya ialah semua pegawai PT. Nikkatsu Elektrik Works yang berjumlah 295 orang. Sampel pada riset ini dihitung dengan mempergunakan persamaan slovin dan hasilnya dengan jumlah 170 responden. Pengumpulan data mempergunakan kuesioner dan terlebih dahulu dilaksanakan uji coba reliabilitas dan validitas, pengujian asumsi klasik yang melingkupi pengujian normalitas, pengujian multikolinearitas, pengujian heterokedastisitas serta dilanjutkan dengan uji linearitas berganda, uji model F, koefisien determinasi dan uji hipotesis (Uji T) dengan bantuan software IBM SPSS. Temuan dari riset memperlihatkan bahwa tingkat pendidikan tidak mempengaruhi signifikan pada etos kerja dan pengalaman kerja mempengaruhi pada etos kerja.",Humanities; Mathematics; Art,JIIP - Jurnal Ilmiah Ilmu Pendidikan,2023,ETo_Software_Tools,Desktop / generic software,Unclassified,openalex
CHECK,no clear ET/irrigation signal in title/abstract,,,https://openalex.org/W4403516331,10.47134/pjase.v1i4.3015,Pengaruh Etos Kerja dan Disiplin Kerja Terhadap Kinerja Flight Coordinator dalam Mencapai On Time Performance (OTP) Maskapai Malaysia Airlines Di Pt. Jasa Angkasa Semesta Bandar Udara Internasional Soekarno Hatta Cengkareng,"Untuk menunjang ketepatan waktu dalam sebuah penerbangan dibutuhkan kinerja yang baik dari para petugas. Kinerja yang berkualitas memiliki dampak positif bagi perusahaan maupun penerbangan tersebut. Kinerja tersebut merujuk pada keberhasilan seseorang dalam menjalankan tanggung jawabnya. Kinerja yang baik tersebut dipengaruhi oleh beberapa faktor diantaranya etos kerja dan disiplin kerja. Adanya etos kerja dan disiplin kerja yang tinggi dapat menyelesaikan seluruh pekerjaan dengan cepat dan tepat. Penelitian ini menggunakan metode kuantitatif, peneliti menggumpulan data melalui penyebaran kuesioner serta pengumpulan dokumen lainnya. Data yang telah terkumpul kemudian diolah menggunkan software SPSS 26.0. Hasil penelitian menyimpulkan bahwa etos kerja secara parsial memiliki pengaruh signifikan terhadap kinerja flight coordinator dengan nilai signifikan sebesar 0,044&lt; 0,05 dan dinyatakan bahwa (Ha1) diterima.Sama halnya dengan disiplin kerja yang secara parsial memiliki pengaruh terhadap kinerja flight coordinator dengan nilai signifikan sebesar 0,014&lt; 0,05 dan dinyatakan (Ha2) diterima. Secara simultan etos kerja dan disiplin kerja berpengaruh signifikan terhadap kinerja flight coordinator, dengan nilai signfiikan sebesar 0,002&lt;0,05 dan dinyatakan (Ha3) diterima dan (Ho3) ditolak.",Business administration; Physics; Humanities; Mathematics; Business; Art,Indonesian Journal of Aviation Science and Engineering,2024,ETo_Software_Tools,Desktop / generic software,Unclassified,openalex
CHECK,no clear ET/irrigation signal in title/abstract,,,https://openalex.org/W4406407547,10.24967/dikombis.v3i1.3588,PENGARUH DISIPLIN KERJA DAN ETOS KERJA TERHADAP KINERJA PEGAWAI DI PT. BANK PEMBANGUNAN DAERAH LAMPUNG,"Tujuan dari Penelitian ini adalah untuk mengetahui pengaruh disiplin kerja dan etos kerja terhadap kinerja pegawai di PT. Bank Pembangunan Daerah Lampung. Penelitian ini menggunakan metode penelitian kuantitatif yaitu metode analisis dengan angka-angka yang dapat dihitung maupun diukur, dan dalam prosesnya menggunakan alat bantu statistik yang diolah menggunakan aplikasi software Statistical Product and Service Solution (SPSS) versi 21. Analisis yang digunakan adalah analisis regresi linier berganda yaitu analisis yang bertujuan untuk mengetahui ada tidaknya hubungan ketergantungan, dan arah hubungan ketergantungan antara dua atau lebih variabel bebas atau independen (X) dengan variabel terikat atau dependen (Y) apakah positif atau negatif. Penelitian ini menggunakan 89 responden. Berdasarkan hasil analisis data ditemukan terdapat pengaruh Disiplin Kerja dan Etos Kerja secara bersama-sama terhadap Kinerja pegawai di PT. Bank Pembangunan Daerah Lampung yang dibuktikan hasil perhitungan uji Fhitung memperoleh hasil 38.132 jauh lebih besar dari nilai Ftabel 3,087. Besarnya pengaruh Disiplin Kerja dan Etos Kerja secara bersama-sama terhadap Kinerja pegawai sebesar 78,4% dan sisanya sebesar 21,6% dipengaruhi oleh faktor lain diluar penelitian.",Business administration; Business,Dikombis Jurnal Dinamika Ekonomi Manajemen dan Bisnis,2024,ETo_Software_Tools,Desktop / generic software,Unclassified,openalex
CHECK,no clear ET/irrigation signal in title/abstract,,,https://openalex.org/W7125934064,10.31602/al-kalam.v13i1.20576,"PENGARUH KOMPETENSI, ETOS KERJA, DAN DISIPLIN KERJA TERHADAP KINERJA PEGAWAI DINAS PENGENDALIAN PENDUDUK, KELUARGA BERENCANA, PEMBERDAYAAN PEREMPUAN DAN PERLINDUNGAN ANAK KABUPATEN PASER","ABSTRACT. This study aims to analyze the influence of competence, work ethic, and work discipline on employee performance at the Department of Population Control, Family Planning, Women's Empowerment, and Child Protection of Paser Regency. The research method uses a quantitative approach with a saturated sampling technique on 63 employees as respondents. The data analysis technique uses multiple linear regression with the help of SPSS software. The results of the study indicate that simultaneously competence, work ethic, and work discipline have a significant effect on employee performance with a significance value of 0.000 &lt; 0.05. Partially, competence has a significant effect with a significance value of 0.023, work ethic has a significant effect with a significance value of 0.027, and work discipline has a significant effect with a significance value of 0.041. Competence is the most dominant variable affecting employee performance with a beta coefficient value of 0.449 (44.9%). This finding indicates that increasing competence, work ethic, and work discipline simultaneously can optimize employee performance in providing public services in the fields of population control, family planning, women's empowerment, and child protection.",Competence (human resources); Population; Value (mathematics); Work performance; Regression analysis; Significant difference; Work motivation; Data collection,Al-KALAM JURNAL KOMUNIKASI BISNIS DAN MANAJEMEN,2026,ETo_Software_Tools,Desktop / generic software,Unclassified,openalex
CHECK,no clear ET/irrigation signal in title/abstract,,,https://openalex.org/W4376855509,10.19109/yonetim.v5i2.15208,Pengaruh Etos Kerja Terhadap Kinerja Pegawai Pada Pegawai Kementerian Agama Provinsi Sumatera Selatan,"This research seeks to elaborate on the work ethic of employees in an institution and the impact it has on their performance. The purpose of this study was to determine the effect of work ethic on employee performance in the regional office of the Ministry of Religion, South Sumatra province. This research is a field research (field research) with a quantitative approach. Data collection and survey techniques were carried out by distributing questionnaires. Furthermore, sampling was carried out by using non-probability sampling technique; saturated sampling, which is a sampling technique that makes the entire population as a sample totaling 44 people. Data were analyzed by Instrument Test (Validity and Reliability Test), Simple linear regression analysis, Basic assumption test and Hypothesis Test (t test and Determination Coefficient Test) using SPSS version 23 software tools. The results showed that there was an effect of work ethic on performance employee. It is proven that the R Square value in the table is 0.114 which indicates that the Employee Performance variable (Y) is influenced by the Work Ethics variable (X) of 11.4% and the remaining 88.6% is influenced by other factors not examined such as motivation and others.",Data collection; Test (biology); Work ethic; Statistics; Population; Sampling (signal processing); Psychology; Christian ministry; Sample (material); Survey methodology; Mathematics; Work (physics); Engineering; Sociology; Political science; Demography; Biology; Physics; Law; Mechanical engineering,Yonetim Jurnal Manajemen Dakwah,2022,ETo_Software_Tools,Desktop / generic software,Unclassified,openalex
CHECK,no clear ET/irrigation signal in title/abstract,,,https://openalex.org/W4376625465,10.33373/jeq.v8i2.3818,"PENGARUH KOMUNIKASI, DISIPLIN KERJA, ETOS KERJA, DAN LINGKUNGAN KERJA FISIK TERHADAP KINERJA KARYAWAN PT. ESUN INTERNASIONAL UTAMA INDONESIA BATAM","Penelitian ini bertujuan untuk mengetahui pengaruh komunikasi, disiplin kerja, etos kerja, dan lingkungan kerja fisik baik secara parsial maupun simultan terhadap kinerja karyawan PT. Esun Internasional Utama Indonesia Batam. Jenis data yang digunakan adalah data kuantitatif. Teknik pengumpulan data menggunakan kuesioner. Pengolahan data menggunakan software SPSS 20. Populasi pada penelitian ini sejumlah 173 orang dengan pengambilan sampel menggunakan rumus slovin didapat 63 sampel. Hasil penelitian ini menunjukan bahwa: komunikasi berpengaruh negatif dan tidak signifikan dengan nilai t hitung -2,610 t tabel 1,671 dan sig. 0,083 0,05, disiplin kerja berpengaruh positif dan signifikan dengan nilai nilai t hitung 2,111 t tabel 1,671 dan sig. 0,038 0,05, etos kerja berpengaruh positif dan signifikan dengan nilai 3,382 t tabel 1,671 dan sig. 0,001 0,05, Lingkungan kerja fisik berpengaruh positif dan signifikan dengan nilai hitung 2,008 t tabel 1,671 dan sig. 0,049 0,05. Hasil uji F menunjukkan bahwa variabel Komunikasi, Disiplin Kerja, Etos Kerja dan Lingkungan Kerja Fisik secara simultan berpengaruh signifikan terhadap variabel Kinerja Karyawan dengan nilai sebesar Fhitung 9,104 Ftabel 2,53 dan nilai signifikan 0,000b 0,05.",Mathematics; Physics; Business administration; Business,EQUILIBIRIA Jurnal Fakultas Ekonomi,2021,ETo_Software_Tools,Desktop / generic software,Unclassified,openalex
CHECK,no clear ET/irrigation signal in title/abstract,,,https://openalex.org/W3189706597,10.37366/ekomabis.v2i02.220,Pengaruh Pendidikan dan Pelatihan terhadap Etos Kerja serta Implikasinya terhadap Kinerja,"Penelitian bertujuan mengetahui pengaruh pendidikan dan pelatihan terhadap etos kerja serta implikasinya terhadap kinerja karyawan. Objek penelitian adalah karyawan yang berada di Kabupaten Bekasi. Sampel penelitian sebanyak 100 karyawan sebagai responden yang mengisi kuesioner. Analisis menggunakan model perbandingan struktural (SEM) dengan program perangkat lunak Smart PLS. Hasilnya menunjukan bahwa pendidikan dan pelatihan berpengaruh terhadap etos kerja, serta etos kerja berpengaruh terhadap kinerja karyawan. Dengan pendidikan dan pelatihan yang optimal maka akan meningkatkan etos kerja sehingga kinerja karyawan pun semakin meningkat.&#x0D; This study aims to determine the effect of education and training on work ethic and its implications for employee performance. The object of research is employees who are in Bekasi Regency. The research sample was 100 employees as respondents who filled out the questionnaire. The analysis uses a structural comparison model (SEM) with the Smart PLS software program. The results show that education and training affect work ethic, and work ethic affects employee performance. With optimal education and training, it will improve work ethic so that employee performance will increase.",Business administration; Psychology; Work ethic; Work motivation; Work (physics); Business; Engineering; Mechanical engineering,EKOMABIS Jurnal Ekonomi Manajemen Bisnis,2021,ETo_Software_Tools,Desktop / generic software,Unclassified,openalex
CHECK,no clear ET/irrigation signal in title/abstract,,,https://openalex.org/W4296251301,10.32505/ihtiyath.v6i1.3912,"PENGARUH SOSIAL BUDAYA, LATAR BELAKANG PENDIDIKAN, PENGALAMAN KERJA, DAN MOTIVASI KERJA TERHADAP ETOS KERJA KARYAWAN BANK SYARIAH INDONESIA KCP TULUNGAGUNG SUDIRMAN","This study aims to determine the effect of the socio-cultural, educational background, work experience, and work motivation on the work ethic of employees of Bank Syariah Indonesia KCP Tulungagung Sudirman, both partially or simultaneously. This research method is a quantitative study, the research sample is all employees of Bank Syariah Indonesia KCP Tulungagung Sudirman, totaling 28 employees. The sampling technique used is non-probability sampling using a saturated sample technique, where all the population is sampled. Data collecting using a questionnaire that has been tested for validity and reliability. The data analysis method used multiple linear regression analysis using of SPSS 16.0 software. The results showed that partially socio-cultural had a positive and insignificant effect on work ethic, educational background had a negative and insignificant effect on work ethic, work experience had a positive and significant effect on work ethic, and work motivation had a positive and significant effect on work ethic. Meanwhile, it is simultaneously stated that socio-cultural, educational background, work experience, and work motivation simultaneously affect the work ethic of BSI KCP Tulungagung Sudirman employees.",Psychology; Sample (material); Work motivation; Work ethic; Business administration; Work (physics); Data collection; Social psychology; Applied psychology; Statistics; Mathematics; Engineering; Business,Ihtiyath Jurnal Manajemen Keuangan Syariah,2022,ETo_Software_Tools,Desktop / generic software,Unclassified,openalex
CHECK,no clear ET/irrigation signal in title/abstract,,,https://openalex.org/W2898688518,10.30742/equilibrium.v14i1.408,PENGARUH KEBIJAKAN PERUSAHAAN TERHADAP ETOS KERJA KARYAWAN DENGAN KOMPENSASI SEBAGAI VARIABEL INTERVENING (Studi Kasus Karyawan KAP Drs. Chandra Dwiyanto di Surabaya),"The existence of the theory of compensation from Dessler in the concept of factors that affect compensation are 3 factors: internal organization, personal employees and external companies. In this case the internal factor of the organization which includes the funds of the organization and the union, the union is an example of one company policy that can affect employee work ethic. If the company's policy of overtime, salary increases and holiday allowances (THR) in accordance with the provisions of the Workers Act, indirectly can improve employee performance spirit. Based on the compensation theory, this study tries to test the indirect relationship between company policy and employee work ethic by entering the compensation variable as intervening variable. The population of this research is all employees of Public Accountant Firm Chandra, amounting to 41 people. This research uses quantitative research method with Path Analysis analysis technique whose test is done with software SPSS 13.0 The result of the analysis concludes that compensation as intervening variable mediates to the influence of company policy on employee work ethic. Based on these results, the hypothesis of this study is evident",Business administration; Intervening variable; Compensation (psychology); Salary; Overtime; Business; Population; Path analysis (statistics); Management; Accounting; Psychology; Economics; Social psychology; Labour economics; Political science; Sociology; Law; Mathematics; Demography; Statistics,Equilibrium Jurnal Ekonomi-Manajemen-Akuntansi,2018,ETo_Software_Tools,Desktop / generic software,Unclassified,openalex
CHECK,no clear ET/irrigation signal in title/abstract,,,https://openalex.org/W4412998428,10.31004/riggs.v4i2.1912,Pengaruh Etos Kerja Islam Dan Upah Terhadap Loyalitas Pegawai Yayasan Pendidikan Pondok Pesantren Al Hasan Ciamis,"Penelitian ini bertujuan untuk mengetahui pengaruh etos kerja Islam dan upah terhadap loyalitas pegawai di Yayasan Pendidikan Pondok Pesantren Al Hasan Ciamis. Penelitian ini menggunakan pendekatan kuantitatif dengan metode deskriptif dan verifikatif. Sampel penelitian sebanyak 96 responden dipilih melalui teknik total sampling. Data diperoleh melalui kuesioner dan dianalisis menggunakan uji validitas, reliabilitas, asumsi klasik, regresi linier berganda, uji t, uji F, serta koefisien determinasi menggunakan bantuan software SPSS 25. Hasil penelitian menunjukkan bahwa secara parsial, etos kerja Islam berpengaruh positif dan signifikan terhadap loyalitas pegawai (nilai signifikansi 0,002 &lt; 0,05), begitu juga dengan upah (nilai signifikansi 0,017 &lt; 0,05). Secara simultan, kedua variabel tersebut juga berpengaruh signifikan dengan nilai Fhitung sebesar 18,042 &gt; Ftabel 3,09 dan signifikansi 0,000 &lt; 0,05. Nilai koefisien determinasi (R²) sebesar 0,280 menunjukkan bahwa 28% variasi loyalitas pegawai dijelaskan oleh etos kerja Islam dan upah, sedangkan sisanya 72% dipengaruhi oleh faktor lain yang tidak diteliti dalam penelitian ini. Kata Kunci: Etos Kerja Islam, Upah, Loyalitas Pegawai",Theology; Philosophy,RIGGS Journal of Artificial Intelligence and Digital Business,2025,ETo_Software_Tools,Desktop / generic software,Unclassified,openalex
CHECK,no clear ET/irrigation signal in title/abstract,,,https://openalex.org/W3042209614,10.29303/jseh.v6i1.68,Pengaruh Human Relation Dan Kondisi Lingkungan Terhadap Etos Kerja Karyawan Pada Kantor Unit Layanan Pengadaan (ULP) Woha,"The reason for this research is to know the role of profitability as an intervening variable in influencing liquidity and leverage on dividend policy. The population used is manufacturing companies in the industrial sector of goods and consumption listed on the Indonesia Stock Exchange in the period 2017 – 2020. The method used in determining the sample uses the purposive sampling method. It was obtained that 20 companies were observed for 4 years so the total observed data was 80. Using data analysis techniques, namely path analysis, outlier test, classical assumption test, hypothesis testing and , detection of mediating effect (Sobel test) with the help of tools SPSS data analysis software. The results of the study explain that liquidity and leverage have a positive and significant effect on profitability. Liquidity and Leverage have no effect on dividend policy, while profitability has a positive and significant effect on dividend policy. Profitability is able to mediate the effect of the relationship between Liquidity and Leverage on Dividend Policy through an indirect effect that is greater than the direct effect and is also evidenced by using the Sobel Test.",Sobel test; Market liquidity; Profitability index; Stock exchange; Leverage (statistics); Population; Econometrics; Dividend policy; Dividend; Intervening variable; Nonprobability sampling; Path analysis (statistics); Business; Economics; Statistics; Business administration; Mathematics; Monetary economics; Finance,JURNAL SOSIAL EKONOMI DAN HUMANIORA,2020,ETo_Software_Tools,Desktop / generic software,Unclassified,openalex
CHECK,ET signal + off-topic token (engineer-to-order (manufacturing)),,,2-s2.0-84982690159,10.1016/j.ijpe.2016.07.019,Tactical capacity planning in a real-world ETO industry case: A robust optimization approach,"Uncertainty has a significant impact on the stability and performance of engineering-to-order (ETO) production systems by affecting due date achievement, efficient resource allocation and the usage of nonregular working force. Proactive planning approaches consider information about uncertainty to protect the generated plans against future disruption. Likewise, this paper´s goal is to propose and apply a robust optimization model that addresses a tactical capacity planning problem by incorporating uncertainties regarding the duration of production processes. The model aims at solution robustness (or stability) and intends to enhance and support the decision-making process of a real-world ETO industrial setting. Monte Carlo simulation is employed to assess the simultaneous impact of multiple constraints on the robustness of the generated solutions. The computational results are adherent to the industry setting studied and show the effects of the conservatism level on the optimal values of the generated plans. To the best of our knowledge, this is the first robust optimization model for tactical capacity planning that explicitly addresses the ETO context.",Decision support system;Engineer-to-order;Mathematical modelling;Uncertainty,International Journal of Production Economics,2016,ETo_Software_Tools,Crop model / irrigation DSS,Non-deterministic,scopus
CHECK,ET signal + off-topic token (engineer-to-order (manufacturing)),,,2-s2.0-34547687748,10.1109/cscwd.2006.253006,Service-oriented infrastructure for collaborative product design in ETO enterprises,"Engineer-to-Order (ETO) products have some unique characteristics on their production process and supply chain models. These characteristics require that their design process should not only export product structure and production procedure information, but also consider other objectives, e.g., feasibility of production planning, cost, quality, service, etc. Different roles, including Customers, suppliers, and related departments in ETO enterprises, should be integrated closely for frequent collaborations by exchanging mass of data during design process. To address this issue, in this paper we introduce a web service based infrastructure for ETO product collaborative design, in which related product design systems, e.g., CAD, CAPP and PDM, and related business information systems, e.g., ERP, are all partially encapsulated as basic web services, and according to several primitive service interoperability patterns, these services are collaborated together to realize data and process integration with the aid of Enterprise Service Bus (ESB), consequently forms an integrated design ecosystem, to improve design efficiency for ETO products. © 2006 IEEE.",Collaborative design;CSCW;Engineering-to-order (ETO);Service-oriented computing,Proceedings 2006 10th International Conference on Computer Supported Cooperative Work in Design Cscwd 2006,2006,ETo_Software_Tools,Web tool / online / API,Unclassified,openalex;scopus
CHECK,no clear ET/irrigation signal in title/abstract,,,https://openalex.org/W3159724604,10.37481/sjr.v4i2.283,"PENGARUH ROTASI JABATAN, ETOS KERJA, DAN MOTIVASI KERJA TERHADAP KINERJA KARYAWAN PT KHARISMA SURYA SEMESTA","This research aims to provide empirical evidence for the impact of job rotation, professional ethics and work motivation on employee performance. The subjects of this study are employees working at PT. Kharisma Surya Semesta. The method used in this study is the use of survey and interview methods, as well as the method of distributing questionnaires (the sampling technique of this study uses census technique), which means that the interviewees used are all employees working at PT Kharisma Surya Semesta. Data collection was conducted from October 2020 to July 2020. The data analysis methods used in this study are descriptive analysis and verification analysis. The data processing in this study used structural equation modeling (SEM) analysis and the partial least squares (PLS) alternative method using Smart PLS 3.0 software. The research results provide empirical evidence that shows that job rotation, professional ethics and work motivation have an impact of 75,7% on employee performance. Further test results prove that job rotation, professional ethics and work motivation have a positive and significant impact on employee performance.",Psychology; Business administration; Work motivation; Structural equation modeling; Data collection; Work (physics); Mathematics; Statistics; Engineering; Business; Mechanical engineering,SCIENTIFIC JOURNAL OF REFLECTION Economic Accounting Management and Business,2021,ETo_Software_Tools,Desktop / generic software,Unclassified,openalex
CHECK,no clear ET/irrigation signal in title/abstract,,,https://openalex.org/W3004562623,10.2568/yum.v2i3.544,PENGARUH LOCUS OF CONTROL DAN BEBAN KERJA TERHADAP KINERJA PEGAWAI MELALUI ETOS KERJA PADA BADAN PENDAPATAN DAERAH PROVINSI SULAWESI SELATAN,"ABSTRAK Penelitian ini bertujuan untuk mengetahui dan menganalisis mengenai pengaruh secara langsung dan tidak langsung dari Locus Of Control , beban kerja terhadap kinerja pegawai melalui etos kerja, penelitian ini dilaksanakan pada kantor Badan Pendapatan Daerah (Bapenda) Provinsi Sulawesi Selatan, dengan sampel yang digunakan sebanyak 100. Alat analisis yang digunakan adalah analisis jalur dengan menggunakan software SPSS.21. Hasil penelitian ini menunjukkan bahwa secara langsung pengaruh locus of control terhadap etos kerja tidak berpengaruh signifikan, beban kerja terhadap etos kerja berpengaruh signifikan, locus of control terhadap kinerja pegawai tidak berpengaruh signifikan, beban kerja terhadap kinerja pegawai tidak berpengaruh signifikan dan etos kerja terhadap kinerja berpengaruh signifikan. Sedangkan untuk pengaruh tidak langusung ditemukan hasil bahwa locus of control terhadap kinerja pegawain melalui etos kerja tidak berpengaruh signifikan kemudian lingkungan beban kerja terhadap terhadap kinerja pegawai melalui etos kerja berpengaruh signifikan. Kata Kunci: Budaya Organisasi, Lingkungan Kerja, Motivasi, Etos Kerja.",Business administration; Psychology; Business,YUME : Journal of Management,2020,ETo_Software_Tools,Desktop / generic software,Unclassified,openalex
CHECK,no clear ET/irrigation signal in title/abstract,,,https://openalex.org/W4386257422,10.55598/jmk.v15i2.43060,"PENGARUH IKLIM ORGANISASI, ORGANIZATIONAL CITIZENSHIP BEHAVIOR (OCB) DAN ETOS KERJA TERHADAP KINERJA PEGAWAI (STUDI KASUS RSUD dr.H.L.M BAHARUDDIN, M.Kes Kab MUNA)","This study aims to (1) knowing influence organizational climate on employee performance staff at dr. H.L.M Baharuddin M.Kes, kab. Muna. (2) knowing the effect of organizational citizenship behavior (ocb) on the performance of employee at dr. H.L.M Baharuddin M.Kes, kab. Muna. (3) knowing the effect of work ethic on employee performance at dr. H.L.M Baharuddin M.Kes, kab. Muna. The objects in this study were nurses at dr. H.L.M Baharuddin M.Kes, Kab. Muna. However, the sampling method was purposive sampling using the slovin formula to obtain a sample of 71 nurses. Data collection methods in this study using questionnaires and documentation. Research data were analyzed using multiple linear regression through SPSS 25 Software. The results showed that (1) partially organizational climate has a significant positive effect on employee performance at dr. H.L.M Baharuddin M.Kes. (2) partially organizational citizenship behavior significant positive effect on employee performance at dr. H.L.M Baharuddin M.Kes. (3) partially work ethic significant positive effect on employee performance at dr. H.L.M Baharuddin M.Kes.",Organizational citizenship behavior; Nonprobability sampling; Psychology; Business administration; Citizenship; Data collection; Organisation climate; Management; Social psychology; Mathematics; Statistics; Sociology; Political science; Business; Demography; Organizational commitment; Population; Law,Jurnal Manajemen dan Kewirausahaan,2023,ETo_Software_Tools,Desktop / generic software,Unclassified,openalex
CHECK,no clear ET/irrigation signal in title/abstract,,,https://openalex.org/W7131357347,10.32815/jubis.v6i2.2713,Pengaruh Budaya Kerja Dan Etos Kerja Terhadap Kinerja Karyawan PT. Pelindo (Persero) Cabang Samarinda,"Abstract This study aims to examine and analyze the influence of work culture and work ethic on employee performance at PT. Pelindo (Persero) Samarinda Branch. Work culture and work ethic are two essential factors believed to contribute significantly to enhancing employee productivity and performance. This research employs a quantitative approach using a survey method, where data were collected through questionnaires distributed to permanent employees of PT. Pelindo (Persero) Samarinda Branch. The data were analyzed using multiple linear regression with the assistance of SPSS software. The results indicate that both work culture and work ethic have a positive and significant effect on employee performance, both partially and simultaneously. A strong organizational culture and a high level of work ethic have proven to improve employee performance outcomes. Based on these findings, the company is encouraged to continue strengthening the implementation of positive work culture values and fostering employee work ethic through training, coaching, and appropriate reward systems to sustainably enhance performance.",Work ethic; Work (physics); Work motivation; Organizational culture; Productivity; Work performance; Data collection,Jurnal Ekonomi Manajemen dan Bisnis,2025,ETo_Software_Tools,Desktop / generic software,Unclassified,openalex
CHECK,no clear ET/irrigation signal in title/abstract,,,https://openalex.org/W4379410283,10.38204/atrabis.v8i2.1125,Arti Penting Kualitas Kehidupan Kerja Dan Etos Kerja Terhadap Peningkatan Kinerja Karyawan,"Penelitian ini bertujuan untuk menganalisis ada atau tidak adanya pengaruh kualitas kehidupan kerja dan etos kerja terhadap kinerja karyawan pada Industri Hilir Teh PTPN VIII Bandung baik secara parsial maupun simultan, mengingat kinerja merupakan dasar pendorong yang berada di belakang seluruh keputusan organisasi; usaha kerja; dan alokasi sumber daya manusia; yang menjadi faktor penting dari sebuah organisasi di perusahaan tersebut. Subjek penelitian ini adalah karyawan perusahaan. Penelitian ini menggunakan analisis kualitatif dan kuantitatif, dengan metode analisis regresi linier berganda melalui aplikasi Software SPSS 25.0 for Windows, dan pengujian hipotesis; uji t dan uji f. Data primer dalam penelitian ini diperoleh dari hasil pernyataan (kuesioner) yang disebarkan kepada 84 responden perusahaan, sedangkan data sekunder diperoleh dari data karyawan perusahaan 2019. Hasil penelitian menunjukkan bahwa kualitas kehidupan kerja dan etos kerja berpengaruh signifikan terhadap kinerja karyawan secara parsial dan simultan pada perusahaan.",Humanities; Business administration; Business; Art,ATRABIS Jurnal Administrasi Bisnis (e-Journal),2022,ETo_Software_Tools,Desktop / generic software,Unclassified,openalex
CHECK,ET signal + off-topic token (engineer-to-order (manufacturing)),,,https://openalex.org/W4239935670,10.4018/978-1-7998-0945-6.ch045,Physical and Digital Integration Strategies of Electronic Device Supply Chains and Their Applicability to ETO Supply Chains,"The growth in the manufacture and distribution of electronic devices presents a source of continuing innovation. Electronic devices are products that integrate physical forms (i.e. hardware) and virtual forms (e.g. software) to deliver value to customers. These forms are very different from a product design and supply chain perspective, but nevertheless they need to work closely together in order to create value for the customers. For electronic device manufacturers, it is important that processes are in place to facilitate the seamless integration of both forms throughout the engineering, production, distribution and support stages of the product lifecycle. This chapter examines the role of physical and virtual supply chain innovation strategies in electronic device supply chains by exploring the commonalities and differences between the design, manufacturing, and distribution models of digital and physical elements. It also explores to what extent such strategies can be employed for engineer-to-order (ETO) supply chains.",Supply chain; Product (mathematics); Order (exchange); Manufacturing engineering; Electronics; Systems engineering; Software; Value chain; Engineering; Computer science; Business; Electrical engineering; Marketing,IGI Global eBooks,2019,ETo_Software_Tools,Desktop / generic software,Unclassified,openalex
CHECK,ET signal + off-topic token (engineer-to-order (manufacturing)),,,2-s2.0-105037450351,10.1109/atscm67505.2025.11473457,Early Warning System for Supplier Delays Using IoT-Calibrated Probabilistic Thresholds in Smart EtO Supply Chains,"In Smart Engineer-to-Order (EtO) supply chains, supplier delivery delays driven by high customization and uncertainty can significantly compromise production reliability. To address this challenge, this paper proposes a lightweight early warning system built on an IoT-calibrated log-normal lead time prediction model. The system employs a real-time probabilistic threshold mechanism that issues alerts when predicted lead times exceed critical limits. By dynamically adjusting forecasts with IoT-based deviation factors, the model continuously updates supplier risk profiles. Monte Carlo simulations across multiple variability scenarios demonstrate high sensitivity and accuracy in detecting potential delays. The findings show that integrating IoT-calibrated forecasting with probabilistic alerts provides an effective decision-support tool, enabling proactive risk mitigation and allowing supply chain managers to intervene early, adjust procurement or production plans, and enhance resilience in complex and dynamic EtO environments.",Early Warning System;Engineer-to-Order;IoT;Log-Normal Distribution;Monte Carlo Simulation;Risk Management;Smart Supply Chain;Supplier Lead Time,2025 IEEE International Conference on Advanced Technologies in Supply Chain Management Atscm 2025,2025,ETo_Software_Tools,Other / unspecified,Non-deterministic,scopus
CHECK,no clear ET/irrigation signal in title/abstract,,,https://openalex.org/W4410214208,10.32493/smk.v7i1.38542,Pengaruh Kompesasi Dan Etos Kerja Terhadap Kinerja Karyawan Pada Bake-A-Boo Cabang Kabupaten Tangerang,"Penelitian ini bertujuan untuk mengklarifikasi dampak penghargaan dan moral dari CABANGBAKEABOO di Tangerang, Indonesia. Responden survei adalah 60 karyawan CABANGBAKEABOO di Provinsi Tangerang. Software SPSS versi 23.0 digunakan untuk analisis dalampenelitian ini. Metode penelitian yang digunakan adalah kuantitatif dan berdasarkan hasil kuesioneryang disebarkan kepada sampel sebanyak 60 responden dari BAKEABOO cabang ProvinsiTangerang. Metode analisis yang digunakan untuk analisis adalah uji instrumental seperti ujivaliditas dan reliabilitas, analisis data kuantitatif, dan uji hipotesis klasik. Hasil penelitianmenunjukkan bahwa variabel gaji tidak berpengaruh signifikan terhadap kinerja pegawai diKABUPATEN BAKEABOO TANGERANG, dibuktikan dengan uji t (sub-tes) untuk t-hitung &lt; t&gt; 0,05. 1,050 0,05. PadaCABANG BAKEABOO KABUPATEN TANGERANG, perubahan moralmemiliki pengaruh yang signifikan terhadap kinerja pegawai. dan signifikan 3,16 dan signifikan0,025 dan &lt;;0,05Kata Kunci: Kompensasi, Etos Kerja, Kinerja Karyawan.",Business administration; Business,JURNAL SeMaRaK,2024,ETo_Software_Tools,Desktop / generic software,Unclassified,openalex
CHECK,ET signal + off-topic token (engineer-to-order (manufacturing)),,,2-s2.0-85090173811,10.1007/978-3-030-57997-5_62,Using the Smartphone as an Augmented Reality Device in ETO Industry,"Industrial Augmented Reality (IAR) has proven its potential in ETO industry by improving productivity and acting as a key technology for consistent digital information flows. In order to leverage these potentials on a significant scale, broad distribution of IAR inside a company should be aimed for. However, most applications have not yet overcome a prototype state and failed to make the step into production. Primary limiting factors are inadequate device availability and acceptance of current IAR solutions, which focus on smart glasses and tablet devices. The aim of this paper is to examine whether smartphones have the potential to serve as a platform for IAR in ETO industry. First the user interface of an existing tablet IAR prototype is adapted to a smartphone in order to later evaluate user experience. Hence a survey to assess worker preferences between tablet and smartphone devices for common IAR supported tasks is developed. The survey design is tested on a group of workers from ETO industry.",Engineer-to-order (ETO);Industrial Augmented Reality (IAR);Mobile devices;User experience,IFIP Advances in Information and Communication Technology,2020,ETo_Software_Tools,Other / unspecified,Unclassified,openalex;scopus
CHECK,no clear ET/irrigation signal in title/abstract,,,https://openalex.org/W4414923545,10.58222/jurekma.v1i2.150,"ANALISA PENGARUH ETOS KERJA, KONFLIK KERJA DAN KOMPENSASI TERHADAP PRODUKTIVITAS KERJA PADA PT. MBI","This study aims to determine the influence of work ethic, work conflict and compensation on employee work productivity of distribution employees. The independent variables in this study are work ethic (X1), work conflict (X2), compensation (X3) and the dependent variable in this study is work productivity (Y). The population in this study were employees at the PT. Mega Bahtera Indonesia with a sample size of 31 people. This research uses quantitative research methods. The data analysis using SPSS vers 22 software and methods used is a data quality test consisting of a validity test and a realibility test, the classical assumption test consisting of a normality test, multicollinearity test, heteroscedasticity test and autocorrelation test, multiple liniear regression analysis, T test and F test and un coefficient of determination.The result show that work ethic has a significant positive effect, work conflict has a significant negative effect and conpensation has a significant positive effect.",Multicollinearity; Normality test; Heteroscedasticity; Test (biology); Population; F-test; Work (physics); Normality; Sample (material),JURNAL EKONOMI AKUNTANSI MANAJEMEN AGRIBISNIS,2023,ETo_Software_Tools,Desktop / generic software,Unclassified,openalex
CHECK,no clear ET/irrigation signal in title/abstract,,,https://openalex.org/W4206970311,10.23887/bjm.v7i2.35420,Analisis Pengaruh Gaya Kepemimpinan Dan Etos Kerja Terhadap Kinerja Karyawan Melalui Motivasi Sebagai Variabel Intervening,"This study aims to determine the effect of Leadership Style and Work Ethic on Employee Performance of the Tanimbar Islands District Regional Development Planning Agency with motivation as an intervening variable. The object of this research is all permanent employees of BAPPEDA Tanimbar Islands Regency as many as 50 people. The data collection method in this study was carried out by means of a questionnaire (questionnaire), data analysis method in this study is Partial Least Square (PLS) using the SmartPLS 3.2.8 software. The results of this study are. Leadership style has no significant effect on performance but has a significant effect on motivation. Work ethic has a significant effect on performance, but does not significantly influence motivation. Motivation has no significant effect on performance, Leadership Style does not have a significant effect on performance through motivation and Work Ethic does not have a significant effect on performance through motivation.",Psychology; Work motivation; Data collection; Business administration; Social psychology; Work ethic; Intervening variable; Leadership style; Work (physics); Applied psychology; Statistics; Mathematics; Sociology; Business; Demography; Engineering,Bisma: Jurnal Manajemen/Bisma,2021,ETo_Software_Tools,Desktop / generic software,Unclassified,openalex
CHECK,ET signal + off-topic token (electronics/materials),,,2-s2.0-85090031665,10.1016/j.envsoft.2020.104845,Open-source Google Earth Engine 30-m evapotranspiration rates retrieval: The SEBALIGEE system,"In this study, an open-source Google Earth Engine-based (GEE) system is proposed, surnamed SEBALIGEE, based on the Surface Energy Balance for Land – Improved (SEBALI) model. SEBALIGEE has the ability to produce monthly EvapoTranspiration (ET) assessments with an automatic fetching of the required inputs, based on satellite datasets already hosted within the GEE platform. Calibrations followed by validations were made in five different countries (i.e. United States, China, Italy, Germany, and Belgium) between 2013 and 2017. It was followed by the application of the SEBALIGEE over a 307 000 km<sup>2</sup> in the plain region in the State of California, United States, between 2017 and 2019. As an average in these selected years, aquaculture appeared to be consuming the largest amount of water with 1109.72 ± 215.07 mm/year. The proposed open-source system aims at improving the assessment of ET and water productivity towards better management of water resources.",Farm-scale;Google Earth Engine;Open-source;SEBALI;Water productivity,Environmental Modelling and Software,2020,ETo_Software_Tools,Remote-sensing / energy-balance model,Deterministic,openalex;scopus
CHECK,no clear ET/irrigation signal in title/abstract,,,2-s2.0-105027395991,10.1049/icp.2025.2975,DIFFERENTIATING MONITORING APPROACHES FOR ENGINEERED-TO-ORDER (EtO) AND CONFIGURE-TO-ORDER (CtO) ASSETS,"Industrial asset monitoring depends on AI (Artificial Intelligence) driven analytics to enhance performance; however, approaches differ according to asset complexity, data availability, and operational context. This paper explores decision-support strategies for monitoring engineered-to-order (EtO) and configure-to-order (CtO) assets, comparing predictive analytics strategies, insight generation, and return on investment (ROI). Analysing two real-world cases, we illustrate how AI-powered diagnostics, operational variability, and system integration impact decision-making and action-taking. The findings emphasise AI’s potential role in improving asset resilience, optimising maintenance strategies, and supporting data-driven decision-making within industrial ecosystems, with ramifications for interoperability, efficiency, and business model innovation.",ASSET MONITORING;CONDITION MONITORING;CONFIGURE-TO-ORDER;ENGINEERED-TO-ORDER;OPERATIONAL TECHNOLOGY,Iet Conference Proceedings,2025,ETo_Software_Tools,Other / unspecified,Unclassified,scopus
CHECK,no clear ET/irrigation signal in title/abstract,,,https://openalex.org/W4407148724,10.71326/jmb.v1i2.45,Etos Kerja dalam Kinerja Karyawan Generasi Z di Daerah Khusus  Ibukota Jakarta,"The study aims to explore work ethic on employee performance in generation Z in the Special Capital Region of Jakarta. SPSS for Windows version 24 as software to analyse the sample data in this study. The data used in the study is a work ethic scale with a population and sample of 100 people with a birth period of 1995 to 2015. The method applied is simple linear regression through partial (t) test with the independent variable, namely work ethic and the dependent variable, namely employee performance. The study results show that work ethic cannot affect the improvement of the performance of generation Z employees in the Special Capital Region of Jakarta and work ethic on employee performance in generation Z in the Special Capital Region of Jakarta has a negative effect and is normally distributed",Humanities; Medicine; Philosophy,Journal of Management Branding,2024,ETo_Software_Tools,Desktop / generic software,Unclassified,openalex
CHECK,no clear ET/irrigation signal in title/abstract,,,https://openalex.org/W4401500488,10.37481/jmh.v4i2.892,Pengaruh Karakteristik Individu dan Komunikasi Internal terhadap Etos Kerja,"This research aims to examine the influence of individual characteristics and internal communication on work ethic. The population in this study were teachers at SMAN 04 South Tangerang City. The number of samples in this research was 60 teachers. The type of data in this research is primary data with data collection using a questionnaire. The data analysis method used is correlation analysis and multiple linear regression using SPSS version 20 software. This research shows that individual characteristics and internal communication together have a positive effect on work ethic, individual characteristics have a positive and significant effect on work ethic and communication. Internals have a positive effect on work ethic.",Psychology,AKADEMIK Jurnal Mahasiswa Humanis,2024,ETo_Software_Tools,Desktop / generic software,Unclassified,openalex
CHECK,ET signal + off-topic token (medicine/clinical),,,https://openalex.org/W3334796,10.1016/0735-6757(88)90198-2,"Adaptation of SEBAL for estimating groundnuts evapotranspiration, in Cyprus","Pericardial tamponade persists as a diagnostic challenge to the clinician. The immediate diagnosis is particularly difficult when the patient is well compensated hemodynamically. In contrast to the deceptively stable appearance, the patient is at increased risk due to delayed onset, recognition, and therapy. A case of penetrating thoracic trauma is presented in which the concern about pericardial tamponade was considerable. However, the elements of clinical assessment were inconclusive. Two-dimensional echocardiography was employed in the emergency department to detect a pericardial effusion and thus avoid delayed management. Pericardial tamponade and associated vascular injuries were confirmed at surgery.",Evapotranspiration; Remote sensing; Environmental science; Irrigation; Elevation (ballistics); Lysimeter; Irrigation management; Satellite; Ground truth; Water balance; Soil water; Geography; Agronomy; Computer science; Mathematics; Soil science; Ecology; Geology,The American Journal of Emergency Medicine,2012,ETo_Software_Tools,Remote-sensing / energy-balance model,Deterministic,openalex
CHECK,no clear ET/irrigation signal in title/abstract,,,https://openalex.org/W4415505541,10.35870/jemsi.v11i5.4530,"Peningkatan Kinerja Karyawan Melalui Keterikatan Karyawan, OCB dan Etos Kerja Pada Karyawan PT. Maxistayl Indonesia","The textile industry is a sector that contributes significantly to Indonesia's economic growth, but faces challenges in maintaining employee performance. This study aims to analyze the influence of employee engagement, OCB, and work ethic on employee performance at PT. Maxistayl Indonesia. A quantitative approach was used in collecting data through an online questionnaire. A sample of 100 respondents was selected using a simple random sampling method, and the data were analyzed using SmartPLS 3.0 software in the PLS-SEM model. From the data processing, it was found that all constructs in this study have demonstrated strong convergent validity, reflected in the AVE value exceeding the threshold of 0.50.",Sample (material); Work ethic; Data collection; Simple random sample; Work (physics); Value (mathematics),JEMSI (Jurnal Ekonomi Manajemen dan Akuntansi),2025,ETo_Software_Tools,Desktop / generic software,Unclassified,openalex
CHECK,no clear ET/irrigation signal in title/abstract,,,https://openalex.org/W4317608109,10.1007/s40010-023-00809-z,FAT-ETO: Fuzzy-AHP-TOPSIS-Based Efficient Task Offloading Algorithm for Scientific Workflows in Heterogeneous Fog–Cloud Environment,,Cloud computing; Computer science; Analytic hierarchy process; TOPSIS; Workflow; Multiple-criteria decision analysis; Task (project management); Fuzzy logic; Ideal solution; Data mining; Distributed computing; Algorithm; Operations research; Artificial intelligence; Database; Systems engineering; Engineering,Proceedings of the National Academy of Sciences India Section A Physical Sciences,2023,ETo_Software_Tools,Other / unspecified,Non-deterministic,openalex
CHECK,no clear ET/irrigation signal in title/abstract,,,https://openalex.org/W4285216969,10.2139/ssrn.4125397,Cad/Pdm-Erp Integration in Eto-Based Manufacturing,,CAD; Manufacturing engineering; Computer science; Engineering; Engineering drawing; Industrial engineering; Software engineering,SSRN Electronic Journal,2022,ETo_Software_Tools,Desktop / generic software,Unclassified,openalex
CHECK,no clear ET/irrigation signal in title/abstract,,,https://openalex.org/W3108852448,,"Pengaruh Etika Kerja, Etika Bisnis Dan Etos Kerja Terhadap Persaingan Entrepreneur Pada Organisasi Perkumpulan Perempuan Wirausaha Indonesia Dewan Pimpinan Cabang Kabupaten Banyuwangi","Work ethics as a critical and rationalist reflection on moral values ​​and norms in determining attitudes and behavior of human life, as well as business ethics values ​​that will encourage values ​​of goodness, and actualized morality in human behavior, as well as work ethic values ​​that promote the totality of personality. someone in encouraging himself to act and achieve good deeds so that the relationship between humans can be well established, in social and economic behavior in running his business which does not rule out competition between entrepreneurs with one another. This study aims to examine empirically the variables in the research that have been formulated in the formulation of the problem, namely whether work ethics, business ethics and work ethics have a significant effect on thecompetition of entrepreneurial members female entrepreneurialof DPC Banyuwangi, simultaneously and partially. This research is in the form of quantitative explanatory research to analyze the effect of work ethics, business ethics and work ethics oncompetition entrepreneurial, using a survey method. Sampling using sampling techniques nonprobability Sampling withtechnique sampling the most appropriateis saturated sampling pursuant to which all members of the DPC Banyuwangi women entrepreneurs numbering as many as 49 people. Multiple linear regression analysis tools, with the help of Statistical Package for the Sciences (SPSS) software version 22.
The results of the analysis show that work ethic variables have a significant effect oncompetition entrepreneurial, with (Standardized Coefficients) 0.092. The variable of business ethics has a significant effect oncompetition entrepreneurial, with (Standardized Coefficients) 0.081. Work ethic variable has a significant effect oncompetition entrepreneur, with (Standardized Coefficients) 0.864. Meanwhile, (Simultaneously) work ethics, business ethics and work ethic variables have a significant effect oncompetition entrepreneurial with a calculated F value of 724.101 ≥ F table 3.20 and a significance of 0.000 ≤ 0.05. Then to test R2 (coefficient of determination) amounted to 0,990, or 99%, while the remaining 1% is influenced by other variables not examined by the authors in this study.                                       
Etika kerja sebagai refleksi kritis dan rasionalis mengenai nilai moral dan norma dalam menentukan sikap dan perilaku hidup manusia, sekaligus nilai etika bisnis yang akan mendorong nilai-nilai kebaikan, dan moralitas yang diaktualisasikan dalam perilaku manusia, begitu juga nilai etos kerja yang mengedepankan totalitas kepribadian seseorang dalam mendorong dirinya untuk bertindak dan meraih amal kebajikan sehingga hubungan antara manusia dapat terjalin dengan baik baik, dalam perilaku sosial dan ekonomi dalam menjalankan usahanya yang tidak menutup kemungkinan akan terjadinya persaingan antara entrepreneur satu dengan yang lainnya. Penelitian ini bertujuan untuk mengkaji secara empiris variabel-variabel dalam penelitian yang telah dirumuskan dalam rumusan masalah yaitu apakah etika kerja, etika bisnis dan etos kerja berpengaruh signifikan terhadap persaingan entrepreneur anggota wirausaha perempuan DPC Banyuwangi, secara simultan dan parsial. Penelitian berbentuk kuantitatif explanatory research untuk menganalisis pengaruh etika kerja, etika bisnis dan etos kerja terhadap persaingan enterpreneur, dengan metode survei. Pengambilan sampel menggunakan tekhnik sampling Nonprobability Sampling dengan teknik sampling yang paling cocok adalah sampling jenuh yaitu seluruh anggota wirausaha perempuan DPC Banyuwangi yang berjumlah sebanyak 49 orang. Alat analisis regresi linier berganda, dengan bantuan software Statistical Package for the Sciences (SPSS) versi 22.
Hasil analisis menunjukkan variabel etika kerja berpengaruh signifikan terhadap persaingan entrepreneur, dengan (Standardized Coefficients) 0,092. Variabel etika bisnis berpengaruh signifikan terhadap persaingan entrepreneur, dengan (Standardized Coefficients) 0,081. Variabel etos kerja berpengaruh signifikan terhadap persaingan entrepreneur, dengan (Standardized Coefficients) 0,864. Sedangkan (Simultan) variabel etika kerja, etika bisnis dan etos kerja berpengaruh signifikan terhadap persaingan entrepreneur dengan nilai F hitung sebesar 724,101 ≥ F tabel 3,20 dan Signifikansi 0,000 ≤ 0,05. Kemudian untuk uji R2 (koefisien determinasi) sebesar 0,990 atau 99%, sedangkan sisanya sebesar 1% dipengaruhi oleh variabel lain yang tidak diteliti oleh penulis dalam penelitian ini",Work ethic; Nonprobability sampling; Business ethics; Work (physics); Morality; Personality; Business administration; Sociology; Social psychology; Psychology; Management; Business; Political science; Law; Economics; Engineering; Population,,2020,ETo_Software_Tools,Desktop / generic software,Unclassified,openalex
CHECK,no clear ET/irrigation signal in title/abstract,,,https://openalex.org/W2560766369,,Pengaruh etos kerja Islam terhadap kualitas kerja karyawan melalui kinerja: Studi pada Kantor Badan Narkotika Nasional Kota Malang,"INDONESIA:&#13;\n&#13;\nAkhir-akhir ini etos kerja islam jadi topik utama dalam dunia kerja karena mampu memberikan kontribusi besar terhadap individu dalam melakukan pekerjaan. Bekerja tidak hanya sekedar melaksanakan sebuah kewajiban ataupun gaji yang tinggi akan tetapi lebih dari itu, bekerja adalah ibadah kepada yang maha kuasa dan juga amanah. Nilai-nilai ini akan membantu meningkatkan kinerja individu dalam melaksanakan aktifitas dan tugasnya. Selain itu, dalam konteks organisasi, nilai etos kerja islam juga mendorong terciptanya nilai budaya organisasi yang positif dan bermakna. Sehingga secara tidak langsung, implikasinya adalah pada peningkatan kinerja individu dan organisasi.&#13;\n&#13;\nPenelitian dilakukan di kantor BNN Kota Malang. Tujuan penelitian ini adalah untuk menguji dan menganalisis pengaruh etos kerja islam terhadap kualitas kerja karyawan secara langsung, menguji dan menganalisis pengaruh etos kerja islam terhadap kualitas kerja karyawan melalui kinerja sebagai variabel intervening(perantara). Variabel yang digunakan adalah etos kerja islam sebagai variabel independen, kinerja sebagai variabel intervening, dan kualitas kerja karyawan sebagai variabel dependen. Sampel yang digunakan adalah seluruh karyawan kantor BNN Kota Malang sebanyak 33 responden (33 karyawan) dengan menggunakan metode non probability sampling yaitu dengan sampling jenuh (sensus). Metode pengumpulan data yang digunakan adalah kuesioner (angket). Analisis yang digunakan meliputi uji validitas, uji reliabilitas, analisis regresi linier dan intervening menggunakan analisi jalur (Path Analysis) dengan bantuan software SPSS 16.0 for windows.&#13;\n&#13;\nHasil penelitian menunjukkan bahwa etos kerja islam berpengaruh signifikan terhadap kualitas kerja karyawan sebesar 0.588 secara langsung. Dan juga, eos kerja islam berpengaruh terhadap kualitas kerja karyawan apabila melalui kinerja sebagai variabel intervening karena signifkansinya sebesar 0,000. Sehingga dapat disimpulkan bahwa etos kerja islam berpengaruh pada kualitas kerja karyawan secara langsung melalui variabel kinerja.&#13;\n&#13;\nENGLISH:&#13;\n&#13;\nLately Islamic work ethic so the main topics in the world of work because it can make a major contribution to the individual to do the job. Working not only carrying out a duty or a high salary but more than that, work is worship to the almighty and also trustworthy. These values will help improve the performance of individuals in carrying out the activities and duties. Moreover, in the organization context, the value of the work ethic of Islam also encourages the creation of a positive organizational culture that values and meaningful. Thus indirectly, the implication is on improving individual and organizational performance.&#13;\n&#13;\nThe study was conducted in BNN office Malang. The purpose of this study is to examine and analyze the influence of Islam on the quality of the work ethic of employees directly, test and analyze the influence of Islam on the quality of the work ethic of employees through performance as an intervening variable (intermediate). Variable used is the work ethic of Islam as an independent variable, performance as an intervening variable, and the quality of employment as the dependent variable. The samples used were all employees of the BNN office Malang total of 33 respondents (33 employees) using a non-probability sampling method that is saturated with sampling (census). Data collection method used was a questionnaire. The include analysis used test validity, reliability testing, and linear regression analysis using the intervening path analysis with the help of software SPSS 16.0 for Windows.&#13;\n&#13;\nThe results showed that the Islamic work ethic significant effect on the quality of employee work directly for 0.588. And also, ethic Islamic work affects the quality of employee performance through because if the significance of 0.000. It can be concluded that the work ethic of Islam affect the quality of employees directly through performance variables.",Business administration; Psychology; Humanities; Business; Philosophy,eTheses of Maulana Malik Ibrahim State Islamic University (Maulana Malik Ibrahim State Islamic University),2014,ETo_Software_Tools,Desktop / generic software,Unclassified,openalex
CHECK,no clear ET/irrigation signal in title/abstract,,,https://openalex.org/W7136094662,,Pengaruh Pelatihan dan Work-Life Balance terhadap Kinerja Pegawai Melalui Komitmen Afektif dan Etos Kerja pada Dinas Kependudukan dan Pencatatan Sipil Kabupaten Malaka,"The thesis entitled “The Effect of Training and Work-Life Balance on Employee Performance through Affective Commitment and Work Ethic at the Malaka Regency Population and Civil Registration Office” was written by Fitriana Seuk Berek, Student ID: 811231006, under the supervision of Dr. M. E. Perseveranda, SE, M.Si as Primary Supervisor and Dr. Yolinda Yanti Sonbay, SE, M.Sc as Secondary Supervisor. Employee performance is an important factor in the implementation of public services, making the improvement of human resource quality a top priority for organizations. This research is motivated by the importance of training and worklife balance in enhancing performance, as well as the role of affective commitment and work ethic as mediating variables. The objectives of this study are: (1) To describe employees’ perceptions regarding employee performance, training, work-life balance, affective commitment, and work ethic; (2) To determine the significance of the effect of training on employee performance; (3) to determine the significance of the effect of work-life balance on employee performance; (4) to determine the significance of the effect of affective commitment on employee performance; (5) to determine the significance of the effect of work ethic on employee performance; (6) to determine the significance of the effect of training on employee performance through affective commitment; and (7) to determine the significance of the effect of work-life balance on employee performance through work ethic. The research population consists of all employees of the Malaka Regency Population and Civil Registration Office, totaling 31, with the research sample determined using the census method. The data used are primary data through questionnaires and secondary data in the form of supporting agency documents. Data analysis was conducted using the Partial Least Square–Structural Equation Modeling (PLS-SEM) method with the assistance of SmartPLS software. The research results indicate that training, work-life balance, and affective commitment significantly influence employee performance, whereas work ethic does not have a significant effect. Affective commitment is proven to significantly mediate the effect of training on performance, while work ethic does not mediate the effect of work-life balance on performance. These findings confirm that improving employee performance is more effectively achieved through optimizing training programs and strengthening affective commitment rather than through work ethic or work-life balance alone. The suggested recommendation is that the Malaka Regency Civil Registry Office should enhance the quality and intensity of training tailored to employees' needs, as well as build emotional bonds and loyalty of employees to the organization. Attention to work-life balance and work ethic is still necessary, but not as primary factors in improving performance, rather as supporting factors.",Population; Organizational commitment; Statistical significance; Human resources; Balance (ability); Work (physics); Affect (linguistics); Human resource management,Repository Universitas Katolik Widya Mandira (Universitas Katolik Widya Mandala),2025,ETo_Software_Tools,Desktop / generic software,Unclassified,openalex
CHECK,no clear ET/irrigation signal in title/abstract,,,https://openalex.org/W201940464,,"Pengaruh Etos Kerja, Kepuasan Kerja Dan Motivasi Berprestasi Terhadap Kinerja Pegawai Instalasi Pengolahan Air PDAM Tirtanadi Provinsi Sumatera Utara","Water Treatment Plant PDAM Tirtanadi North Sumatra Province function to process the raw water into drinking water prepared through water treatment processes in accordance with the Regulation of the Minister of Health. To achieve the goals set by the company must be accompanied by a good performance as well. Water Treatment Plant PDAM Tirtanadi North Sumatra province employee performance is not optimal, is visible from the specified quality objectives not yet achieved such a targeted company. There are several factors that affect the performance of these employees, among others, work ethic, job satisfaction, and achievement motivation. Some employees still lack the discipline to run the rules and operating procedures established by the company. Employees less willing to work hard, and even less honest in reporting the results of his work. Employee complaints who feel less satisfied because of the lack of attention and appreciation from the head of the installation of the performance achieved. Lack of morale and lack of willingness of some employees to improve the quality and performance. Formulation of the problem in this research is: How does the work ethic, job satisfaction, and achievement motivation to employee performance Water Treatment Plant PDAM Tirtanadi North Sumatra Province, and how the influence of incentives and work environment on employee job satisfaction Water Treatment Plant PDAM Tirtanadi North Sumatra Province. The theory used in this study was the theories of Human Resource Management, which deals about work ethic, job satisfaction, achievement motivation and performance. This research was conducted using a survey approach. This research is descriptive quantitative. The population is all employees in the office of Water Treatment Plant PDAM Tirtanadi North Sumatra Province, amounting to 124 people. Universitas Sumatera Utara Researchers took samples by using the Slovin formula and obtained as many as 55 people, employees in the sample. Data collected by interviews, questionnaires and documentation study. Processing data using SPSS software and analyzed with descriptive analysis and hypothesis testing with multiple linear regression. The results test the first hypothesis suggests that the work ethic, job satisfaction and achievement motivation simultaneously has a very significant to employee performance in Water Treatment Plant PDAM Tirtanadi North Sumatra Province, and more job satisfaction partially dominant effect on employee performance. Testing the second hypothesis suggests that incentives and work environment simultaneously influence is very significant impact on job satisfaction of employees in Water Treatment Plant PDAM Tirtanadi North Sumatra Province, and partially dominant incentive effects on job satisfaction.",Job satisfaction; Work (physics); Business; Incentive; Business administration; Work performance; Employee motivation; Operations management; Psychology; Job performance; Management; Marketing; Engineering; Social psychology; Economics,,2011,ETo_Software_Tools,Desktop / generic software,Unclassified,openalex
CHECK,no clear ET/irrigation signal in title/abstract,,,https://openalex.org/W2948694886,,PENGARUH PENGAWASAN KERJA DAN ETOS KERJA TERHADAP KINERJA KARYAWAN DENGAN LINGKUNGAN KERJA SEBAGAI VARIABEL MODERATING (Studi Pada CV. Reza Mindi Raya Motor),"ABSTRAK Penelitian ini bertujuan untuk mengetahui sejauh mana pengaruh pengawasan kerja dan etos kerja terhadap kinerja karyawan dengan lingkungan kerja sebagai variabel moderating. Variabel dependen dalam penelitian ini adalah kinerja karyawan. Variabel indipendennya adalah pengawasan kerja dan etos kerja, sedangkan variabal Moderating adalah lingkungan kerja. Metode pengambilan sempel dengan teknik purposive sempling sebanyak 35 responden dengan cara menyebarkan kuisioner secara langsung. Metode analisis data menggunakan Equestion Modeling-Partial Least Square (SEM-PLS) dengan menggunakan Software SmartPLS. Tahapan perhitungan PLS menggunakan 2 model yaitu pengukuran model (Outer Loadings) dan pengujian Model Struktural (Inner Model). Hasil penelitian ini menunjukan bahwa terdapat pengaruh yang signifikan dari pengawasan kerja terhadap kinerja karyawan., terdapat pengaruh yang signifikan dari etos kerja terhadap kinerja karyawan, terdapat pengaruh yang signifikan dari lingkungan kerja terhadap kinerja karyawan, terdapat pengaruh yang tidak signifikan dari pengawasan kerja terhadap kinerja karyawan yang dimoderasi oleh lingkungan kerja, terdapat pengaruh yang tidak signifikan dari etos kerja terhadap kinerja karyawan yang dimoderasi oleh lingkungan kerja. Kata Kunci : Pengawasan Kerja,Etos Kerja, Kinerja Karyawan,Lingkungan Kerja. ABSTRACT This study aims to determine the extent to which the influence of work supervision and work ethic on employee performance with the work environment as a moderating variable. Dependent variable in this research is employee performance. Independent variables are work supervision and work ethic, while Moderating variables are work environment. Sempling method with purposive sempling technique is 35 respondents by distributing questionnaire directly. Method of data analysis using Equestion Modeling-Partial Least Square (SEM-PLS) by using SmartPLS Software. PLS calculation phases use 2 models of model measurement (Outer Loadings) and testing of Structural Model (Inner Model). The results of this study indicate that there is a significant influence of work supervision on employee performance, there is a significant influence of work ethic on employee performance, there is a significant influence of the work environment on employee performance, there is a nonsignificant influence of work supervision on employee performance moderated by the work environment, there is an insignificant influence of the work ethic on employee performance moderated by the work environment. Keywords: Work Supervision, Work Ethic, Employee Performance, Work Environment",Psychology; Humanities; Business administration; Business; Philosophy,,2018,ETo_Software_Tools,Desktop / generic software,Unclassified,openalex
CHECK,ET signal + off-topic token (engineer-to-order (manufacturing)),,,https://openalex.org/W2802278895,,Knowledge sharing in engineer-to-order (ETO) manufacturing enterprises.,"Sharing Knowledge is considered an important part of managing new product development (NPD) research on the process of NPD and Knowledge Management methods have influenced industry in various ways. For example the management of the NPD process, the use of tools, techniques and the organisation of teams, and the integration of the marketing and manufacturing have resulted in considerable progress within NPD process. Prior studies on the NPD problems have delivered various models of the NPD process and a variety of supporting methods, tools and techniques in a generic context. A more realistic scenario however, is to consider the needs of firms that develop products on a Make-to-Order (MTO) or Engineer-to-Order (ETO) basis.The research methodology adopted was based on extracting a preliminary ETO model supported by variety of Knowledge Management methods, tools and techniques from the review of literature. To examine the applicability of these models and methods and also the influential factors on the NPD process a survey by questionnaire and structured interviews in UK industrial companies was carried out. Findings were bound together to provide a generic model of the ETO process and a framework for the knowledge sharing on the specific needs of ETO manufacturing companies. IDEFO technique was used to develop the preliminary and the generic models.The objective of this research is to construct a structured and practical framework for supporting the opportunity for knowledge sharing within one-off projects. The knowledge sharing framework referred to as 'Sharing-ETO-Knowledge' (SETOK) was translated into a computer program using the ""MS Visio' enterprise modelling systems. It was examined by applying the system program to the data of the two cases that had been obtained at the case study stage. The framework has been fruitful in the provision of a guideline for the implementation of the knowledge sharing in various NPD-ETO projects.The SETOK framework may be viewed as a practical, robust generic tool to assess the process performance of ETO manufacturing projects. The outcome of this study would help ETO manufacturing companies in their knowledge sharing and decision making processes with regards to NPD-ETO manufacturing projects.",Variety (cybernetics); Knowledge sharing; Knowledge management; Process (computing); Context (archaeology); New product development; Process management; Order (exchange); Construct (python library); Engineering; Product (mathematics); Computer science; Business; Marketing; Artificial intelligence,SHURA (Sheffield Hallam University Research Archive) (Sheffield Hallam University),2007,ETo_Software_Tools,Desktop / generic software,Unclassified,openalex
CHECK,ET signal + off-topic token (engineer-to-order (manufacturing)),,,https://openalex.org/W1892516079,,Improving product design phase for engineer to order (ETO) product with knowledge base engineering (KBE),"In industry currently Computer Aided Design (CAD) is an important tool for the modification, analysis, or optimization of the 3D virtual environment that replicates the physical product. CAD software is an efficient and reliable tool. However, as globalization increases customer demands, this process needs to be faster and more efficient to accommodate changing product design situations, especially for Engineer-to- Order (ETO) products. The traditional method of product design process is to operate CAD software without argumentation. Design engineers create CAD prototypes and drawings based on available knowledge and information which comes from engineering experts, company standards, industrial practices as well as other sources. Research has shown that 80% of knowledge is not captured in the system. It can be time consuming for the design engineer to provide an accurate and consistent virtual product. Researchers have found that the traditional method is unreliable, inaccurate and inefficient. There is room for improvement in the product design situation for ETO products. There is a need to develop a design method that is faster and reduces costs. Knowledge Base Engineering (KBE) is an alternative system that is built to capture and reuse knowledge. KBE technology is well known for reducing lead-time and design errors using automation. Through integrating KBE technology with CAD software, design engineers create virtual product configurations by applying a scripting language to the CAD model. It requires time and effort invested in a different way than traditional design method, which may cost more to develop. However it is more efficient and accurate when producing multiple configurations. This research experiment is to define a better design method for the ETO product situation by comparing the traditional design method with the KBE/CAD integration method. The research question is ""Is the Knowledge-Based Engineering (KBE) and Computer Aided Design (CAD) integration design approach more efficient for the reduction of lead time and design error than the traditional method for Engineering-to- Order (ETO) product situations"".",Engineering; Product (mathematics); Product design; Knowledge base; New product development; Manufacturing engineering; Product engineering; Product lifecycle; Order (exchange); Base (topology); Systems engineering; Computer science; Business; Mathematics; Artificial intelligence,Purdue e-Pubs (Purdue University),2015,ETo_Software_Tools,Desktop / generic software,Unclassified,openalex
CHECK,no clear ET/irrigation signal in title/abstract,,,https://openalex.org/W2917164601,,"Modelo de un sistema de información para la gestión de la producción bajo un enfoque de empresas virtuales, orientado a la industria eto/mto","Esta tesis doctoral representa un esfuerzo de investigacion para la propuesta de un modelo de sistemas de informacion para la gestion de la produccion bajo un enfoque de empresas virtuales y extendidas (EV/EE) orientado a la industria de ingenieria y fabricacion bajo pedido (ETO/MTO). Se utiliza como marco de referencia la arquitectura GERAM (Generalized Enterprise Reference Architecture and Methodology), con el fin de mejorar de manera global el funcionamiento de la cadena del valor en este tipo de ambientes. En los entornos ETO/MTO, la forma de operar tanto al nivel interno como externo, es mas efectiva con la integracion eficiente de cada uno de los procesos y actores participantes en el diseno y fabricacion de un producto de alta complejidad como los que suelen darse en este tipo de ambientes de produccion; para asi mejorar la posicion competitiva de los involucrados. Se hace enfasis en las arquitecturas de referencia y metodologias de integracion como apoyo al desarrollo de software reusable, portable, transparente, estandar y en el modelo de componentes y su aplicacion en el desarrollo del modelo de sistema de informacion. Los topicos relacionados con esta tesis doctoral son los siguientes: el concepto de integracion en los sistemas de fabricacion e informacion, el enfoque de sistemas de informacion distribuidos y abiertos, la gestion de la produccion, el paradigma de EV/EE, los ambientes de fabricacion ETO/MTO; asi como tambien las arquitecturas de referencia y metodologias de integracion y su aplicacion en el modelado de sistemas de informacion para la gestion de la produccion en este tipo contexto. Juegan un papel primordial el uso y aplicacion de las tecnologias de informacion y comunicacion (TIC's) para el exito del modelo propuesta en este esfuerzo de investigacion. Se utiliza la metodologia de Caso de Estudio, con el fin de evaluar y valorar los requerimientos y funcionalidades del modelo propuesto; y un analisis comparativo conceptual para comprobar las proposiciones del estudio. Se desarrolla un prototipo informatico con algunas de las funcionalidades del modelo.",Humanities; Political science; Philosophy,Dialnet (Universidad de la Rioja),2007,ETo_Software_Tools,Desktop / generic software,Unclassified,openalex
CHECK,no clear ET/irrigation signal in title/abstract,,,https://openalex.org/W2897232129,,PENGARUH KEPEMIMPINAN DAN ETOS KERJA ISLAMI TERHADAP KOMITMEN DAN KINERJA KARYAWAN RSU PKU MUHAMMADIYAH/AISYIYAH DI JAWA TENGAH,"Latar belakang: Sebagai negara dengan mayoritas penduduk beragama Islam sudah sepantasnya Indonesia menempatkan syariah Islam sebagai hal dominan di semua aspek kehidupan. Dalam hal kinerja peran seorang pemimpin yang mengamalkan nilai-nilai Islam sangat diperlukan dan banyak penelitian telah membuktikan keterkaitannya. Kinerja karyawan rumah sakit juga perlu diperhatikan agar dapat memberikan pelayanan terbaik pada pasien.
Tujuan penelitian: untuk menganalisis pengaruh kepemimpinan Islami terhadap kinerja karyawan baik secara langsung atau secara tidak langsung yaitu melalui etika kerja Islami dan komitmen karyawan. 
Metode: penelitian ini merupakan penelitian deskriptif kuantitatif dengan rancangan cross sectional. Populasi penelitian yaitu pegawai RSU/PKU Muhammadiyyah di Jawa Tengah. Sampel penelitian adalah 164 pegawai RSU/PKU Muhammadiyyah di Jawa Tengah dengan kriteria: memiliki masa kerja minimal 2 tahun dan pegawai tetap. Adapun untuk pegawai berstatus PNS yang diperbantukan (DPK) dan pegawai yang sedang dinas luar atau tidak ada di lokasi penelitian dieksklusi dari penelitian ini. Pengujian hipotesis dilakukan menggunakan model SEM dengan software AMOS 21.
Hasil: Pengujian model fit menghasilkan nilai 2 sebesar 1135,8 dengan nilai p<0,05 dan Nilai CMIN/DF sebesar 2,847 diatas 2,00. Nilai GFI sebesar 0,673 kurang dari 0,90, dan nilai AGFI sebesar 0,618 juga kurang dari 0,90. Nilai TLI sebesar 0,813 masih di bawah 0,95 dan nilai CFI sebesar 0,828 juga kurang dari 0,95 serta nilai RMSEA sebesar 0,106 di atas 0,08. Hasil tersebut menunjukkan bahwa model keseluruhan kurang memenuhi kriteria model fit. Berdasarkan hasil analisis regression weights diperoleh nilai p < 0,05 untuk pengaruh kepemimpinan Islami terhadap etos kerja Islami dan pengaruh komitmen terhadap kinerja karyawan.
Kesimpulan: etos kerja Islami bukan merupakan variabel intervening dari hubungan kepemimpinan Islami dan komitmen terhadap kinerja karyawan, komitmen juga bukan merupakan variabel intervening dari hubungan kepemimpinan Islami dan etos kerja Islami terhadap kinerja karyawan.",Physics; Gynecology; Humanities; Mathematics; Medicine; Philosophy,,2018,ETo_Software_Tools,Desktop / generic software,Unclassified,openalex
CHECK,no clear ET/irrigation signal in title/abstract,,,https://openalex.org/W7166615141,,"Pengaruh kepemimpinan, lingkungan kerja dan etos kerja terhadap kinerja karyawan CV. Silvi MN Paradila Lamongan dengan kepuasan kerja sebagai variabel mediasi","Lingkungan Kerja Dan Etos Kerja Terhadap Kinerja Karyawan CV. Silvi MN Paradila Lamongan Dengan Kepuasan Kerja Sebagai Variabel Mediasi” metode pada penelitian ini yaitu kuantitatif, tujuannya untuk mengetahui pengaruh langsung kepemiminan, lingkungan kerja, etosskerja dan kepuasan kerja karyawan terhadap kinerja karyawan, kemudian pengaruh tidak langsung kepemiminan, lingkungan kerja, etos kerja yang dimediasi oleh kepuasan kerja terhadap kinerja karyawan.Metodologi penelitian yang digunakan yaitu kuantitatif asosiatif-survei data primer dengan cara mengumpulkan data kuesioner dengan skala likert 1-5 yang dibagikan terhadap responden. Penelitian ini menggunakan sampel jenuh dengan total sampel sejumlah 66 oranggresponden. Teknik analisis data dilakukan menggunakan StructurallEquationnModeling-Partiall Least Square (SEM-PLS) dengan software SmartPLS. Adapun tahapannya terdiri dari dua model yaitu Evaluation of Measurement Model yang terdiri dari uji validitassdan reliabilitas,skemudian Evaluation of StructuralsModel yang terdiri dari uji koefisien determinasiiidan uji koefisien jalur. Hasilllpenelitian menunjukkan bahwa kepemimpinan tidak berpengaruh terhadap kepuasan kerja karyawan, lingkungan kerja berpengaruh secara positif dan signifikan terhadap kepuasan kerja karyawan, etos kerja berpengaruh positif dan signifikan terhadap kepuasan kerja, kepemimpinan berpengaruh positif dan signifikan terhadap kinerja karyawan, lingkungan kerja tidak berpengaruh terhadap kinerja karyawan. dan etos kerja berpengaruh terhadap kinerja karyawan, kepuasan kerja berpengaruh terhadap kinerja karyawan, Kepemimpinan tidak berpengaruh terhadap kinerja karyawan secara positif dan signifikan dengan kepuasan kerja karyawan sebagai variabel mediasi, lingkungan kerja berpengaruh terhadap kinerja karyawan dengan kepuasan kerja karyawan sebagai variabel mediasi dan etos kerja berpengaruh terhadap kinerja karyawan dengan kepuasan kerja karyawan sebagai variabel mediasi.",Work environment; Work motivation; Job satisfaction; Work performance,Digilib UIN Sunan Ampel Surabaya (UIN Sunan Ampel),2023,ETo_Software_Tools,Desktop / generic software,Unclassified,openalex
CHECK,no clear ET/irrigation signal in title/abstract,,,https://openalex.org/W2942453476,,HUBUNGAN ANTARA GAYA KEPEMIMPINAN TRANSFORMASIONAL DENGAN ETOS KERJA PADA KARYAWAN NON MEDIS RS PKU MUHAMMADIYAH SURAKARTA,"Employee who has high work ethic can give positive influence for company because bring inovation while they work. Leader with transformational style be trusted to increase work ethic because motivate the employee’s to make inovation. This study aims to determine the relationship between transformational leadership with work ethic in RS PKU Muhammadiyah Surakarta’s non medic employees. The hypothesis of this study in there is a positive relationship between transformational leadership with work ethic in RS PKU Muhammadiyah Surakarta’s non medic employees. The sampling technique of this study is proportional sampling. The population are all employees of RS PKU Muhammadiyah Surakarta amount to 299 peoples and sample in this research amount to 100 peoples. The data collection using transformasional leadership scale and work ethic scale. Data is analyzed by using product moment correlation on computer program named SPSS 22.00 version. The output of product moment analysis, resulted coefficient correlation = 0,616 with significance p=0,000; (p≤0,001). It’s mean, there is a very significant posstive correlation between transformational leadership with work ethic. The contributions effective showed by value of (r2) = 0,37 that means the contribution effective transformational leadership to work ethic amount to 37 %. It is showed there is 63 % another variables that influence work ethic besides transformational leadership. The category of transformational leadership is belonging to high category with Empirical Average amount to 143, 37 and Hypotetic Average amount to 117,5. The category of work ethic is belonging to high category with Empirical Average amount to 79,17 and Hypotetic Average amount to 62,5.

Keywords : transformational leadership, work ethic",Transformational leadership; Work ethic; Psychology; Leadership style; Population; Social psychology; Scale (ratio); Data collection; Work (physics); Business administration; Sociology; Mathematics; Statistics; Business; Demography; Engineering,,2017,ETo_Software_Tools,Desktop / generic software,Unclassified,openalex
CHECK,no clear ET/irrigation signal in title/abstract,,,https://openalex.org/W7161366655,,"PENGARUH SISTEM INFORMASI AKUNTANSI, GAYA KEPEMIMPINAN DAN ETOS KERJA ISLAMI TERHADAP KINERJA KARYAWAN DENGAN LOCUS OF CONTROLINTERNAL SEBAGAI VARIABEL MODERATING","Penelitian ini bertujuan untuk mengetahui seberapa besar pengaruh variabel sistem informasi akuntansi, gaya kepemimpinan dan etos kerja islami terhadap variabel kinerja karyawan dengan menggunakan variabel locus of control internal sebagai variabel moderating pada PT. Bank Syariah Indonesia (BSI) Cabang Palopo. Penelitian ini adalah penelitian jenis metode kuantitatif. Tempat penelitian ini dilakukan pada PT. Bank Syariah Indonesia (BSI) Cabang Palopo. Adapun populasi dan sampel pada penelitian ini berjumlah 60 responden dan instrumen yang digunakan penelitian ini adalah angket atau kuesioner. Teknik sampling yang digunakan dalam penentuan sampel yaitu enggunakan teknik sampling jenuh. Kemudian, data yang diperoleh dalam penelitian ini dianalisis menggunakan software,SPSS versi 26. Uji instrumen yang digunakan penelitian meliputi uji validitas dan uji reliabilitas. Uji asumsi klasik meliputi uji normalitas, uji multikolinearitas dan uji heterokedastisitas. Uji hipotesis meliputi uji parsial (uji t), analisis regresi moderasi (Moderated Regression Analysis / MRA) dan koefisien determinasi (R2). Hasil penelitian menunjukkan bahwa sistem informasi akuntansi, gaya kepemimpinan dan etos kerja islami berpengaruh positif dan signifikan terhadap kinerja karyawan. Analisis regresi moderasi menunjukkan bahwa locus of control internal tidak mampu memoderasi sistem informasi akuntansi terhadap kinerja karyawan, sedangkan locus of control internal secara signifikan memperlemah gaya kepemimpinan terhadap kinerja karyawan dan locus of control internal mampu memperkuat atau memoderasi etos kerja islami terhadap kinerja karyawan. Kata Kunci: Etos Kerja Islami, Gaya Kepemimpinan, Kinerja Karyawan, Locus of Control Internal, Sistem Informasi kuntansi.",Locus of control; Public accounting; Control (management),Repository IAIN Palopo,2026,ETo_Software_Tools,Desktop / generic software,Unclassified,openalex
CHECK,no clear ET/irrigation signal in title/abstract,,,https://openalex.org/W7166619022,,"Pengaruh motivasi kerja, kepuasan kerja dan etos kerja Islam terhadap kinerja karyawan: survey pada karyawan perusahaan wingko Babat Pak Mi’an dua kelapa","Dalam beberapa tahun kemaren sejak adanya pandemi terdapat kinerja karyawan yang menurun pada perusahaan Wingko Babat Pak Mi’an Dua Kelapa. Karyawan dalam perusahaan merupakan aset penting dalam perusahaan, sehingga dibutuhkan adanya motivasi kerja, kepuasan kerja, dan etos kerja Islam untuk meningkatkan kinerja karyawan. Penelitian ini bertujuan untuk mengetahui motivasi kerja, kepuasan kerja dan etos kerja Islam terhadap kinerja karyawan dan untuk mengetahui apakah motivasi kerja, kepuasan kerja dan etos kerja Islam berpengaruh secara simultan terhadap keinerja karyawan serta apakah motivasi kerja, kepuasan kerja dan etos kerja Islam berpengaruh secara parsial terhadap kinerja karyawan. Metode penelitian menggunakan jenis penelitian deskriptif dengan pendekatan kuantitatif. Populasi yang diambil adalah karyawan Wingko Babad Pak Mi’an Dua Kelapa yang berjumlah 55 orang, sampel pada penelitian ini menggunakan teknik sampling jenuh dengan seluruh jumlah populasi. Teknik untuk pengumpulan data penelitian dengan menyebaran kuesioner kepada para karyawan serta wawancara pada pemilik usaha dan karyawan secara langsung pada usaha Wingko Babat Pak Mi’an. Adapun analisis yang digunakan menggunakan analisis regresi linier berganda dengan bantuan software IBM SPSS versi 23, dengan uji validitas, uji reliabilitas, uji F, Uji T, dan analisis koesfisien determinan. Hasil penelitian yang diperoleh pada motivasi kerja berpengaruh positif signifikansi terhadap kinerja karyawan sebesar 0.001, sedangkan kepuasan kerja berpengaruh positif terhadap kinerja karyawan dengan tingkat signifikansi sebesar 0.000, dan etos kerja Islam paling dominan berpengaruh positif dan signifikansi sebesar 0.000 terhadap Kinerja Karyawan.",Work motivation; Work stress; Work environment; Job satisfaction,Digilib UIN Sunan Ampel Surabaya (UIN Sunan Ampel),2023,ETo_Software_Tools,Desktop / generic software,Unclassified,openalex
CHECK,ET signal + off-topic token (medicine/clinical),,,https://openalex.org/W3175380372,,Analysis of LivaNova’s ETO sterilization process in Mirandola Plant and development of an SPC tool on critical parameters to monitor the Parametric Release.,"Sterilization is of prime importance especially in the field of medical devices (MDs), where a lot of products need to be sterilized before being put on the market to prevent patient exposure to infections. Therefore, it is important that the MDs company's sterilization process complies with current guidelines and that a robust quality system ensures that the sterilization cycle meets the prevalidated specifications. ?? My internship in LivaNova consisted in analyzing the ethylene oxide (ETO) sterilization process currently in use at Mirandola Plant. Particularly, during the first months, I familiarized with the regulations of reference, the internal procedures and the three main software programs used for management and monitoring of the sterilization plant. In the following, I managed the implementation of a Statistical Process Control (SPC) tool on critical parameters of the cycle in order to prevent any drift or change in the process by performing a prevention-based quality control. In fact, by monitoring each sensor in real-time, the operators would be able to detect any major changes in the process before they result in a non-compliant product. In this regard, I implemented two Graphical User Interfaces (GUIs) using Matlab® R2019b to lay the groundwork for the development of the SPC tool. And finally, through their use, I analyzed the performances of the sterilization plant over a six-month period to verify the stability of the process and the position of the parameters within the acceptance ranges.",Sterilization (economics); Reliability engineering; Computer science; Operations management; Process engineering; Risk analysis (engineering); Engineering; Manufacturing engineering; Business,,2020,ETo_Software_Tools,Desktop / generic software,Unclassified,openalex
CHECK,no clear ET/irrigation signal in title/abstract,,,https://openalex.org/W2976966103,,ANALISIS PENGARUH BUDAYA ISLAMI TERHADAP ETOS KERJA PEGAWAI MELALUI KOMITMEN ORGANISASIONAL (STUDI PADA PEGAWAI RUMAH SAKIT ISLAM MALANG),"Penelitian ini bertujuan untuk menganalisis pengaruh budaya Islami terhadap komitmen organisasional, pengaruh komitmen organisasional terhadap etos kerja, pengaruh budaya Islami terhadap etos kerja, dan pengaruh budaya Islami terhadap etos kerja melalui variabel intervening, yaitu komitmen organisasional pada pegawai Rumah Sakit Islam Malang. Penelitian ini termasuk ke dalam jenis Explanatory Research . Variabel yang digunakan dalam penelitian ini adalah variabel budaya Islami sebagai variabel independen, variabel etos kerja sebagai variabel dependen, dan komitmen organisasional sebagai variabel intervening . Populasi penelitian ini sebanyak 300 orang dengan pengambilan sampel menggunakan rumus Slovin dan margin error sebesar 10%, sehingga sampel yang didapatkan sebanyak 75 responden. Teknik pengumpulan data dengan menggunakan kuesioner. Analisis data yang digunakan adalah analisis jalur ( Path Analysis ) dengan prasyarat uji asumsi klasik seperti uji normalitas, heteroskedastisitas, dan multikolinearitas dengan menggunakan alat bantu software SPSS versi 21. Hasil penelitian ini menunjukkan bahwa budaya Islami tidak berpengaruh secara signifikan terhadap komitmen organisasional, komitmen organisasional berpengaruh positif terhadap etos kerja, budaya Islami berpengaruh positif dan signifikan terhadap etos kerja, dan budaya Islami tidak berpengaruh secara tidak langsung terhadap etos kerja melalui komitmen organisasional. Kata kunci: Budaya Islami, Komitmen Organisasional, Etos Kerja",Psychology; Humanities; Art,Jurnal Ilmiah Mahasiswa FEB,2019,ETo_Software_Tools,Desktop / generic software,Unclassified,openalex
CHECK,no clear ET/irrigation signal in title/abstract,,,https://openalex.org/W2600790794,,Pengaruh Kepemimpinan Transformasional Dan Kompetensi Profesional Terhadap Kepuasan Kerja Melalui Etos Kerja Guru (Studi Pada Guru Smp Negeri 1 Dan 2 Kalinyamatan Dan Smp Negeri 1 Dan 2 Welahan) Kabupaten Jepara,"Farida Istiyani. 2016. Pengaruh Kepemimpinan Transformasional dan Kompetensi Profesional terhadap Kepuasan Kerja melalui Etos Kerja Guru (Studi pada Guru SMP N 1 dan 2 Kalinyamatan dan SMP N 1 dan 2 Welahan Kabupaten Jepara). Tim Pembimbing, Ketua: Dr. Drs. H.M. Zainuri, MM, anggota: Dr. Kertati Sumekar, SE, MM
Metode penelitian yang digunakan adalah metode kuantitatif. Responden penelitian adalah Kepala Sekolah dan Guru PNS SMP N 1 dan 2 Kalinyamatan dan SMP N 1 dan 2 Welahan sebanyak 108 orang. Teknik pengumpulan data menggunakan instrumen yang berbentuk angket, untuk variabel kepemimpinan transformasional, kompetensi profesional, etos kerja dan kepuasan kerja . Instrumen diolah dengan menggunakan uji validitas dan uji reliablitas. Uji statistik dan pengolahan data dilakukan dengan menggunakan The Structural Equation Model (SEM) dari paket software SPSS AMOS 16.0
Hasil dari penelitian menunjukkan bahwa: (1) secara langsung kepemimpinan transformasional berpengaruh positif dan signifikan terhadap etos kerja. dan terhadap kepuasan kerja. (2) secara tidak langsung kepemimpinan transformasional tidak berpengaruh terhadap kepuasan kerja melalui etos kerja. (3) secara langsung kompetensi professional berpengaruh positif dan signifikan terhadap etos kerja dan kepuasan kerja. (4)Secara tidak langsung kompetensi professional tidak berpengaruh terhadap kepuasan kerja melalui etos kerja. (5) secara langsung etos kerja berpengaruh positif dan signifikan terhadap kepusan kerja.",Psychology; Business administration; Pedagogy,,2016,ETo_Software_Tools,Desktop / generic software,Unclassified,openalex
CHECK,ET signal + off-topic token (medicine/clinical),,,https://openalex.org/W2355066929,,Clinical Value of Acute Myeloblastic Leukemia 1-ETO Fusion Transcripts in Children with Acute Myeloblastic Leukemia by Using Real-Time Quantitative Reverse Transcriptase Polymerase Chain Reaction,"Objective To analyze the clinical value of minimal residual disease(MRD) of acute myeloblastic leukemia(AML) with AML 1-ETO by using the real-time quantitative reverse transcriptase polymerase chain reaction(RQ-RT-PCR).Methods From Jan.2001 to Jan.2007,the MRD of 32 AML1-ETO-positive AML patients were analyzed by using PQ-RT-PCR.The detection of the AML1-ETO was taken after the induced chemotherapy every 1.5-2.0 months during the consolidation therapy.The survival of different stages in children with AML was analyzed by SPSS 10.0 software and calculated by using Kaplan-Meier analysis.Results Thirty-two patients received the induced chemotherapy and 29 patients with complete remission morphologically,3 patients had no complete remission morphologically and then gave up.Patients with molecular remission were associated with a high probability of survival(P=0.001 8).Patients with high transcript levels at diagnosis had no difference in event free survival with patients with low transcript levels.The quality of molecular response after induction,6 months in the chemotherapy as well as consolidation period,has significant impact on the event free survival(P=0.023,0.000 1,0.004 9).Conclusion The current study demonstrate that quantitative evaluation of AML1-ETO transcript levels is important and may be helpful for therapeutic decisions in future.",Acute myeloblastic leukemia; Minimal residual disease; Medicine; Chemotherapy; Internal medicine; Oncology; Real-time polymerase chain reaction; Complete remission; Polymerase chain reaction; Leukemia; Reverse transcriptase; Acute leukemia; Induction chemotherapy; Gastroenterology; Immunology; Biology; Gene; Genetics,Testowy IndexCopernicus,2008,ETo_Software_Tools,Desktop / generic software,Unclassified,openalex
CHECK,no clear ET/irrigation signal in title/abstract,,,https://openalex.org/W2545281391,,Pengaruh Pendidikan dan Pengalaman Kerja terhadap Etos Kerja yang Berdampak pada Kepuasan Kerja,"Penelitian ini bertujuan untuk mengetahui pengaruh dari pendidikan dan pengalaman kerja terhadap etos kerja serta untuk mengetahui pengaruh etos kerja terhadap kepuasan kerja dari seseorang. Penelitian ini merupakan penelitian replikasi dan modifikasi dari penelitian sebelumnya yang pernah dilakukan oleh Adibah (2014) , Boatwright &amp; Slate (2000) dan Scott J.Vitell dengan D. L. Davis (1990). Pada penelitian ini terdapat 4 variabel dengan jumlah indikator sebanyak 35 buah. Jumlah responden dalam penelitian ini yaitu sebanyak 100 orang dengan karakteristik mereka merupakan mahasiswa Magister Manajement dari UBAYA yang memiliki pendidikan minimal S1 dan pernah / sedang bekerja sebelumnya. Metode pengolahan menggunakan analisa regresi sederhana dengan menggunakan software SPSS versi 18 windows. Hasil yang didapatkan pada penelitian ini berbeda dengan penelitian-penelitian sebelumnya, pada penelitian ini didapatkan hasil bahwa pendidikan berpengaruh positif dan signifikan terhadap etos kerja, pengalaman kerja juga berpengaruh positif dan signifikan terhadap etos kerja serta etos kerja juga berpengaruh positif dan signifikan terhadap kepuasan kerja.",Business administration; Business,Ubaya Repository (University of Surabaya),2016,ETo_Software_Tools,Desktop / generic software,Unclassified,openalex
CHECK,no clear ET/irrigation signal in title/abstract,,,https://openalex.org/W3134243442,,"PENGARUH ETOS KERJA DAN LINGKUNGAN KERJA TERHADAP KINERJA KARYAWAN (Studi Kasus Pada Divisi SDM PT. TIMAH, Tbk.)","Penelitian ini bertujuan untuk mengetahui pengaruh etos kerja terhadap kinerja karyawan pada Divisi SDM PT. TIMAH, Tbk, pengaruh lingkungan kerja terhadap kinerja karyawan pada Divisi SDM PT. TIMAH, Tbk, dan pengaruh etos kerja dan lingkungan kerja terhadap kinerja karyawan pada Divisi SDM PT. TIMAH, Tbk. Populasi dalam penelitian ini adalah 35 karyawan. Data dikumpulkan dengan kuesioner yang telah diuji validitas dan reliabilitasnya. Metode yang digunakan adalah regresi linier berganda, dengan bantuan software SPSS 24.&#13;\nHasil penelitian ini menunjukkan bahwa etos kerja dan lingkungan kerja secara simultan berpengaruh terhadap kinerja karyawan seperti yang ditunjukkan oleh tingkat signifikansi F &lt; α (0,000 &lt; 0,05) dan R-square sebesar 0,538. artinya kontribusi etos kerja, lingkungan kerja, dan kinerja karyawan adalah 53,8%. Sedangkan sisanya 46,2% dijelaskan oleh variabel lain diluar penelitian ini. Secara parsial, etos kerja berpengaruh signifikan terhadap kinerja karyawan sebesar 0,000 dan lingkungan kerja tidak berpengaruh signifikan terhadap kinerja karyawan sebesar 0,166.",Physics,,2019,ETo_Software_Tools,Desktop / generic software,Unclassified,openalex
CHECK,no clear ET/irrigation signal in title/abstract,,,https://openalex.org/W2943365514,,"ANALISIS PENGARUH KOMITMEN ORGANISASI, BUDAYA OORGANISASI, DAN ETOS KERJATERHADAP KINERJA PEGAWAI (Studi Kasus Pada Dinas Pendapatan Pengelolaan Kas Daerah Provinsi Kepulauan Bangka Belitung)","The method of analysis is descriptive analysis methods and headgeared student who use multiple regression analysis linear compounds, testing significantly simultaneously and testing significantly partial. The execution analysis methods data using aid software SPSS 22. That the used data secondary data. This Research using 58 respondents as samples or drawn based on stratified random sampling. Results of the study showed that simultaneously commitment Organization, culture of the Organization and work ethic a positive effect on the work of Civil Servants with the Fhitung 16.230, while partially variables Organizational commitment has a significant impact on performance with the result t count (3.250) > t tabel (1.67591), for Culture variable Organisiasi, t count (1.459) < t tabel (1.67591) can be said that culture of the Organization did not have any influence on performance and work ethic with the result, t count (-463) < t tabel (1.67591) can be said that work ethic did not have any influence on performance.",Stratified sampling; Work ethic; Descriptive statistics; Business administration; Agricultural science; Operations management; Regression analysis; Organizational commitment; Work (physics); Management; Statistics; Mathematics; Business; Engineering; Economics,Jurnal Progresif Manajemen Bisnis,2017,ETo_Software_Tools,Desktop / generic software,Unclassified,openalex
CHECK,no clear ET/irrigation signal in title/abstract,,,https://openalex.org/W1542025189,,"KUALITAS KEPEMIMPINAN, ETOS MORALITAS PRIBADI, KOMPETENSI, DAN PELAYANAN PUBLIK","Ethos Private Morality, Competence, and the Public Service. This study aims to determine the effect of leadership qualities, personal moral ethics, and competence in the performance of public services in East Java legislators. The method used is a quantitative method. The study population was a community that metropolis, traditional and civil society. Sampling was stratified random sampling and purposive sampling with as many as 115 respondents. Data collection techniques using koesioner, interviews, and observations. Data were analyzed with path analysis method with SPSS software. The results showed that the ethos of personal morality and competence indirectly influence on legislators public service through leadership qualities. To improve the quality of public service leadership legislators in leading the people it represents needs to be improved. Keywords: performance, leadership qualities, personal morality ethics, competence, public service.",Nonprobability sampling; Competence (human resources); Morality; Ethos; Public service; Population; Public relations; Path analysis (statistics); Sociology; Psychology; Political science; Social psychology; Law; Computer science,,2014,ETo_Software_Tools,Desktop / generic software,Unclassified,openalex
CHECK,no clear ET/irrigation signal in title/abstract,,,https://openalex.org/W2623167892,,Az ETO-jelzetek automatikus elemzésének kérdései,"Universal Decimal Classification is often criticized for that computer programmes are not able to fully manage its simultaneously hierarchical, analyticsynthetic and faceted features. The goal of this paper is to present a software interpreter under development, which is able to analyze the syntax of compound UDC numbers, to recognize its elements and their functions, their order and other attributes which may be relevant to retrieval. The system wishes to make the results of this analyzing process available as converted into different standard markup and data exchange formats as well. Such software can be useful for comparing UDC notations, analyzing them and finding headings to serve as access points, as well as for elaborating.",Computer science; Markup language; Syntax; Software; Programming language; Process (computing); Notation; XML; Interpreter; World Wide Web; Artificial intelligence; Arithmetic; Mathematics,Műszaki könyvtárosok tájékoztatója/Tudományos és műszaki tájékoztatás,2015,ETo_Software_Tools,Desktop / generic software,Unclassified,openalex
CHECK,no clear ET/irrigation signal in title/abstract,,,https://openalex.org/W3214428539,,"PENGARUH PROMOSI JABATAN, KOMPETENSI, DAN ETOS KERJA ISLAM TERHADAP KINERJA KARYAWAN(Studi Kasus Pada BPRS Bangun Drajat Warga Yogyakarta)","This study aims to determine the effect of job promotion, competene, and Islamic work ethic on employee performance at BPRS Bangun Drajat Warga Yogyakarta. The method of analysis used multiple regression analysis using SPSS 23.0 software. The sampling technique used is purposive sampling. Primary data in this study were obtained from respondents. The number of population in this study were 34 respondents. The results of this study indicate that job promotion and Islamic work ethic have no effect on employee performance, while competence has a positive and significant effect eon employee performance.",Nonprobability sampling; Work ethic; Promotion (chess); Business administration; Competence (human resources); Psychology; Islam; Population; Work (physics); Social psychology; Political science; Business; Sociology; Theology; Engineering; Demography,,2021,ETo_Software_Tools,Desktop / generic software,Unclassified,openalex
CHECK,no clear ET/irrigation signal in title/abstract,,,https://openalex.org/W2357397152,,Design and Realization of A Hardware Firewall Based on ETOS,"The embedded operating system ETOS self-developed by Qingdao Yeetec Technology Co., Ltd. is introduced. After analyzed firewall platform Firewall-R1, the realization of a hardware firewall based on ETOS is introduced in details. Then the implementation of the firewall in the ETOS kernel is analyzed, and particularly to explain the software realization of the hardware firewall. The firewall has been used in the network products of Qingdao Yeetec Technology Co., Ltd. Experimental results indicate the firewall is stable, safe and high efficient.",Firewall (physics); Application firewall; Computer science; Context-based access control; Operating system; Embedded system; Stateful firewall; Computer hardware; Computer security; Business,Microcomputer applications,2007,ETo_Software_Tools,Desktop / generic software,Unclassified,openalex
CHECK,ET signal + off-topic token (electronics/materials),,,https://openalex.org/W2294622294,10.1002/hyp.10838,Hydrology needed to manage droughts: the 2015 European case,"It is generally accepted that drought is one of the most costly weather-related natural hazards. In 2015, a long-lasting drought hit Europe, particularly affecting central and eastern Europe. In some regions it was the driest (North Slovakia) and in others (Czech Republic and Poland) it was the second driest summer of the last 50 years (following 2003). Key questions are: (i) how extreme are these events, not only in terms of hydro-meteorological characteristics but also impacts? and (ii) how are these impacts managed? Droughts often are viewed from a climatic perspective (e.g. Herring et al., 2015; Heim, 2015), with their severity defined by the strength of the anomaly in meteorological conditions (e.g. sea surface temperature, geopotential height, precipitation or temperature). Normalized anomalies in climatic variables, such as the Standardized Precipitation Index (SPI, McKee et al., 1993; WMO, 2006) and the more recently developed Standardized Precipitation–Evapotranspiration Index (SPEI, Vicente-Serrano et al., 2010), have become standard tools to characterize drought. Although the SPI and SPEI have proved their applicability across a wide range of hydro-climatological regimes, there is a pressing need to monitor the impacts of climate and weather events in a more systematic way (Stahl et al., 2016). Many drought-related impacts (e.g. crop yields, water-borne transport, aquatic ecosystems, water supply, energy production) are associated with hydrology rather than solely with weather. Hydrologically oriented drought studies have shown that drought in groundwater or streamflow (hydrological drought) deviates from meteorological drought (precipitation anomalies) (Changnon, 1987; Peters et al., 2003; Vidal et al., 2010; Hannaford et al., 2011; Van Loon and Van Lanen, 2012; Van Dijk et al., 2013). Hydrological drought is a complex phenomenon that integrates many river basin characteristics, such as (but not limited to) land cover, topography, geology and river network structure (Van Lanen et al., 2013; Stoelzle et al., 2014). Minor meteorological droughts may not show up as a hydrological drought, whereas a series of meteorological droughts can merge to form a long-lasting hydrological drought, which usually has a later onset and recovery. Hydrological drought has in most cases a smaller intensity than meteorological drought. The areas that are covered by the different drought types are also varying (Peters et al., 2006; Tallaksen et al., 2009). Additionally, water managers take actions in response to the (forecasted) impacts (e.g. water storage, abstractions, water transfers) in which hydrology plays a key role. This commentary discusses how drought, from its origin as a meteorological anomaly, manifests itself as a deficiency in soil moisture and subsequently as a hydrological drought. Furthermore, the commentary emphasizes that better understanding and management of drought requires understanding this propagation of water deficits through the hydrological cycle, with consideration of the nature of the resultant impacts on socioeconomic and natural systems also of critical importance. Drought characterization from such a perspective requires concerted multi-disciplinary action from both the climatic and hydrological communities. Although some initiatives (Harding et al., 2011; Schellnhuber et al., 2013) are promising, more widespread and comprehensive action is necessary. We use the 2015 European drought as an example. The summer (June – August) of 2015 was characterized by daily maximum temperatures 2 °C higher than the seasonal mean over most of western Europe, and more than 3 °C higher in central Europe (Figure 1a). Large parts of Europe also experienced a severe lack of rainfall and higher evapotranspiration than normal, with negative values of the three-month standardized precipitation–evaporation anomaly (SPEI3) from June onwards across a widespread area. Summer SPEI3 values dropped to as low as −4 in central and eastern Europe (Figure 1b). Similar to the extreme 2003 summer drought, upper level atmospheric circulation over continental Europe was characterized by a large, positive 500-hPa geopotential height anomaly (Z500; Figure 1c). Positive anomalies first occurred in March, and persisted throughout the summer. This high pressure blocking pattern over Europe prevented the flow of moisture and precipitation across much of Europe. During summer, the positive European anomaly was bordered by a large negative Z500 over the central North Atlantic Ocean, extending to northern Scandinavia. Summer sea surface temperature (SST) was characterized by large negative anomalies in the central North Atlantic Ocean (with the peak difference approximately co-located with the peak Z500 difference), and large positive anomalies in the Mediterranean basin (Figure 1d). The 2015 negative Atlantic SST (JJA) anomaly was within the top 10 coldest summers in this region in the ERSST v4 record extending back to 1854. Vegetation stress in summer 2015 (anomaly of absorbed photosynthetically active radiation; Figure 2) displayed similarities to the SPEI pattern (Figure 1b), but also with obvious differences. At the end of June, only some scattered areas with vegetation stress occurred, mainly in eastern Europe (Ukraine, Romania, Balkan Adriatic coast). In August, these areas combined into a west-east zone stretching from central France into Ukraine and Belarus. In October, the west-east zone divided into three core regions: southern Germany, Poland and Ukraine, and some new areas (Latvia, northern Europe) in response to a precipitation deficit that developed in early autumn (not shown). In all cases, the area affected by vegetation stress was substantially smaller than the area experiencing moderate meteorological drought (SPEI < −1, Figure 1b), although they occupied similar regions. Low flow and drought characteristics were computed from about 800 daily streamflow time series across Europe (Laaha et al., 2016). The return period of the 7-day minimum flow in 2015 was determined for each month (Figure 3). In June, most gauging stations showed streamflow with return periods <2 years (Figure 3a), with a few exceptions (mostly <5 years). Although SPEI3 ≤ −1 in June occurred in a wide west-east band from the Benelux into Belarus and Ukraine (not shown), low flows remained in the normal range. In August, low flows became more extreme (Figure 3b) in a southwest-northeast zone north of the Alps. Particularly in central Europe (Czech Republic, Poland, southern Germany, northern Austria) and also France, the return period of the 7-day minimum flow increased to more than 50 years. In the Czech Republic and Poland (e.g. Vistula) many rivers recorded the lowest flow on record. Some recovery was seen in the autumn, but low flows were still extreme (return period >20 years) in southern Germany, southwestern Poland and the Czech Republic (Figure 3c). Return periods for drought duration (the period that streamflow is below flow equaled or exceeded 80% of the time over the period 1976–2010) are presented in Figure 3d. Drought characteristics could not be fully established for 2015, because for many gauging stations flow by the end of the autumn was still below the drought threshold. A typical feature of the 2015 drought was its long duration. For instance, one of the major rivers in Europe, the Rhine at the Dutch–German boundary, faced the longest running low flow period since the 1976 benchmark drought. Return periods in drought duration of more than 20 years were mainly seen in central Europe. The flow analysis showed that the drought followed the SPEI3 JJA pattern, but that the hydrological response was delayed through drought propagation and that local differences occurred because of catchment storage processes and antecedent conditions. The impacts of the 2015 drought were manifold across Europe, as derived from various text sources (e.g. reports, websites). The wide range of impacts is not uncommon as illustrated for previous events by the European Drought Impact Inventory, EDII (Stahl et al., 2016). In some central and eastern European regions the impacts continued even into 2016. No drought impacts were reported in Scandinavia and the UK, which matches the drought pattern in Figures 1–3. The vegetation stress (Figure 2) induced by excessive heat and soil water drought led to lower crop yields. For example, crop losses of up to 50% were reported in the Czech Republic, Germany, Poland and Slovakia for sugar beet and potatoes, while maize was unable to build cobs in some regions. The drought also had a significant impact on livestock farming, with a 50% lower hay harvest (Czech Republic), failing grass cuts (Germany, Slovakia) and substantially lower milk production (Slovakia and Romania). Czech authorities have estimated that the impact of the 2015 drought on agriculture amounts to € 50–100 million. The drought also led to worst summer for Czech firefighters in at least the last ten years, with almost twice as many fires as in 2014. In Austria the drought caused an exceptionally long wildfire season, lasting until the end of 2015. The hydrological component of the 2015 drought (Figure 3) had an impact on a wide range of sectors, including water supply, energy production, waterborne transportation, freshwater aquaculture and fisheries, water quality, fresh water ecology, tourism and recreation. A summary of these impacts follows. Across central Europe and parts of eastern Europe (e.g. Romania) hundreds of towns and villages faced drinking water supply deficiencies. In southern Germany, boreholes dried up in crystalline rocks leading to water supply shortages for cattle. In eastern Romania record-low groundwater levels were registered and because of groundwater overexploitation water quality deteriorated. Low flows and associated high water temperatures caused reduced energy production along rivers in southern Germany, Czech Republic, Poland and European Russia. Some hydropower stations had to be shut down: in the northeast Czech Republic the majority of small hydropower plants were out of service for four months. In August, 1600 of the biggest companies in Poland suffered from power restrictions. French and Czech hydropower production was 30–50% lower than normal in some summer and autumn months. Similar reductions were reported for one of the main hydropower stations in the downstream part of the Don River (Russia). The 2015 drought significantly impacted water-borne transportation, notably in France, Germany and European Russia. In Germany, load losses on the Rhine, Danube, Elbe, Oder and Weser Rivers and in Russia on the Don River were up to 50%. The drought and associated heat triggered oxygen deficits and high temperatures in surface water bodies in Germany, Slovakia and European Russia, which influenced freshwater aquaculture and fisheries (lower fish yields), while causing other water quality issues (blue–green algae blooms and botulism). Dried-up fish breeding grounds and dying fish were reported in several central and eastern European countries. Fresh water ecosystems in the Czech Republic were also impacted by hydropower plants; 25% of the small plants could not comply with the ecological minimum flow standard. Violation of environmental flow requirements in upstream headwaters also happened in Germany. Tourism and recreation were impacted in several countries because low reservoir and river levels restricted leisure activities in these water bodies. Access to forests was also restricted because of the high fire risk. The impacts of the 2015 drought were also felt beyond the core region in central and eastern Europe. For example, in Belgium and the Netherlands a 1-in-20 year meteorological drought occurred from April to August. Some early crops (such as potatoes) had yield losses of up to 30%. Low flow in the major Dutch rivers caused salt water intrusion in the river mouths over tens of kilometres, affecting fresh and brackish water ecosystems. Water-borne transport in the Netherlands was strongly impacted. The shallow water depth affected transport until late November (with up to 50% cargo losses in the autumn), mainly because of little river inflow from upstream (Switzerland and southern Germany). Shrinkage of old peat dikes caused cracks leading to increased flood risk in the Netherlands. In the autumn many houseboats were sitting askew on dry stream bottoms because of the unprecedented low water levels. Surface water and reservoirs are particularly important means to manage a drought. For instance, in the Czech Republic, reservoirs were 90% full at the start of the 2015 summer. During the drought event, reservoirs were emptied to provide direct water and to increase low flows downstream. Reservoir storage remained above 30% with a few exceptions, but most reservoirs were still in decline at the end of October 2015, which had not happened since 2003. In the eastern part of Romania, the volume of some large inter-annual regulation reservoirs was also very low (remaining storage: about 30%) at the end of 2015. In northeastern France, reservoirs used for sustaining low flows had their available volume below the 1-in-10 year level in early September. In Germany, record water transfers from the Danube to Main basins were implemented for low flow augmentation. In the Dutch lowlands, surface water levels were raised to conserve water. Some canals or sections in northeastern France were closed to water-borne transportation for several months, not re-opening until the end of 2015. Transport in Romania also faced restrictions. In the Netherlands, boats had to cope with more costly lock operations. Special measures were implemented in the main river network until the end of the autumn as a response to the low inflow from upstream. In many European regions crops were irrigated when possible. Record irrigation of corn and tobacco was reported in the Upper Rhine Valley in Germany. In contrast, water abstraction restrictions were in place in 70 French departments in early August, which enforced a complete water abstraction ban for all non-priority uses, including irrigation. In early November some crisis orders were still active in Burgundy. In the Netherlands there were bans on abstraction of surface water for irrigation to avoid deterioration of water quality until mid-August when rain caused relief. Locally, in the Czech Republic, Poland, Slovakia and southern Germany tank trucks were ordered to fill reservoirs in municipalities with water supply deficiencies because of low inflow from local springs. Many municipal councils banned water use for watering gardens, swimming pools or washing cars. Additional flushing of the regional surface water system in the Netherlands using water from the main rivers occurred to avoid further salinization. Emergency pumps were installed to reroute surface water and in other places surface water was blocked from flowing into certain streams to avoid further deterioration of water quality. Various water inlets were closed to avoid spreading of blue–green algae. Natural swimming baths were closed (Germany, the Netherlands) due to the deteriorated water quality (blue–green algae bloom and botulism). Resettlement of fish was reported in Germany, Czech Republic and Slovakia. Aquaculture had increased costs for extra oxygenation. Various measures were also taken for human health and public safety reasons. In German, Dutch Slovak and Romanian cities, additional water was required for watering parks to avoid further development of the urban heat island and to maintain aesthetic value. In Bratislava and Bucharest, water tanks were used to supply tourists and city inhabitants at selected points. The Dutch Water Boards had to frequently inspect 3500 km of drought sensitive peat dikes and to irrigate in case of drought cracks. As shown for the 2015 European event, drought impacts are largely connected to soil water drought (crop yield, wildfires) or to hydrological drought (water supply, energy, transportation, recreation, water quality) rather than directly to the meteorological drought. This implies that knowledge of hydrology, i.e. the propagation of meteorological drought into a hydrological drought, including the role of antecedent water storage, is needed to understand drought impacts. It is also illustrated that stakeholders and water managers respond to impacts by taking measures (e.g. irrigation, water abstractions, use of reservoir storage, rerouting, transfers, conservation) to mitigate impacts, but which can also enhance impacts elsewhere (Van Dijk et al., 2013; Van Loon et al., 2016). Enhancement of impacts typically involves ecological minimum flows that cannot be sustained because of upstream water use. During droughts there is a high pressure on groundwater resources and in several regions more groundwater is abstracted than recharged (e.g. Castle et al., 2014; Panda and Wahr, 2015), leading to undesirable impacts (e.g. reduced groundwater flow to riparian areas and rivers). However, reports on declining groundwater tables are not everywhere available, or no separation is made between impacts due to the drought itself as compared to abstractions due to increased groundwater exploitation, as advised by Van Loon and Van Lanen (2013). The need for an enhanced hydrological perspective in terms of understanding and managing drought impacts requires urgent action. First, the European water sector should make near-real time hydrological data as readily available as meteorological data (Haylock et al., 2008; Hannah et al., 2011). Currently, large-scale observed flow data become available not earlier than a year after measurement (Global Runoff Data Centre, www.bafg.de/GRDC/EN), which forces experts to resort to simulated flow for pan-European studies (e.g. Gudmundsson and Seneviratne, 2015). Furthermore, drought impacts and response measures (including their success rate) should be archived, for example using the European Drought Impact Inventory (Stahl et al., 2016). Second, multi-monthly and seasonal drought forecasting should be improved beyond the currently available 10 or 14-day forecasted atmospheric indices and soil water anomalies. Some encouraging initiatives at the national scale are ongoing, as reported by the Hydrological Ensemble Prediction Experiment (HEPEX) community. For example, Prudhomme (2015) presented the first operational forecast system for Great Britain that delivers an outlook of 1 to 3 months for river flow and groundwater levels. Promising results on the forecasted 7-day minimum flow for major German waterways were also shown by Meißner et al. (2015), which are based upon the seasonal correlation between global oceanic and climatic data, soil moisture and low river flow (Ionita et al., 2008; 2015). Third, drought monitoring and forecasting should be embedded in drought policy. Wilhite (2014) provides a template for action, which in Europe could improve the drought chapter in the River Basin Management Plans. Managing drought in a pro-active way requires a concerted action of the hydrological and climatic communities. Such action should include pan-European monitoring of hydro-meteorological variables and multi-monthly and seasonal forecasting of both climatic and hydrological variables. Furthermore, impact assessments and exploration of potential promising measures to reduce impacts (considering context specific conditions at the river basin scale) represent a critical research direction for drought impact mitigation. This commentary is by a of European drought experts from the Low and Drought which to near-real time hydrological data and impact reports across Europe, which have Data by national hydro-meteorological the European Drought and and from the Access for most of the Access and was",Evapotranspiration; Precipitation; Environmental science; Streamflow; Climate change; Climatology; Hydrology (agriculture); Water resources; Geopotential height; Geography; Geology; Meteorology; Drainage basin; Ecology; Oceanography,Hydrological Processes,2016,Irrigation_Decision,,Non-deterministic,openalex
CHECK,no clear ET/irrigation signal in title/abstract,,,2-s2.0-85050494496,10.3390/rs10071074,Bayesian Bias correction of satellite rainfall estimates for climate studies,"Advances in remote sensing have led to the use of satellite-derived rainfall products to complement the sparse rain gauge data. Although these products are globally and some regional bias corrected, they often show substantial differences relative to ground measurements attributed to local and external factors that require systematic consideration. A decreasing rain gauge network inhibits the continuous validation of these products. Our proposal to deal with this problemwas to use a Bayesian approach tomerge the existing historical rain gauge information to create consistent satellite rainfall data for long-term applications. Monthly bias correction was applied to Climate Hazards Group Infrared Precipitation with Stations (CHIRPS v2) using a corresponding gridded (0.05°) rain gauge data over East Africa for 33 years (1981-2013). The first 22 years were utilized to derive error fields which were then applied to independent CHIRPS data for 11 years for validation. Assessments of the approach's influence on the rainfall estimates spatially and temporally were explored. Results showed a significant spatial reduction of the underestimation and overestimation of systematic errors at both monthly and yearly scales. The reduced errors increased with increased rainfall amounts, hence was less so in the relatively drier months. The overall monthly reduction of Root Mean Square Difference (RMSD) was between 4% and 60%, and the Mean Absolute Error (MAE) was between 1% and 63%, while the correlations improved by up to 21%. Yearly, the RMSDwas reduced between 17%and 49%, and theMAE between 13% and 48%, while the increase in correlations was between 9% and 17%. Decreased yearly bias correction corresponded with years of high rainfall associated with El Niño. Results for the assessments of the effectiveness of the Bayesian approach showed that it was more effective in reducing systematic errors related to rainfallmagnitudes, but its performance decreased in areas of sparse rain gauge network that insufficiently represented rainfall variabilities. This affected areas of deep convection, leading tominimal overestimation reductions associated with the cirrus effect. Conversely, significant corrections were during years of low rainfall from shallow convections. The approach is suitable for long-term applications where consistencies ofmean errors can be assumed.",Bayesian bias correction;East Africa;Rain gauge;Satellite rainfall,Remote Sensing,2018,Irrigation_Decision,,Non-deterministic,scopus
CHECK,no clear ET/irrigation signal in title/abstract,,,2-s2.0-85209256208,10.1016/j.scitotenv.2024.177552,Development of the CMA-ChemRA: China Regional Weakly Coupled Chemical-Weather Reanalysis System with product since 2007,"The CMA-ChemRA (China Regional Weakly Coupled Chemical-Weather Reanalysis System) was developped using China's first-generation global atmospheric reanalysis product (CRA-40) as initial fields and boundary conditions, coupled with the WRF-Chem atmospheric chemical model and the WRFDA/3DVar assimilation system. By constructing a joint background error covariance matrix, CMA-ChemRA achieves weak coupling between atmospheric chemistry and meteorological variables, enabling simultaneous assimilation of diverse data sources, including hourly observations from ground stations, wind profilers, upper-air soundings, aircraft reports, and atmospheric composition measurements. To extend the dataset to periods before 2013 when China lacked PM<inf>2.5</inf> observations, the system incorporates a reconstructed PM<inf>2.5</inf> dataset derived by AI from visibility inversion alongside various emission inventories. The CMA-ChemRA system produces a reanalysis product from 2007 to the present, with a spatial resolution of 15 km and an hourly temporal resolution. It includes three-dimensional isobaric and near-surface layers for 6 key elements PM<inf>2.5</inf>, PM<inf>10</inf>, O<inf>3</inf>, SO<inf>2</inf>, NO<inf>2</inf>, and CO, as well as meteorological variables. This product is updated in near real-time, with a 50-min lag for forecast updates. Evaluation of the system shows substantial improvements in accuracy, with significant reductions in root mean square error (RMSE) for the six elements in the near-surface atmospheric layer post-assimilation. The model's depiction of ground-level PM<inf>2.5</inf> concentrations aligns well with independent observational data across five urban regions, showing a narrow RMSE range of 15.5 to 32.8 μg/m<sup>3</sup>. Additionally, CMA-ChemRA demonstrates strong performance in capturing the evolution of dust storms and pollution events, particularly in accurately modeling PM<inf>2.5</inf> concentrations during severe pollution episodes. Our innovative approach in constructing a joint background error covariance matrix and the resulting high-resolution, real-time updating CMA-ChemRA product. This represents significant advancement in the field of atmospheric and chemical weather reanalysis. The product serves as an crucial tool for environmental monitoring and forecasting in China.",Assimilation;Chemical-weather coupled reanalysis;Operational production,Science of the Total Environment,2024,Irrigation_Decision,,Unclassified,scopus
CHECK,no clear ET/irrigation signal in title/abstract,,,2-s2.0-85212317122,10.1016/j.scitotenv.2024.177964,"Fine-scale landscape heterogeneity drives microbial community structure at Robinson Ridge, East Antarctica","Life at Robinson Ridge, located in the Windmill Islands region of East Antarctica, is susceptible to a changing climate. At this site, responses of the vegetation communities and moss-beds have been well researched, but corresponding information for microbial counterparts is still lacking. To bridge this knowledge gap, we established baseline data for monitoring the environmental drivers shaping the soil microbial community on the local ‘hillslope’ scale. Using triplicate 300-m long transects encompassing a hillslope with wind-exposed arid soils near the top, and snowmelt-sustained-moss beds at the bottom, we assessed the fine-scale heterogeneity of the soil environmental and microbial properties. Moist, low-lying, and vegetated soils exhibited higher soil fertility and unique biodiversity, with taxa adapted to thrive in moist conditions (i.e., Tardigrada, Phragmoplastophyta, Chloroflexi) and those that have previously demonstrated strong specificity for moss species (i.e., Fibrobacterota, Mucoromycota and Cyanobacteria) dominating. In contrast, elevated soils with limited moisture and nutrients were dominated by metabolically diverse phyla like Actinobacteriota and Ascomycota. Significant differences in microbial communities were observed at both hillslope (50–300 m) and fine spatial scales, as small as 0.1 m. Vertical heterogeneity was observed with higher abundances of Cyanobacteria and micro-algae in surfaces compared to subsoil, potentially indicating early biocrust formation. Stochastic and deterministic processes governing phylogenetic assembly were linked to soil positional groups and microbial domains rather than soil depth. Gradient Forest modeling identified critical environmental thresholds, such as ammonia, manganese, and sulphur, responsible for drastic community changes following level alterations. This reinforces the existence of strong niche preferences and distinct distribution patterns within the local microbial communities. This study highlights the need for finer-scale investigations considering site topography to better understand the relationship between environmental drivers and local microbiota. Ultimately, these insights enable us to understand environmental drivers and predict Antarctic ecosystem responses, helping safeguard this fragile environment.",Antarctica;Climate change;Environmental thresholds;Fine scale;Landscape heterogeneity;Soil microbial communities,Science of the Total Environment,2025,Irrigation_Decision,,Non-deterministic,scopus
CHECK,no clear ET/irrigation signal in title/abstract,,,2-s2.0-84944046036,10.1088/1748-9326/10/8/085004,Projections of rapidly rising surface temperatures over Africa under low mitigation,"An analysis of observed trends in African annual-average near-surface temperatures over the last five decades reveals drastic increases, particularly over parts of the subtropics and central tropical Africa. Over these regions, temperatures have been rising at more than twice the global rate of temperature increase. An ensemble of high-resolution downscalings, obtained using a single regional climate model forced with the sea-surface temperatures and sea-ice fields of an ensemble of global circulation model (GCM) simulations, is shown to realistically represent the relatively strong temperature increases observed in subtropical southern and northern Africa. The amplitudes of warming are generally underestimated, however. Further warming is projected to occur during the 21st century, with plausible increases of 4-6 °C over the subtropics and 3-5 °C over the tropics by the end of the century relative to present-day climate under the A2 (a low mitigation) scenario of the Special Report on Emission Scenarios. High impact climate events such as heat-wave days and high fire-danger days are consistently projected to increase drastically in their frequency of occurrence. General decreases in soil-moisture availability are projected, even for regions where increases in rainfall are plausible, due to enhanced levels of evaporation. The regional dowscalings presented here, and recent GCM projections obtained for Africa, indicate that African annual-averaged temperatures may plausibly rise at about 1.5 times the global rate of temperature increase in the subtropics, and at a somewhat lower rate in the tropics. These projected increases although drastic, may be conservative given the model underestimations of observed temperature trends. The relatively strong rate of warming over Africa, in combination with the associated increases in extreme temperature events, may be key factors to consider when interpreting the suitability of global mitigation targets in terms of African climate change and climate change adaptation in Africa.",actionable messages for adaptation;African temperatures;climate change;drought index;heat-waves;high fire-danger days;regional climate model projections,Environmental Research Letters,2015,Irrigation_Decision,,Non-deterministic,scopus
CHECK,no clear ET/irrigation signal in title/abstract,,,2-s2.0-85205339169,10.1016/j.scitotenv.2024.176525,European croplands under climate change: Carbon input changes required to increase projected soil organic carbon stocks,"Increasing soil organic carbon (SOC) stocks in agricultural systems is a pivotal strategy for promoting soil health and mitigating climate change. Global initiatives have set ambitious targets, aspiring to achieve an annual SOC stock increase of 4 ‰. In the European Union, the recently approved Nature Restoration Law aims to increase SOC stock trends in the top 30 cm of cropland mineral soils. However, current monitoring and reporting practices in some countries rely on simplistic SOC models with default parameters, which may not provide reliable predictions. In this paper, we study the feasibility of a 4 ‰ target in European croplands (i.e., an aspirational target proposed by The international “4 per 1000” Initiative), through estimations of required C input changes. To ensure robust predictions, we propose a novel calibration approach that links model parameters to pedo-climatic variables via statistical relationships from 16 long-term experiments. The effectiveness of the method is evaluated for three SOC models across 4281 sites from the European LUCAS soil survey. Our findings demonstrate that the statistical calibration of the multi-model ensemble improves the accuracy of 2015 and 2018 SOC stock predictions, compared to default parameterization. This improvement was however mainly due to the substantial enhancement of one of the models. According to the weighted multi-model mean, median C input changes to reach a 4 ‰ target for Northern, Central, and Southern Europe stand at 1.85, 1.20, and 0.13 Mg C ha<sup>−1</sup> yr<sup>−1</sup> under RCP 2.6, and 2.21, 1.26, and −0.10 Mg C ha<sup>−1</sup> yr<sup>−1</sup> under RCP 6.0, respectively. To achieve the aspirational 4 ‰ target, estimated C input change requirements exceed the predicted changes in net primary productivity under RCP 2.6 and RCP 6.0. This emphasizes the importance of strategic land-use and land-management interventions to enhance SOC stocks.",4 per 1000 initiative;Carbon sequestration;Climate change;Cropland;European targets;Multi-modeling;Soil organic carbon;Statistical parametrization,Science of the Total Environment,2024,Irrigation_Decision,,Non-deterministic,scopus
CHECK,no clear ET/irrigation signal in title/abstract,,,2-s2.0-85063609622,10.7717/peerj.6617,Spatial near future modeling of land use and land cover changes in the temperate forests of Mexico,"The loss of temperate forests of Mexico has continued in recent decades despite wide recognition of their importance to maintaining biodiversity. This study analyzes land use/land cover change scenarios, using satellite images from the Landsat sensor. Images corresponded to the years 1990, 2005 and 2017. The scenarios were applied for the temperate forests with the aim of getting a better understanding of the patterns in land use/land cover changes. The Support Vector Machine (SVM) multispectral classification technique served to determine the land use/land cover types, which were validated through the Kappa Index. For the simulation of land use/land cover dynamics, a model developed in Dinamica-EGO was used, which uses stochastic models of Markov Chains, Cellular Automata and Weight of Evidences. For the study, a stationary, an optimistic and a pessimistic scenario were proposed. The projections based on the three scenarios were simulated for the year 2050. Five types of land use/land cover were identified and evaluated. They were primary forest, secondary forest, human settlements, areas without vegetation and water bodies. Results from the land use/land cover change analysis show a substantial gain for the secondary forest. The surface area of the primary forest was reduced from 55.8% in 1990 to 37.7% in 2017. Moreover, the three projected scenarios estimate further losses of the surface are for the primary forest, especially under the stationary and pessimistic scenarios. This highlights the importance and probably urgent implementation of conservation and protection measures to preserve these ecosystems and their services. Based on the accuracy obtained and on the models generated, results from these methodologies can serve as a decision tool to contribute to the sustainable management of the natural resources of a region.",Cellular automata;Dinamica-EGO;Land use/land cover change;Markov chains;Pessimistic scenario;Remote sensing;Scenarios;Temperate forests;Weights of evidence,Peerj,2019,Irrigation_Decision,,Non-deterministic,scopus
CHECK,no clear ET/irrigation signal in title/abstract,,,2-s2.0-105026759147,10.1016/j.scitotenv.2025.181315,Tree-ring evidence marks year 2022 as the driest spring season in nearly four centuries in the Western Himalayas,"The Hindukush-Karakoram-Himalayan region is a crucial freshwater source for billions across South Asia, yet its climate remains poorly understood due to limited long-term records. Winter and spring precipitation govern snow accumulation and downstream water availability in dry months particularly across the Western Himalayas (WH), but recent decades show intensifying droughts with unclear long-term context. We have reconstructed a nearly four-century-long spring i.e. February to May (FMAM) precipitation for the Lahaul region of the (WH), an area dominated by the Western Disturbances. This record was developed using moisture-sensitive Cedrus deodara (Deodar) tree-rings from three high-elevation sites. A regional composite tree-ring-width chronology, developed through a Nested Principal Component Analysis and modeled with a nonlinear Generalized Additive Model (GAM) that explains 71 % of the variance during the calibration period. We identified the last two decades as the most precipitation deficit phase and the year 2022 showing the driest FMAM on record. The observed rise in the FMAM dry episodes post 1999 CE in our reconstruction, corresponds to the meteorological records. This recent drying is linked to a northward shift of the subtropical westerly jet and reduced moisture transport, both associated with unusual sea surface temperature patterns in the tropical Indian Ocean and the Western Pacific Ocean. Our results provide compelling evidence of long-term hydroclimatic instability in the WH and emphasize the value of tree-ring records in extending precipitation histories beyond the instrumental observations. Such reconstructions can be benchmarks to validate high-resolution climate models and formulate adaptation policies to mitigate future risks.",Cedrus deodara;Drought intensification;General additive model;Precipitation reconstruction;Sea surface temperatures;Subtropical westerly jet;Tree-ring-width chronology;Western disturbances,Science of the Total Environment,2026,Irrigation_Decision,,Unclassified,scopus
CHECK,no clear ET/irrigation signal in title/abstract,,,2-s2.0-85203281510,10.4269/ajtmh.23-0681,Predicting the Environmental Suitability and Identifying Climate and Sociodemographic Correlates of Guinea Worm (Dracunculus medinensis) in Chad,"A comprehensive understanding of the spatial distribution and correlates of infection are key for the planning of disease control programs and assessing the feasibility of elimination and/or eradication. In this work, we used species distribution modeling to predict the environmental suitability of the Guinea worm (Dracunculus medinensis) and identify important climatic and sociodemographic risk factors. Using Guinea worm surveillance data collected by the Chad Guinea Worm Eradication Program (CGWEP) from 2010 to 2022 in combination with remotely sensed climate and sociodemographic correlates of infection within an ensemble machine learning framework, we mapped the environmental suitability of Guinea worm infection in Chad. The same analytical framework was also used to ascertain the contribution and influence of the identified climatic risk factors. Spatial distribution maps showed predominant clustering around the southern regions and along the Chari River. We also identified areas predicted to be environmentally suitable for infection. Of note are districts near the western border with Cameroon and southeastern border with Central African Republic. Key environmental correlates of infection as identified by the model were proximity to permanent rivers and inland lakes, farmlands, land surface temperature, and precipitation. This work provides a comprehensive model of the spatial distribution of Guinea worm infections in Chad 2010–2022 and sheds light on potential environmental correlates of infection. As the CGWEP moves toward elimination, the methods and results in this study will inform surveillance activities and help optimize the allocation of intervention resources.",,American Journal of Tropical Medicine and Hygiene,2024,Irrigation_Decision,,Non-deterministic,scopus
CHECK,no clear ET/irrigation signal in title/abstract,,,2-s2.0-85128058205,10.1007/s10661-022-09929-2,Oasis sustainability assessment in arid areas using GRACE satellite data,"An oasis is an important habitat for humans, plants, and wildlife in arid desert areas. The sustainability of an oasis is crucial for a smooth regional ecological functioning and healthy economic development. However, the overexploitation of groundwater will result in unsustainable oasis development. Due to the lack of long-term groundwater monitoring data, the impact of groundwater level changes on the sustainability of an oasis has not been studied extensively. In the present study, we used the ground water storage anomaly (GWSA) in combination with the Gravity Recovery and Climate Experiment (GRACE) and the Global Land Data Assimilation System (GLDAS) for the rapid identification of oasis sustainability, which has been tested and evaluated in Hotan and Qira oasis located in arid areas. The results showed that (1) the GWSA is a suitable and reliable indicator for trend change analysis in small-scale oasis and, (2) additionally, M–K test results for long-term trend change of GWSA showed a positive correlation with water resource carrying capacity (WRCC). These results suggest that GWSA can be used as a reliable index for the rapid assessment of oasis sustainability status in arid areas. Moreover, the potential applicability of GRACE satellite data in evaluating the groundwater sustainability in arid areas lacking proper data has also been proved in this study. These findings have provided a foundation to evaluate the sustainability status of an oasis and set a reference point to formulate future policies for the oasis.",Arid area;GLDAS;GRACE;Oasis;Sustainability;WRCC,Environmental Monitoring and Assessment,2022,Irrigation_Decision,,Non-deterministic,scopus
CHECK,no clear ET/irrigation signal in title/abstract,,,https://openalex.org/W2094278736,10.1007/s00382-005-0056-x,Dynamics of the boreal summer African monsoon in the NSIPP1 atmospheric model,,Climatology; Intertropical Convergence Zone; Monsoon; Environmental science; Precipitation; Sea surface temperature; Equator; Climate model; Boreal; Tropical Atlantic; Monsoon of South Asia; Forcing (mathematics); Climate change; Atmospheric sciences; Geology; Latitude; Oceanography; Geography; Meteorology,Climate Dynamics,2005,Irrigation_Decision,,Unclassified,openalex
CHECK,no clear ET/irrigation signal in title/abstract,,,https://openalex.org/W169037961,10.1007/978-94-007-6692-1_8,Prediction from Weeks to Decades,,History; Computer science,,2013,Irrigation_Decision,,Unclassified,openalex
CHECK,no clear ET/irrigation signal in title/abstract,,,https://openalex.org/W4379134808,10.2139/ssrn.4467836,"Crop Yield Forecasting by Integrating Data Assimilation, Crop Model, and Machine Learning",,Data assimilation; Yield (engineering); Crop; Assimilation (phonology); Agricultural engineering; Crop yield; Environmental science; Agronomy; Engineering; Meteorology; Geography; Biology; Physics; Linguistics,SSRN Electronic Journal,2023,Irrigation_Decision,,Non-deterministic,openalex
CHECK,no clear ET/irrigation signal in title/abstract,,,https://openalex.org/W4399919226,10.1007/s00376-024-4006-0,Preface to the Special Issue: AI Applications in Atmospheric and Oceanic Science: Pioneering the Future (Part I),,Climatology; Environmental science; Meteorology; Geology; Geography,Advances in Atmospheric Sciences,2024,Irrigation_Decision,,Unclassified,openalex
CHECK,no clear ET/irrigation signal in title/abstract,,,https://openalex.org/W7169878618,10.21203/rs.3.rs-10406658/v1,Skillful seasonal forecasts with a freely evolving AI weather model,,Probabilistic logic; Forecast skill; Probabilistic forecasting; Quantitative precipitation forecast; Precipitation; Graph; Sea surface temperature; Ensemble forecasting,Research Square,2026,Irrigation_Decision,,Non-deterministic,openalex
CHECK,no clear ET/irrigation signal in title/abstract,,,https://openalex.org/W4399913451,10.2139/ssrn.4873755,Interpretation of Glaciers Mass Change within the Upper Yukon Watershed from Grace Using Explainable Automated Machine Learning Algorithms,,Watershed; Interpretation (philosophy); Glacier; Algorithm; Artificial intelligence; Computer science; Geology; Remote sensing; Geomorphology; Machine learning,SSRN Electronic Journal,2024,Irrigation_Decision,,Non-deterministic,openalex
CHECK,no clear ET/irrigation signal in title/abstract,,,https://openalex.org/W4411144628,10.2139/ssrn.5286856,Quantifying Hydrothermal-Driven Dynamics of Gross Primary Productivity in the Ta-Pieh Mountains Based on Explainable Artificial Intelligence,,Hydrothermal circulation; Primary productivity; Primary (astronomy); Productivity; Artificial intelligence; Geology; Computer science; Ecology; Biology; Economics; Physics; Macroeconomics; Paleontology; Ecosystem; Astrophysics,SSRN Electronic Journal,2025,Irrigation_Decision,,Unclassified,openalex
CHECK,no clear ET/irrigation signal in title/abstract,,,https://openalex.org/W1500507511,10.1007/978-3-662-03167-4_3,Climate Spectra and Stochastic Climate Models,,Climatology; Environmental science; Context (archaeology); Forcing (mathematics); Climate model; Extratropical cyclone; Climate change; Atmospheric sciences; Stochastic modelling; Middle latitudes; Geology; Oceanography; Mathematics,,1995,Irrigation_Decision,,Non-deterministic,openalex
