id,source,doi,title,abstract,year,venue,authors,institutions,country_codes,cited_by_count,is_oa,oa_status,issn,keywords,block
2-s2.0-105039295378,scopus,10.1061/JHYEFF.HEENG-6751,Performance Evaluation and Uncertainty Quantification of Deep Learning Models for Agricultural Drought Prediction,"Early prediction of agricultural drought is critical for minimizing its adverse impacts. Although numerous studies have addressed drought forecasting, limited attention has been given to the uncertainty analysis of predictive models. This study employed quantile regression (QR) to quantify the uncertainty in deep learning models - specifically convolutional neural networks (CNN) and long short-term memory (LSTM) networks - for agricultural drought prediction and analyzed the capability of the developed models in predicting various categories of drought using the standardized soil moisture index (SSI). The models incorporate both local meteorological variables and global teleconnection indices and were applied to the Palakkad district of Kerala, India. The results indicate that integrating global climatic indicators enhances model performance at longer lead times and reduces predictive uncertainty. Notably, the inclusion of climatic indices resulted in an approximate 9% reduction in root mean square error (RMSE) at a 5-month lead time compared with models using only local meteorological variables. Across all lead times and grid points, CNN models consistently outperformed LSTM models. Category-wise analysis further revealed that the models are effective in predicting rare and extreme drought events. Among the tested configurations, the CNN model incorporating both meteorological and climatic indices proved to be most effective for long-lead agricultural drought prediction, based on both performance metrics and uncertainty quantification. The proposed methodology is generalizable and can be extended to other locations, contributing to more-informed drought mitigation strategies.",2026,Journal of Hydrologic Engineering,Das K S.; Chithra N.R.,National Institute of Technology Calicut,IN,0,False,,10840699,Agricultural drought;Convolutional neural networks (CNN);Deep learning;Global teleconnection factors;Long short-term memory (LSTM);Uncertainty,Irrigation_Decision
2-s2.0-105039265727,scopus,10.1016/j.jag.2026.105341,A novel multi-source attention-enhanced transformer U-net for sea surface salinity retrieval based on remote sensing data in the Northwest Pacific,"Accurate mapping of sea surface salinity (SSS) is essential for diagnosing the marine hydrological cycle and enhancing coupled atmosphere–ocean forecasts. However, current L-band satellite products remain compromised by radio-frequency interference, land-sea contamination and imperfect roughness corrections. Therefore, this study developed a multi-source attention-enhanced Transformer U-Net (MSAtt-TransUNet), which synergistically exploits Soil Moisture Active Passive (SMAP) L-band brightness temperature (TB) and auxiliary environmental factors, adopting a physically guided loss function that preserves the salinity front to retrieve SSS in the dynamically complex Northwest Pacific. MSAtt-TransUNet reduced Root Mean Square Error (RMSE) by 12.6% relative to the baseline U-Net. Compared with in situ Argo data, the proposed model attained an RMSE of 0.235 psu and a Pearson correlation coefficient (R) of 0.844, markedly outperforming the operational SMAP Level-3 product (0.338 psu and 0.728). Validation against the BOA_Argo gridded dataset further confirms that MSAtt-TransUNet had better performance than SMAP official, while remaining robust across spatio-temporal domains. Notably, spatial diagnostics against the Hybrid Coordinate Ocean Model (HYCOM) analysis indicate that MSAtt-TransUNet effectively reconstructed salinity gradients across the Northwest Pacific. Shapley additive explanation and channel ablation experiments assigned the highest importance to dual-polarized TB, followed by wind speed and sea surface temperature. The model achieved these gains without assimilating any in situ measurements or model priors, offering a highly accurate, robust, and interpretable alternative for near real-time SSS monitoring and regional data-assimilation applications.",2026,International Journal of Applied Earth Observation and Geoinformation,Han X.; Zhang X.; Zhang D.,Hainan Tropical Ocean University; Tianjin University,CN,0,True,gold,15698432,Deep learning;Sea surface salinity;SMAP;Transformer;U-Net,Irrigation_Decision
2-s2.0-105038031695,scopus,10.1007/s00704-026-06190-2,Climate-driven tomato yield responses in central india using DSSAT-CROPGRO and CMIP6 projections,"Accurate assessment of climate-change impacts on horticultural crops is critical for strengthening climate-resilient food systems in vulnerable regions. This study quantifies the effects of future warming and hydro-climatic variability on tomato (Solanum lycopersicum L.) productivity across Madhya Pradesh (M.P.), Central India, by integrating the DSSAT-CROPGRO-Tomato model with an eight-member CMIP6 multi-model ensemble under SSP2-4.5 and SSP5-8.5 scenarios. Simulations were performed for the near-future (2010–2039), mid-century (2040–2069), and end-century (2070–2099) relative to a historical baseline (1980–2009). Model performance was rigorously evaluated using district-level observed yields (2019–2024) and an independently developed Random Forest (RF) benchmark. DSSAT demonstrated strong predictive skill (r = 0.876; R² = 0.767; RMSE = 6.528 t ha⁻¹; NSE = 0.744), while the RF model showed higher statistical accuracy (r = 0.962; R² = 0.926; RMSE = 3.653 t ha⁻¹; NSE = 0.920), reinforcing confidence in the climate-driven projections. Ensemble-based simulations indicate substantial and persistent yield reductions across all future periods. Tomato yields are projected to decline by − 36.8% (SSP2-4.5) and − 33.8% (SSP5-8.5) in the near future, − 30.5% and − 27.8% by mid-century, and − 24.4% and − 15.4% by the end of the century. These losses are primarily driven by accelerated thermal-time accumulation and consistent phenological compression, with reductions of 3–8% in flowering duration and 2–6% in maturity, particularly in the near term. Enhanced evapotranspirative demand and increased rainfall variability further constrain soil moisture, amplifying heat-induced physiological stress. Although elevated atmospheric CO₂ improves photosynthetic efficiency and partially alleviates water stress, these benefits are insufficient to offset temperature-driven yield losses. Overall, the near-future period emerges as the most critical vulnerability window, during which rapid warming and shortened reproductive phases exert the strongest adverse effects on tomato productivity. The findings highlight the urgency of proactive adaptation strategies, including optimized sowing windows, heat- and drought-tolerant cultivars, precision irrigation, and integrated nutrient–water management. By coupling process-based crop modeling with machine-learning validation, this study provides a robust and scalable framework for anticipating climate risks and supporting long-term agricultural decision-making under accelerating climate change and associated uncertainties.",2026,Theoretical and Applied Climatology,Singh P.N.; Srivastava P.K.; Mall R.K.; Singh S.M.; Bahadur A.,"Banaras Hindu University; ICAR - Indian Institute Of Vegetable Research, Varanasi",IN,0,False,,0177798X,Central India;Climate-smart adaptation;CMIP6 projections;DSSAT-CROPGRO;Random forest;Tomato yield,Irrigation_Decision
2-s2.0-105036627640,scopus,10.1016/j.envc.2026.101500,"The influence of El Niño and Indian Ocean Dipole on the extreme decline in the water level of Lake Toba, Indonesia","Lake Toba, the world's largest tectonic-volcanic lake and part of the UNESCO Global Geopark, has experienced several episodes of extreme water level subsidence over the past four decades. This phenomenon of extreme decline has significant ecological, social, and economic implications, requiring a comprehensive understanding of its controlling factors. This study evaluates the relative contributions of the El Niño-Southern Oscillation (ENSO) and the Indian Ocean Dipole (IOD) to rainfall variability and extreme water-level subsidence events during the period 1984–2020. The approaches used include percentile-based extreme threshold analysis, stochastic analysis through Fokker–Planck equations, rainfall anomaly analysis, climate composite, Standardized Precipitation Index (SPI), lake water balance, and wavelet transform coherence (WTC). The results show that the extreme decline in lake water levels is not controlled by a single factor, but by a dynamic interaction between global climate teleconnectivity and local hydrological regulation. The 1987, 1998, and 2016 episodes were strongly associated with intense El Niño and, in 1998, were amplified by positive IODs, resulting in significant rainfall deficits, droughts, and water balance deficits. In contrast, the 1990 episode reflected more of a combination of regional drought, hydrological deficits, and possible outflow management influences. WTC analysis shows that the relationship between rainfall and ONI is stronger and more persistent than that between rainfall and IOD, while water balance is the most dominant controller of lake water-level fluctuations. These findings confirm that the risk of extreme water-level decline in Lake Toba is non-stationary and requires an adaptive, risk-based, and integrated water management strategy, informed by climate teleconnection information, to support the sustainability of lake water resources.",2026,Environmental Challenges,Rosid M.S.; Irwandi H.; Mart T.; Siswanto ; Najib M.K.; Susanto R.D.; Sulaiman A.; Prasetya R.; Riama N.F.,"Badan Riset dan Inovasi Nasional; College of Computer, Mathematical, & Natural Sciences; IPB University; Indonesian Agency for Meteorology; Universitas Indonesia",ID;US,0,True,gold,26670100,ENSO;Extreme decline;IOD;Lake Toba,Irrigation_Decision
2-s2.0-105034038754,scopus,10.1016/j.envc.2026.101475,Changes in groundwater storage dynamics in the tropical archipelago region,"Groundwater storage is a critical component of freshwater resources, yet its variability under a changing climate remains poorly understood. The Indonesian archipelago, situated at the confluence of the Asian–Australian monsoon and the Indo-Pacific climate system, provides a natural laboratory to examine the hydroclimatic drivers of groundwater dynamics. Using satellite-based Gravity Recovery and Climate Experiment (GRACE) data from 2002 to 2024, combined with Global Land Data Assimilation System (GLDAS) data, we investigated spatiotemporal variations in groundwater storage anomalies (GWSA) across Indonesia. Trend analysis revealed a national increasing trend in Indonesia of approximately +0.23 mm/month, with a pronounced regional variability. The strongest increase occurred in Papua (+0.33 mm/month), nearly three times higher than in Kalimantan (+0.12 mm/month). At the same time, rainfall fields exhibited patterns broadly consistent with GWSA, highlighting the strong influence of extreme climatic events such as the 2015–2016 drought on groundwater storage dynamics. The leading EOF mode (EOF1) dominated GWSA variability across all major Indonesian islands, explaining 72.6% in Java, 65.2% in Sumatra, 54.7% in Kalimantan, 69.7% in Sulawesi, and 55.4% in Papua. Correlation analyses of deseasonalized GWSA revealed pronounced regional differences in the climatic controls on GWSA across Indonesia, with interannual variability in Java and Sumatra more closely associated with IOD variability, while both ENSO and IOD showed statistically significant correlations in Kalimantan, Sulawesi, and Papua. Nevertheless, our GWSA estimates were subject to uncertainties arising from the GLDAS partitioning of terrestrial water storage, particularly where GLDAS soil moisture is likely overestimated. These biases propagated into the residual GWSA fields, while signal leakage and land-ocean signal mixing further complicated the interpretation of local-scale signals, especially in relatively small regions and coastal areas.",2026,Environmental Challenges,Sudradjat A.; Brawijaya D.; Fadiyah N.N.; Mulyana N.F.; Pinto R.D.C.; Fathurachman R.; Firdayati M.,Institut Teknologi Bandung,ID,1,True,gold,26670100,Groundwater storage anomaly;Groundwater storage dynamics;Indonesian archipelago;Spatiotemporal variability;Tropical region,Irrigation_Decision
2-s2.0-105037585067,scopus,10.3390/earth7020042,Analyzing the Effect of the 2015/16 Catastrophic El Niño Event on Wildfire Emissions in Southern Africa Using Lagged Correlation and Interrupted Time-Series Causal Impact Technique,"Southern Africa is highly sensitive to climate variability associated with the El Niño Southern Oscillation (ENSO), which strongly influences hydroclimate, vegetation dynamics, and atmospheric composition. This study examined the impacts of the 2015/16 El Niño on vegetation, meteorological conditions, and atmospheric emissions over Southern Africa using satellite observations and reanalysis data. Time-lagged cross-correlation analysis of seasonally adjusted time-series was applied to characterize synchronous and delayed interactions among vegetation indices, hydrological variables, meteorological drivers, and air-quality parameters. Bayesian causal impact analysis was further used to quantify El Niño-induced anomalies by comparing observed conditions with counterfactual scenarios representing the absence of the event. The results showed that vegetation greenness responds primarily to concurrent moisture availability, with strong positive associations between NDVI, precipitation, soil moisture, and canopy water. Moisture-related variables exert delayed influences on atmospheric composition, highlighting the role of wet scavenging and dilution. Carbonaceous aerosols (black carbon [BC] and organic carbon [OC]), particulate matter [PM<inf>2.5</inf>], and aerosol optical depth exhibit strong synchronous coupling, indicating a dominant biomass-burning source. The causal impact analysis reveals statistically significant and sustained post-2015 increases in fire-related emissions (carbon monoxide [CO], BC, OC, PM<inf>2.5</inf>, and aerosol optical depth [AOD]), particularly during austral winter and dry seasons. In contrast, precipitation, soil moisture, evapotranspiration, and vegetation greenness show persistent negative anomalies, reflecting widespread drought stress under elevated temperatures. Overall, the findings demonstrate that the 2015/16 El Niño amplified fire emissions while suppressing ecosystem functioning across Southern Africa, underscoring strong climate–fire–vegetation feedback with important air-quality and environmental implications.",2026,Earth Switzerland,Shikwambana L.; Kganyago M.; Zhang X.,China University of Geosciences; North-West University; South African National Space Agency; University of Johannesburg,CN;ZA,0,True,gold,26734834,air-quality;causal analysis;disasters;remote sensing;Southern Africa,Irrigation_Decision
2-s2.0-105030196067,scopus,10.1007/s42452-026-08263-3,A comparative study on stochastic and AI-based approaches for predicting meteorological droughts,"Meteorological drought, a recurrent manifestation of climate variability, poses significant challenges to sustainable water resource management and agricultural planning in India. This study investigates the comparative performance of stochastic and artificial intelligence (AI)-based models for forecasting meteorological drought using monthly precipitation data (1981–2021) from Sagar and Chhatarpur districts of Madhya Pradesh, India. The primary objective is to identify the most reliable model capable of capturing complex temporal dependencies in the Standardized Precipitation Index (SPI) series. A suite of models, including Auto-Regressive Integrated Moving Average (ARIMA), Artificial Neural Network (ANN), Recurrent Neural Network (RNN), Gated Recurrent Unit (GRU), and Long Short-Term Memory (LSTM) networks, were employed. The LSTM demonstrated superior predictive accuracy, achieving reductions in root mean square error (RMSE) of 71.4%, 33.0%, 21.3%, and 11.2% over ARIMA, ANN, RNN, and GRU, respectively, in Chhatarpur, with comparable improvements in Sagar district. The Diebold–Mariano test further validated the statistical significance of the LSTM’s performance advantage. The findings underscore the capability of deep learning approaches in capturing nonlinear and long-term dependencies in meteorological drought forecasting. Enhanced forecast accuracy achieved by the LSTM model holds practical value for policymakers, water managers, and agricultural planners by supporting the development of early warning systems, optimizing irrigation scheduling, and improving adaptive drought mitigation strategies. The study strengthens the evidence base for integrating advanced artificial intelligence frameworks into climate risk management and drought resilience planning.",2026,Discover Applied Sciences,Kumar R.R.; Jaiswal R.; Ray M.; Choudhary K.; Bisen J.; Singh K.N.,"ICAR - Central Institute of Temperate Horticulture, Srinagar; ICAR - Indian Agricultural Research Institute, New Delhi; ICAR - Indian Agricultural Statistics Research Institute, New Delhi; ICAR - National Institute of Agricultural Economics and Policy Research, New Delhi",IN,0,True,gold,30049261,ANN;Artificial intelligence;Drought forecasting;SPI;Statistical models,Irrigation_Decision
2-s2.0-105034575504,scopus,10.1016/j.ejrh.2025.103090,"Spatial-temporal dynamics of meteorological and groundwater drought in Northwest China: Propagation, threshold, recovery time, drivers","AbstractStudy regionNorthwest ChinaStudy focusUnderstanding the propagation mechanism from meteorological to groundwater drought is crucial for groundwater management and drought early warning. However, scant research exists for mechanism of the unseen groundwater drought propagation. This study applied drought indices including the Standardized Precipitation Index (SPI) and Groundwater Drought Index (GDI), and utilized methods such as run theory, convergent cross mapping (CCM), Copula function, and Bayesian network, as well as several open-source data sources to analyze the drought characteristics, propagation rule, threshold, and recovery time of meteorological-groundwater drought in Northwest China (NWC) from 1960 to 2024. Specifically, the 'compound meteorological-groundwater drought event' is defined as the period from the onset of groundwater drought to the end of meteorological drought, aiming to highlight the full system response time from the initiation of deep water deficit to shallow water recovery. The contributions of driving factors were further quantified using XGBoost-SHAP, a game theory-based approach for interpreting model outputs and quantifying feature importance.New hydrological insights for the regionThe number of meteorological-groundwater drought events is lower than that of meteorological droughts but higher than that of groundwater droughts, with the shortest average duration (2.29 months) and the lowest severity (3.94). The propagation time (PT) of meteorological-groundwater drought is 4.69 months. The average probabilities of the meteorological drought triggering mild, moderate, severe, and extreme groundwater droughts are 30.27 %, 20.60 %, 9.63 %, and 5.50 %. The propagation threshold is dominated by extreme meteorological drought, accounting for 55.69 %. The recovery time for compound meteorological-groundwater droughts reached up to 3.05 months, exceeding that of individual meteorological or groundwater drought events. ENSO has the strongest influence on the groundwater drought. The interaction between climate change and human activities has the largest average contribution at 64 %, with Digital Elevation Model (DEM), precipitation (Pre), soil moisture (SM), and Gross Domestic Product (GDP) being the primary factors. These findings highlight the importance of drought monitoring and differentiated groundwater management in arid and semi-arid regions.",2026,Journal of Hydrology Regional Studies,Shan J.; Zhu R.; Yin Z.; Fang C.; Li R.; Zhou G.,China Meteorological Administration; Lanzhou Jiaotong University; Northwest Institute of Eco-Environment and Resources; Shaanxi Normal University,CN,2,True,gold,22145818,Drought propagation characteristics;Drought propagation drivers;Drought recovery time;Groundwater drought;Meteorological drought,Irrigation_Decision
2-s2.0-105024671039,scopus,10.1038/s41586-025-09728-y,Hot droughts in the Amazon provide a window to a future hypertropical climate,"Tropical forests represent the warmest and wettest of Earth’s biomes, but with continued anthropogenic warming, they will be pushed to climate states with no current analogue<sup>1,2</sup>. Droughts in the tropics are already becoming more intense as they occur at successively higher temperatures<sup>3, 4–5</sup>. Here we synthesize multiple datasets to assess the effects of hot droughts on a central Amazon forest. First, a more than 30-year record of annually resolved forest demographic data from a selective logging experiment showed higher tree mortality during intense droughts, particularly among fast-growing pioneer species with low wood density. Second, analysis of ecophysiological field measurements from the 2015 and 2023 El Niño droughts identified a soil moisture threshold beyond which transpiration rates rapidly declined. As rainless days beyond this threshold continued, drought conditions intensified, increasing the potential for tree mortality from hydraulic failure and carbon starvation. Third, analyses from the Coupled Model Intercomparison Project Phase 6 demonstrated that under high-emission scenarios, a large area of tropical forest will shift to a hotter ‘hypertropical’ climate by 2100. Last, under a hypertropical climate, temperature and moisture conditions during typical dry season months will more frequently exceed identified drought mortality thresholds, elevating the risk of forest dieback. Present-day hot droughts are harbingers of this emerging climate, offering a window for studying tropical forests under expected extreme future conditions<sup>6, 7–8</sup>.",2026,Nature,Chambers J.Q.; Nogueira Lima A.J.; Pastorello G.; Gimenez B.O.; Meng L.; Dyer L.A.; Feng Y.; Santos da Silva C.; Costa de Oliveira R.; Weber A.; Koven C.; Negrón-Juárez R.; Spanner G.C.; Gaui T.D.; Fontes C.G.; de Araújo A.C.; McDowell N.; Leung R.; Marra D.M.; Warren J.; Celestina Souza D.; Wright C.; Jardine K.; Longo M.; Xu C.; Fine P.V.A.; Fisher R.A.; Tomasella J.; dos Santos J.; Higuchi N.,"BeZero Carbon; CICERO Senter for Klimaforskning; Embrapa Amazônia Oriental; Instituto Nacional de Pesquisas Da Amazonia; Instituto Nacional de Pesquisas Espaciais; Julius Kühn-Institut - Federal Research Centre for Cultivated Plants; Lawrence Berkeley National Laboratory; Los Alamos National Laboratory; MIT School of Engineering; Max Planck Institute for Biogeochemistry; Oak Ridge National Laboratory; Pacific Northwest National Laboratory; University of California, Berkeley; University of Nevada, Reno; Vanderbilt University",BR;DE;GB;NO;US,6,False,,00280836,,Irrigation_Decision
2-s2.0-105026759147,scopus,10.1016/j.scitotenv.2025.181315,Tree-ring evidence marks year 2022 as the driest spring season in nearly four centuries in the Western Himalayas,"The Hindukush-Karakoram-Himalayan region is a crucial freshwater source for billions across South Asia, yet its climate remains poorly understood due to limited long-term records. Winter and spring precipitation govern snow accumulation and downstream water availability in dry months particularly across the Western Himalayas (WH), but recent decades show intensifying droughts with unclear long-term context. We have reconstructed a nearly four-century-long spring i.e. February to May (FMAM) precipitation for the Lahaul region of the (WH), an area dominated by the Western Disturbances. This record was developed using moisture-sensitive Cedrus deodara (Deodar) tree-rings from three high-elevation sites. A regional composite tree-ring-width chronology, developed through a Nested Principal Component Analysis and modeled with a nonlinear Generalized Additive Model (GAM) that explains 71 % of the variance during the calibration period. We identified the last two decades as the most precipitation deficit phase and the year 2022 showing the driest FMAM on record. The observed rise in the FMAM dry episodes post 1999 CE in our reconstruction, corresponds to the meteorological records. This recent drying is linked to a northward shift of the subtropical westerly jet and reduced moisture transport, both associated with unusual sea surface temperature patterns in the tropical Indian Ocean and the Western Pacific Ocean. Our results provide compelling evidence of long-term hydroclimatic instability in the WH and emphasize the value of tree-ring records in extending precipitation histories beyond the instrumental observations. Such reconstructions can be benchmarks to validate high-resolution climate models and formulate adaptation policies to mitigate future risks.",2026,Science of the Total Environment,Pandey P.; Ashfaq M.; Lal D.; Shekhar M.; Singh B.B.; Ranhotra P.S.; Chand P.; Bhattacharyya A.,Academy of Scientific and Innovative Research (AcSIR); Birbal Sahni Institute of Palaeobotany; Central University of Punjab; Indian Institute of Tropical Meteorology; Oak Ridge National Laboratory,IN;US,0,False,,00489697,Cedrus deodara;Drought intensification;General additive model;Precipitation reconstruction;Sea surface temperatures;Subtropical westerly jet;Tree-ring-width chronology;Western disturbances,Irrigation_Decision
2-s2.0-105025128614,scopus,10.1007/s00704-025-05943-9,"Using climate variability for regional crop yield prediction with machine learning: a case study on sunflower, corn, and wheat in the Argentine pampas","This study developed and evaluated yield forecasting models for sunflower, corn and wheat in the Argentine Pampas, using weather station variables and teleconnection indices as predictors. Three modeling approaches -multiple linear regression (MLR), multinomial regression (MLogR), and decision trees- were assessed, along with an ensemble model combining predictions from the primary models. Regionalization via K-means clustering identified coherent productive zones for each crop: three north-to-south clusters for sunflower, four clusters for corn, and two for wheat, reflecting different alignment with regional phenological stages. Results indicated that MLogR and MLR were the most effective models, with no clear predictors preference between weather station variables and teleconnection indices. The best predictions for sunflower’s central and southern clusters were attained with station-based models, highlighting the importance of winter and spring evapotranspiration and precipitation. Conversely, the northern cluster relied on teleconnection indices, including IOD and ENSO indicators, which influence rainfall and temperature patterns. The corn yield was effectively forecasted using teleconnection indices in the southern cluster and station-based models in the eastern and western clusters, emphasizing the role of soil moisture and temperature during critical growth phases. Lastly, wheat yield predictions varied by region, with teleconnection indices and station data capturing essential pre-sowing and flowering conditions. These findings underscore the importance of leveraging climate variability knowledge to develop regionalized models tailored to specific crop and environmental characteristics. MLogR and MLR, particularly with careful feature selection, offer robust tools for operational yield forecasting, enhancing agricultural decision-making in the Argentine Pampas.",2026,Theoretical and Applied Climatology,Maisonnave T.; Hurtado S.I.; Aldeco L.S.; Ricetti L.; Easdale M.H.,Consejo Nacional de Investigaciones Científicas y Técnicas; Fundacion Bariloche; Fundación Patagonia AnalytiX; Ministerio de Defensa República Argentina; Universidad Nacional de La Plata,AR,1,False,,0177798X,Argentine pampas;Climate variability;Crop yield;ENSO;Forecast;Prediction,Irrigation_Decision
2-s2.0-85216042390,scopus,10.1038/s41467-025-56109-0,Changes in event soil moisture-temperature coupling can intensify very extreme heat beyond expectations,"The most disastrous heatwaves are very extreme events with return periods of hundreds of years, but traditionally, climate research has focussed on moderate extreme events occurring every couple of years or even several times within a year. Here, we use three Earth System Model large ensembles to assess whether very extreme heat events respond differently to global warming than moderate extreme events. We find that the warming signal of very extreme heat can be amplified or dampened substantially compared to moderate extremes. This modulation is detectable already in mid-century projections. In the mid-latitudes, it can be explained by changes in event soil moisture-temperature coupling during the hottest day of the year. The changes depend on the interplay of present soil moisture and coupling during heat events as well as projected precipitation changes. This mechanism is robust across models, albeit with large spatial uncertainties. Our findings are highly relevant for climate risk assessments and adaptation planning.",2025,Nature Communications,Maraun D.; Schiemann R.; Ossó A.; Jury M.,University of Reading; Universität Graz,AT;GB,46,True,gold,20411723,,Irrigation_Decision
2-s2.0-105016909423,scopus,10.1186/s13071-025-06938-1,Species distribution modeling to predict tsetse fly (Glossina spp.) habitat suitability in Kenya,"Background: African animal trypanosomosis (AAT) and human African trypanosomosis (HAT) are transmitted and spread primarily by tsetse flies (Glossina spp.) in sub-Saharan Africa. The animal disease poses significant challenges to agropastoral systems, including in Kenya, where 38 out of 47 counties are infested with eight species of Glossina. Climate change and human activities can also aggravate these infestations, putting rural-scale farmers who rely on agropastoral systems at a greater risk. Geographical gaps in existing entomological datasets limit a comprehensive understanding of tsetse fly distribution across the country, especially amid rapid landscape dynamics. Methods: This study aimed to predict the spatial distribution of tsetse flies habitat in Kenya using recent entomological data (i.e., tsetse fly occurrence records), satellite-derived environmental variables, landscape structure, demographic indicators, and species-distribution modeling techniques. We applied four machine learning (ML) algorithms—random forest (RF), support vector machines (SVM), maximum entropy (MaxEnt), and generalized linear models (GLM)—to predict tsetse flies habitat suitability. Additionally, we developed ensemble models that combine the predictive power of the four algorithms. Predictions were made at the genus level (Glossina spp.) and the species level for one priority species (Glossina pallidipes). Results: The models performed well with true skill statistic (TSS) and area under the curve (AUC) metric measures of 0.67 and 0.88 for Glossina spp. and 0.85 and 0.96 for G. pallidipes, respectively. The predictions indicated an estimated potential suitable area of about 26% of Kenya for Glossina spp. and 9% for G. pallidipes. Tsetse fly habitat suitability was positively correlated with increased sheep density, normalized difference vegetation index, and soil moisture. However, suitability declined when the maximum land surface temperature (LST) exceeded 40 °C and elevation increased above 400 m. Conclusions: These findings can help improve the targeting and, hence, the cost-effectiveness of surveillance and ultimately support an evidence-based progressive control of tsetse flies infestation in Kenya.",2025,Parasites and Vectors,Mongare R.; Gachoki S.; Adam E.; Kimathi E.; Barreaux A.M.G.; Cecchi G.; Onyango S.; Ngari N.; Masiga D.; Abdel-Rahman E.M.,"Food and Agriculture Organization of the United Nations; International Centre of Insect Physiology and Ecology Nairobi; Kenya Tsetse and Trypanosomiasis Eradication Council (KENTTEC); University of KwaZulu-Natal; University of the Witwatersrand, Johannesburg; Université de Montpellier",FR;IT;KE;ZA,4,True,gold,17563305,Animal;Data science;Health;Machine learning;Remote sensing technology;Vector-borne diseases,Irrigation_Decision
2-s2.0-105007908484,scopus,10.1016/j.fcr.2025.110032,Wheat crop models underestimate drought stress in semi-arid and Mediterranean environments,"Under climate change and increasingly extreme weather, projections of water demand and drought stress from process-based crop models can inform risk management and adaptation strategies. Previous studies investigating maize crop models demonstrated considerable error in the simulation of water use, and no similar evaluation of wheat crop models exists. The aims of this study were to (1) evaluate wheat crop models’ performance in reproducing observed daily evapotranspiration (ET) for Mediterranean and semi-arid environments, and (2) identify factors and processes associated with model error and uncertainty. These were assessed with an ensemble of wheat crop models for two experiments, one conducted in Bushland, Texas, USA (three seasons, deficit and full irrigation) and another in Avignon, France (four rainfed seasons) with winter bread and durum wheat, respectively. Models were calibrated with all observed data for crop growth. The model ensemble median underestimated water use in all environments evaluated, suggesting a systematic bias. The relative error in underestimating daily ET was constant across levels of atmospheric evaporative demand; therefore, the absolute error was greater for days with larger evaporative demand. This implies errors in the soil water balance increase more rapidly under high evaporative demand conditions. Using a potential versus reference crop evapotranspiration approach did not explain relative model performance. However, the sensitivity analysis indicated that simulation of atmospheric evaporative demand terms explained much more uncertainty in seasonal water use than terms related to soil depth or root growth. Errors in simulated leaf area index were associated with errors in daily simulated ET, but the relationship varied with the growth stage. Collectively, the results suggest the need to improve simulation of atmospheric ET demand to avoid underestimating projected impacts of drought or required water resource availability for viable production systems.",2025,Field Crops Research,Webber H.; Cooke D.; Wang C.; Asseng S.; Martre P.; Ewert F.; Kimball B.; Hoogenboom G.; Evett S.; Chanzy A.; Garrigues S.; Olioso A.; Copeland K.S.; Steiner J.L.; Cammarano D.; Chen Y.; Crépeau M.; Diamantopoulos E.; Ferrise R.; Manceau L.; Gaiser T.; Gao Y.; Gayler S.; Guarin J.R.; Hunt T.; Jégo G.; Padovan G.; Pattey E.; Ripoche D.; Rodríguez A.; Ruiz-Ramos M.; Shelia V.; Srivastava A.K.; Supit I.; Tao F.; Thorp K.; Viswanathan M.; Weber T.; White J.,"Aarhus Universitet; Agriculture and Agri-Food Canada; Agroclim; Brandenburg University of Technology Cottbus-Senftenberg; Ecologie des Forêts Méditerranéennes (URFM); European Centre for Medium-Range Weather Forecasts; Institute of Geographic Sciences and Natural Resources Research, Chinese Academy of Sciences; Julius Kühn-Institut - Federal Research Centre for Cultivated Plants; Kansas State University; Leibniz-Zentrum für Agrarlandschaftsforschung (ZALF) e. V.; NASA Goddard Institute for Space Studies; Technische Universität München; USDA ARS Conservation and Production Research Laboratory; USDA ARS U.S. Arid-Land Agricultural Research Center; Universidad Politécnica de Madrid; Universidad de Castilla-La Mancha; University of Chinese Academy of Sciences; University of Florida; University of Guelph; Università degli Studi di Firenze; Universität Bayreuth; Universität Bonn; Universität Hohenheim; Universität Kassel; Université d'Avignon et des Pays du Vaucluse; Université de Montpellier; Wageningen University & Research",CA;CN;DE;DK;ES;FR;GB;IT;NL;US,8,True,gold,03784290,Climate risk;Crop models;Drought stress;Evapotranspiration;Wheat,Irrigation_Decision
2-s2.0-105010566617,scopus,10.1029/2025GL115600,Disruption of Drought Teleconnections Between ENSO-Influenced Regions Around 1700 CE,"Our understanding of pre-modern El Niño Southern Oscillation (ENSO) variability is reliant on proxy records, often distant from the center of ENSO activity in the equatorial Pacific Ocean. Here, we assess the relationship between reconstructed soil moisture in four distant ENSO-influenced regions over the past 400 years. A major breakdown in the teleconnection of regional drought conditions in Asia, Eastern Australia, and North America is identified around 1700 CE. The statistically significant decline in inter-series correlations (p < 0.01) represents a previously unknown aspect of global hydroclimate dynamics. We hypothesize that the disruption was driven by ENSO weakening and/or by a large-scale multi-decadal reconfiguration of ocean-atmosphere circulation. Data assimilation estimates of soil moisture from the same regions fail to produce results of the same magnitude, potentially due to an overreliance of ENSO influence on the boundaries of spatial covariance in the underlying climate models.",2025,Geophysical Research Letters,Torbenson M.C.A.; Stahle D.W.; Cook E.R.; Cook B.I.; Büntgen U.; Chen F.; Tejedor E.; Stagge J.H.; Trnka M.; Burnette D.J.; Yue W.; Esper J.,Academy of Sciences of the Czech Republic; CSIC - Museo Nacional de Ciencias Naturales (MNCN); China Meteorological Administration; College of Arts & Sciences; College of Engineering; Johannes Gutenberg-Universität Mainz; Lamont-Doherty Earth Observatory; Masaryk University; Mendelova Univerzita v Brně; NASA Goddard Institute for Space Studies; University of Arkansas; University of Cambridge; Yunnan University,CN;CZ;DE;ES;GB;US,6,True,gold,00948276,drought dynamics;ENSO variability;paleoclimate;teleconnection,Irrigation_Decision
2-s2.0-105028970085,scopus,,"Modeling Fluoride Governance in Arid Vegetation Systems Under Climate Change: Deep Learning and Bayesian Optimization for Altay, China","Background: Mobilization of excessive levels of fluoride in arid ecosystems creates the daunting environmental and population-health hazard, especially in the Chinese Xinjiang Altay Prefecture. Conventional and ad hoc point-of-use defluoridation solutions treat symptoms and fail to recognize watershed-level causes, which are, respectively, coupled vegetationhydrology processes and rainfall accentuation. Objectives: This paper provides a data-driven high resolution framework which can integrate Convolutional Long Short-Term Memory (ConvLSTM) networks and Bayesian optimization to (1) predict the fluoride concentration in soil at 100 m resolution in present and future climates, and (2) define optimal portfolios of interventions (increases in vegetation cover and reductions to micro-catchment storage) to solve fluoride and improve it in the future. Methods: Current study combined Sentinel-2/Landsat-8 remotely sensed indices (NDVI, land-surface temperature and soil moisture proxies), community-model climate projection downscaled end-point scenarios (RCP4.5/8.5) and in situ fluoride analyses of thirty field plots. A ConvLSTM model was hyperparameter optimized through Optuna Gaussian-process sampler (50 trials, 5-folds spatial cross-validation). The most important drivers were quantified using SHAP analysis, and the simulation was done within the optimized network to define intervention scenarios. Results: The fine-tuned ConvLSTM recorded RMSE = 0.42 mg/kg, R 2 = 0.87held-out plots, beating CNN/LSTM baselines by 10 percent minimum. NDVI and recent rainfall became influential points of prediction. The condition of high-risk hotspots spreads north under RCP8.5 (2050). Mean fluoride reduction by simulated interventions, +30 percent vegetation cover and +15 mm retention had 34 percent efficacy, of which more than 90 percent was maintained across climate futures. Conclusions: A combined approach to modeling advanced spatiotemporal structures and efficient hyperparameter optimisation forms the basis of our framework, which is able to produce both an accurate risk map and usable governance strategy. The method is a scalable model to handle fluoride pollution in drought-stricken sceneries facing climate insecurity.",2025,Fluoride,Lv J.,North Minzu University,CN,1,False,,00154725,Arid ecosystems;Bayesian optimization;ConvLSTM;Fluoride risk;Vegetation interventions,Irrigation_Decision
2-s2.0-85215434996,scopus,10.1016/j.jhydrol.2025.132680,Controls on runoff efficiency and its spatiotemporal variability in South Asian river basins,"Runoff efficiency (RE) represents the potential of a basin to generate runoff in response to precipitation and it varies based on climatology and physiography. It is a key metric that enables hydrologists to compare the hydrologic responses of basins across diverse climates and landscapes. In the large river basins of South Asia, RE plays a key role in floods and drought dynamics but has not been studied systematically. This study employs an integrated hydrologic-hydrodynamic modeling system, the Indian Land Data Assimilation System (ILDAS), to investigate the spatiotemporal variability of RE and their climatological and physiographic controls. The spatial variability of RE is mainly driven by mean precipitation and soil type. High RE is observed in the Central Indian basins, including Narmada, Brahmani, Godavari, and Mahanadi, due to high monsoon rainfall distribution and low permeability soils. However, large basins such as Brahmaputra, Ganga, and Subarnarekha exhibit low RE despite high monsoon rainfall, largely due to moderately permeable soil and significant baseflow contributions. Temporal variability in monthly RE influenced by event precipitation magnitude, antecedent soil moisture, and seasonal cycles, with the El Niño-Southern Oscillation (ENSO) exerting a notable influence at the interannual scale. La Niña events, particularly when coinciding with the monsoon season, enhance RE over the central eastern, central, and peninsular India, driven by ENSO's amplified impact on runoff relative to precipitation. Conversely, during the winter season in northern India, ENSO effects on precipitation don't translate into RE. Long-term trend analysis shows a rising trend in RE across several basins, during monsoon and pre-monsoon seasons, indicating an accelerated response of water cycle response linked to climate change. Notably, a positive trend in RE is observed in West Flowing Kachh-Sabarmati basins in the monsoon, pre-monsoon, and winter. Our findings enhance our understanding of the trends and drivers of RE and underscore the need for adaptive water management strategies in response to evolving patterns.",2025,Journal of Hydrology,Sidhan V.V.; Saharia M.,Indian Institute of Technology Delhi,IN,0,False,,00221694,ENSO;Indian Land Data Assimilation System (ILDAS);Runoff Efficiency;Spatio-temporal analysis,Irrigation_Decision
2-s2.0-85212821071,scopus,10.1016/j.jhydrol.2024.132519,Interpretation of glacier mass change within the Upper Yukon Watershed from GRACE using Explainable Automated Machine Learning Algorithms,"Glaciers play a vital role in providing water resources for drinking, agriculture, and hydro-electricity in many mountainous regions. As global warming progresses, accurately reconstructing long-term glacier mass changes and comprehending their intricate dynamic relationships with environmental variables are imperative for sustaining livelihoods in these regions. This paper presents the use of eXplainable Machine Learning (XML) models with GRACE and GRACE-FO data to reconstruct long-term monthly glacier mass changes in the Upper Yukon Watershed (UYW), Canada. We utilized the H2O-AutoML regression tools to identify the best performing Machine Learning (ML) model for filling missing data and predicting glacier mass changes from hydroclimatic data. The most accurate predictive model in this study, the Gradient Boosting Machine, coupled with explanatory methods based on SHapley Additive eXplanation (SHAP) and Local Interpretable Model-Agnostic Explanations (LIME) analyses, led to automated XML models. The XML unveiled and ranked key predictors of glacier mass changes in the UYW, indicating a decrease since 2014. Analysis showed decreases in snow water equivalent, soil moisture storage, and albedo, along with increases in rainfall flux and air temperature were the main drivers of glacier mass loss. A probabilistic analysis hinging on these drivers suggested that the influence of the key hydrological features is more critical than the key meteorological features. Examination of climatic oscillations showed that high positive anomalies in sea surface temperature are correlated with rapid depletion in glacier mass and soil moisture, as identified by XML. Integrating H2O-AutoML with SHAP and LIME not only achieved high prediction accuracy but also enhanced the explainability of the underlying hydroclimatic processes of glacier mass change reconstruction from GRACE and GRACE-FO data in the UYW. This automated XML framework is applicable globally, contingent upon sufficient high-quality data for model training and validation.",2025,Journal of Hydrology,Doumbia C.; Rousseau A.N.; Başağaoğlu H.; Baraer M.; Chakraborty D.,Centre Eau Terre Environnement; Edwards Aquifer Authority; The University of Texas at San Antonio; École de Technologie Supérieure,CA;US,9,True,gold,00221694,Explainable machine learning model;Glacier mass temporal variations;Hydrological features;Meteorological features;Oceanic-climatic oscillations,Irrigation_Decision
2-s2.0-105002031217,scopus,10.1029/2024AV001508,Megapluvials in Southwestern North America,"Droughts over the last century in Southwestern North America (SWNA) have had severe consequences for people and ecosystems across the region, most recently during the early 21st-century megadrought (2000–2022). The 20<sup>th</sup> century, however, was bracketed by two extended pluvials that also had significant impacts in the region. We use a 1,224 years (800–2023 CE) record of observed and reconstructed soil moisture, in concert with a paleoclimate reanalysis product, to place the 20th-century pluvials in a longer-term context and investigate the occurrence and dynamics of similar events in the Common Era. Analyses of the soil moisture reconstruction demonstrate that pluvials and megapluvials are as ubiquitous as droughts and megadroughts over the last millennium. The early (19 years; 1905–1923) and late (22 years; 1978–1999) 20th-century pluvials rank as the second and first wettest in the record, respectively, positioning these as events on par with the most extreme megadroughts. Pluvials show a strong association with tropical Pacific (warm) sea surface temperatures (SSTs) during the 20<sup>th</sup> century and over the prior millennium, though the role of the tropical Atlantic is much more uncertain and ambiguous. Using a Bayesian hierarchical modeling approach trained on the pre-industrial period (800–1849 CE), we find that the record setting late 20<sup>th</sup>-century megapluvial likely occurred as a consequence of anomalously strong Pacific sea surface temperature forcing. This work establishes pluvial and megapluvial events as intrinsic components of Common Era hydroclimate variability in SWNA, comparable in importance to droughts and megadroughts.",2025,Agu Advances,Cook B.I.; Williams A.P.; Smerdon J.E.; Marvel K.; Seager R.,"Columbia University; Lamont-Doherty Earth Observatory; NASA Goddard Institute for Space Studies; University of California, Los Angeles",US,7,True,gold,2576604X,drought;paleoclimate;pluvial;tree-ring,Irrigation_Decision
2-s2.0-85215766347,scopus,10.1016/j.scitotenv.2025.178605,Association between hydroclimatic factors and vegetation health: Impact of climate change in the past and future,"This study investigates the potential impact of future climate scenarios designated by different shared socioeconomic pathways (SSPs) on vegetation health. Considering the entire Indian mainland as the study region, which exhibits a diverse range of climate and vegetation regimes, we analysed long-term past (1981–2020) and future (2021−2100) changes in vegetation greenness across seven vegetation types and four seasons. In order to gain insight into the intricate interrelationships between vegetation and hydroclimatic factors (soil moisture, precipitation, solar radiation, and temperature), a Standardized Vegetation Index (SVI) is used as a proxy for vegetation health, and a bivariate copula-based probabilistic model is developed incorporating a Combined Climate Index (CCI) derived through Supervised Principal Component Analysis (SPCA) and the SVI. Our results indicate that the water-limited areas are more sensitive to precipitation and soil moisture, whereas energy-limited areas are primarily influenced by temperature and solar radiation. Consequently, an overall increase in the vegetation greenness is observed over the past decades in most of water-limited regions, and almost no change or slight decline in greenness over the northeastern regions, where precipitation is abundant but it is an energy-limited region due to high convective activity. Future projections (2021–2100) indicate an overall increase in greenness during monsoons. However, browning (loss of greenness) is anticipated to intensify over time, especially in the northeast. This study demonstrates the model's efficacy in capturing the complex vegetation-climate relationship, highlighting its potential for application across diverse geographical regions and providing insights into the implications of climate change.",2025,Science of the Total Environment,Dash S.; Maity R.,Indian Institute of Technology Kharagpur,IN,5,False,,00489697,Climate change;Climate-vegetation interactions;Copula-based probabilistic model;Shared socioeconomic pathway (SSP);Vegetation health,Irrigation_Decision
2-s2.0-86000371397,scopus,10.1002/qj.4918,Analysis of prevailing atmospheric conditions during wildfire events in the Indian Himalayan region,"Wildfire incidents have seen an exponential rise in the past few decades in India, particularly over the Indian Himalayan region, which has led to a huge loss of life and property. To mitigate and manage the impact of wildfires, a better understanding of key physical atmospheric processes conducive to the spread of wildfires is required. This study aims to analyze the atmospheric conditions associated with the propagation of wildfires in the Himalayan state of Uttarakhand (India). For this, wildfire burned-area data from the Uttarakhand (India) State Forest Department, in-situ precipitation information from the India Meteorological Department, India, and atmospheric variables (temperature, relative humidity, soil moisture) from the European Centre for Medium-Range Weather Forecasts Reanalysis v5 and Global Land Data Assimilation System datasets over the years 2000–2022 have been critically analyzed to infer the cause of the unprecedented spread of wildfires in Uttarakhand. The analysis suggests that the strength of the El Niño Southern Oscillation and Indian Ocean Dipole phases along with the precipitation pattern in the pre-fire season due to western disturbances are dominant factors associated with the spread of fires. Further, the bimodal distribution of the vapor pressure deficit, having a peak during the fire season and post-monsoon period, indicates increased dryness of fuels and increased susceptibility of vegetation to wildfires. These findings could be utilized to mitigate and manage the impacts of wildfire in the vulnerable Himalayan state.",2025,Quarterly Journal of the Royal Meteorological Society,Prabhakaran A.; Srivastava P.,Indian Institute of Technology Roorkee,IN,7,False,,00359009,climate variability;himalayan forest;meteorology;wildfire,Irrigation_Decision
2-s2.0-85212317122,scopus,10.1016/j.scitotenv.2024.177964,"Fine-scale landscape heterogeneity drives microbial community structure at Robinson Ridge, East Antarctica","Life at Robinson Ridge, located in the Windmill Islands region of East Antarctica, is susceptible to a changing climate. At this site, responses of the vegetation communities and moss-beds have been well researched, but corresponding information for microbial counterparts is still lacking. To bridge this knowledge gap, we established baseline data for monitoring the environmental drivers shaping the soil microbial community on the local ‘hillslope’ scale. Using triplicate 300-m long transects encompassing a hillslope with wind-exposed arid soils near the top, and snowmelt-sustained-moss beds at the bottom, we assessed the fine-scale heterogeneity of the soil environmental and microbial properties. Moist, low-lying, and vegetated soils exhibited higher soil fertility and unique biodiversity, with taxa adapted to thrive in moist conditions (i.e., Tardigrada, Phragmoplastophyta, Chloroflexi) and those that have previously demonstrated strong specificity for moss species (i.e., Fibrobacterota, Mucoromycota and Cyanobacteria) dominating. In contrast, elevated soils with limited moisture and nutrients were dominated by metabolically diverse phyla like Actinobacteriota and Ascomycota. Significant differences in microbial communities were observed at both hillslope (50–300 m) and fine spatial scales, as small as 0.1 m. Vertical heterogeneity was observed with higher abundances of Cyanobacteria and micro-algae in surfaces compared to subsoil, potentially indicating early biocrust formation. Stochastic and deterministic processes governing phylogenetic assembly were linked to soil positional groups and microbial domains rather than soil depth. Gradient Forest modeling identified critical environmental thresholds, such as ammonia, manganese, and sulphur, responsible for drastic community changes following level alterations. This reinforces the existence of strong niche preferences and distinct distribution patterns within the local microbial communities. This study highlights the need for finer-scale investigations considering site topography to better understand the relationship between environmental drivers and local microbiota. Ultimately, these insights enable us to understand environmental drivers and predict Antarctic ecosystem responses, helping safeguard this fragile environment.",2025,Science of the Total Environment,Wong S.Y.; Machado-de-Lima N.M.; Wilkins D.; Zhang E.; Ferrari B.C.,Australian Antarctic Division; The University of Sydney; UNSW Sydney,AU,4,True,gold,00489697,Antarctica;Climate change;Environmental thresholds;Fine scale;Landscape heterogeneity;Soil microbial communities,Irrigation_Decision
2-s2.0-105009528187,scopus,10.1007/s10712-025-09889-5,Making Sense of Uncertainties: Ask the Right Question,"Earth observation data should inform decision making, but good decisions can only be made if the uncertainties in the data are taken into account. Making sense of uncertainty information can be difficult, because uncertainties represent the statistical spread in the observations (e.g., expressed as x±y), which does not relate directly to one specific use case of the data. Here, we propose a Bayesian framework to transform Earth observation product uncertainties into actionable information, i.e., estimates of how confident one can be in the occurrence of specific events of interest given the data and their uncertainty. We demonstrate this framework using two case examples: (i) monitoring drought severity based on soil moisture and (ii) estimating coral bleaching risk based on sea surface temperature. In both cases, we show that ignoring uncertainties can easily lead to misinterpretation of the data, making any decisions based on these data unlikely to be the best course of action. The proposed framework is general and can, in principle, be applied to a wide range of applications. Doing so requires a careful dialogue between data users, to formulate meaningful use cases and decision criteria, and data producers, to provide a rigorous description of their data and its uncertainties. The next step would then be to confront the uncertainty-informed estimates of event probabilities (created by the framework proposed here) with the costs and benefits of possible courses of action in order to make the best possible decisions that maximize socioeconomic merit.",2025,Surveys in Geophysics,Gruber A.; Bulgin C.E.; Dorigo W.; Embury O.; Formanek M.; Merchant C.; Mittaz J.; Muñoz-Sabater J.; Pöppl F.; Povey A.; Wagner W.,European Centre for Medium-Range Weather Forecasts; TU Wien; University of Leicester; University of Reading,AT;GB,5,True,gold,01693298,Decision making;Earth observation;Uncertainties,Irrigation_Decision
2-s2.0-85209256208,scopus,10.1016/j.scitotenv.2024.177552,Development of the CMA-ChemRA: China Regional Weakly Coupled Chemical-Weather Reanalysis System with product since 2007,"The CMA-ChemRA (China Regional Weakly Coupled Chemical-Weather Reanalysis System) was developped using China's first-generation global atmospheric reanalysis product (CRA-40) as initial fields and boundary conditions, coupled with the WRF-Chem atmospheric chemical model and the WRFDA/3DVar assimilation system. By constructing a joint background error covariance matrix, CMA-ChemRA achieves weak coupling between atmospheric chemistry and meteorological variables, enabling simultaneous assimilation of diverse data sources, including hourly observations from ground stations, wind profilers, upper-air soundings, aircraft reports, and atmospheric composition measurements. To extend the dataset to periods before 2013 when China lacked PM<inf>2.5</inf> observations, the system incorporates a reconstructed PM<inf>2.5</inf> dataset derived by AI from visibility inversion alongside various emission inventories. The CMA-ChemRA system produces a reanalysis product from 2007 to the present, with a spatial resolution of 15 km and an hourly temporal resolution. It includes three-dimensional isobaric and near-surface layers for 6 key elements PM<inf>2.5</inf>, PM<inf>10</inf>, O<inf>3</inf>, SO<inf>2</inf>, NO<inf>2</inf>, and CO, as well as meteorological variables. This product is updated in near real-time, with a 50-min lag for forecast updates. Evaluation of the system shows substantial improvements in accuracy, with significant reductions in root mean square error (RMSE) for the six elements in the near-surface atmospheric layer post-assimilation. The model's depiction of ground-level PM<inf>2.5</inf> concentrations aligns well with independent observational data across five urban regions, showing a narrow RMSE range of 15.5 to 32.8 μg/m<sup>3</sup>. Additionally, CMA-ChemRA demonstrates strong performance in capturing the evolution of dust storms and pollution events, particularly in accurately modeling PM<inf>2.5</inf> concentrations during severe pollution episodes. Our innovative approach in constructing a joint background error covariance matrix and the resulting high-resolution, real-time updating CMA-ChemRA product. This represents significant advancement in the field of atmospheric and chemical weather reanalysis. The product serves as an crucial tool for environmental monitoring and forecasting in China.",2024,Science of the Total Environment,Zhang T.; Zhou Z.; Zhang Z.; Zhong J.; Liu Z.; Zhang X.; Xu W.; Jiang L.; Liao J.; Ma Y.; Zhou Y.; Wang H.; Chen J.; Zhang L.; Yao Y.; Jiang H.; Jiang W.,China Meteorological Administration; Chinese Academy of Meteorological Sciences; National Center for Atmospheric Research; National Meteorological Information Centre,CN;US,1,False,,00489697,Assimilation;Chemical-weather coupled reanalysis;Operational production,Irrigation_Decision
2-s2.0-85208770766,scopus,10.1016/j.jhydrol.2024.132272,Reconstructed centennial precipitation-driven water storage anomalies in the Nile River Basin using RecNet and their suitability for studying ENSO and IOD impacts,"While the Gravity Recovery And Climate Experiment (GRACE) and its Follow-On (GFO) missions have offered valuable observations for monitoring total water storage anomalies (TWSA), their short record constrains our ability to study the complete range and long-term variability of TWSA in the Nile River Basin (NRB). Previous studies reconstructing TWSA in this region either relied on specific hydrological models or did not consider spatial correlations among the TWSA grids. Here, we employ RecNet, a deep learning model capable of providing independent TWSA observations without relying on hydrological models while considering spatial correlations, to reconstruct precipitation-driven TWSA in the NRB from 1923 to 2022. The reconstructed data are validated by comparisons with the Global Land Data Assimilation System (GLDAS), the WaterGAP Global Hydrology Model (WGHM), the water balance budget, long-term runoff data, and GRACE-REC (i.e., a global reconstruction dataset freely available online). Subsequently, the suitability of the reconstructed data for studying El Niño Southern Oscillation (ENSO) and Indian Ocean Dipole (IOD) impacts within the NRB is assessed. Dividing the NRB into four sub-regions, i.e., the Lake Victoria Basin (LVB), the Bahr el Jebel and Bahr el Ghazal basins (BJBG), Ethiopian Highlands region (EH), and the Lower Nile River Basin (LNRB), it is shown that RecNet successfully reconstructs precipitation-driven TWSA over BJBG and EH, achieving correlation coefficient (CC), normalized root mean square error (NRMSE), and Nash–Sutcliffeefficiency (NSE) of 0.94/0.11/0.88 and 0.96/0.09/0.91 during the testing period, respectively. Additionally, RecNet's reconstruction shows better agreement with GLDAS and WGHM than GRACE-REC, correlating well with runoff and the water balance budget in these regions. The relatively poor performance in the LVB and LNRB regions could be attributed to the substantial influence of Lake Victoria and the arid climate, respectively. Correlation analysis and wavelet coherence analysis identify significant coherence between ENSO/IOD and the reconstructed TWSA in BJBG and EH, with CC values of −0.68/0.34 and −0.82/0.56, respectively. This study provides centennial reconstructed TWSA data that could be useful in climate change/variability studies and water resource management within the NRB.",2024,Journal of Hydrology,Wang J.; Awange J.; Shen Y.; Yang L.; Feng T.; Song Y.,Changsha University of Science and Technology; Curtin University; The Hong Kong Polytechnic University; Tongji University,AU;CN;HK,7,False,,00221694,Data reconstruction;Deep learning;GRACE;Nile River Basin;Total water storage anomalies,Irrigation_Decision
2-s2.0-85205339169,scopus,10.1016/j.scitotenv.2024.176525,European croplands under climate change: Carbon input changes required to increase projected soil organic carbon stocks,"Increasing soil organic carbon (SOC) stocks in agricultural systems is a pivotal strategy for promoting soil health and mitigating climate change. Global initiatives have set ambitious targets, aspiring to achieve an annual SOC stock increase of 4 ‰. In the European Union, the recently approved Nature Restoration Law aims to increase SOC stock trends in the top 30 cm of cropland mineral soils. However, current monitoring and reporting practices in some countries rely on simplistic SOC models with default parameters, which may not provide reliable predictions. In this paper, we study the feasibility of a 4 ‰ target in European croplands (i.e., an aspirational target proposed by The international “4 per 1000” Initiative), through estimations of required C input changes. To ensure robust predictions, we propose a novel calibration approach that links model parameters to pedo-climatic variables via statistical relationships from 16 long-term experiments. The effectiveness of the method is evaluated for three SOC models across 4281 sites from the European LUCAS soil survey. Our findings demonstrate that the statistical calibration of the multi-model ensemble improves the accuracy of 2015 and 2018 SOC stock predictions, compared to default parameterization. This improvement was however mainly due to the substantial enhancement of one of the models. According to the weighted multi-model mean, median C input changes to reach a 4 ‰ target for Northern, Central, and Southern Europe stand at 1.85, 1.20, and 0.13 Mg C ha<sup>−1</sup> yr<sup>−1</sup> under RCP 2.6, and 2.21, 1.26, and −0.10 Mg C ha<sup>−1</sup> yr<sup>−1</sup> under RCP 6.0, respectively. To achieve the aspirational 4 ‰ target, estimated C input change requirements exceed the predicted changes in net primary productivity under RCP 2.6 and RCP 6.0. This emphasizes the importance of strategic land-use and land-management interventions to enhance SOC stocks.",2024,Science of the Total Environment,Bruni E.; Lugato E.; Chenu C.; Guenet B.,European Commission Joint Research Centre; Laboratoire de Géologie de l'École Normale Supérieure de Paris; Université Paris-Saclay,BE;FR,12,True,gold,00489697,4 per 1000 initiative;Carbon sequestration;Climate change;Cropland;European targets;Multi-modeling;Soil organic carbon;Statistical parametrization,Irrigation_Decision
2-s2.0-85195282969,scopus,10.1038/s41612-024-00674-6,Fast reduction of Atlantic SST threatens Europe-wide gross primary productivity under positive and negative CO2 emissions,"Climate change mitigation through negative CO<inf>2</inf> emissions has been recognized as a crucial strategy to combat global warming. However, its potential effects on terrestrial productivity and agricultural activities remain uncertain. In this study, we utilized large ensemble simulations with an Earth system model of full complexity to investigate the response of Gross Primary Production (GPP) to CO<inf>2</inf> forcings. Our findings reveal a significant asymmetry in the GPP response to CO<inf>2</inf> ramp-up and symmetric ramp-down model experiments, especially in Europe, suggesting that GPP declines rapidly as CO<inf>2</inf> levels decrease. Remarkably, during the CO<inf>2</inf> removal period, the North Atlantic Sea surface temperature experienced cooling due to a delayed recovery of the Atlantic Meridional Overturning Circulation (AMOC). This cooling led to precipitation and soil moisture deficits, resulting in a rapid reduction in GPP. This asymmetry in GPP response holds consistent across multi-model simulations. These results underscore the potential implications of delayed recovery in ocean circulation, which could unexpectedly accelerate terrestrial GPP reduction. These insights are crucial for policymakers, aiding them in projecting agricultural activity and formulating targeted GPP control policies specific to the European region.",2024,Npj Climate and Atmospheric Science,Yang Y.M.; Shin J.; Park S.W.; Park J.H.; An S.I.; Kug J.S.; Yeh S.W.; Lee J.Y.; Wang B.; Li T.; Im N.,"Hanyang University ERICA Campus; Institute for Basic Science, Daejeon; Nanjing University of Information Science & Technology; Pusan National University; Seoul National University; University of Hawaiʻi at Mānoa; Walter Scott, Jr. College of Engineering; Woods Hole Oceanographic Institution; Yonsei University",CN;KR;US,4,True,gold,23973722,,Irrigation_Decision
2-s2.0-85210732299,scopus,10.5194/gmd-17-8353-2024,A computationally lightweight model for ensemble forecasting of environmental hazards: General TAMSAT-ALERT v1.2.1,"Efficient methods for predicting weather-related hazards are crucial for the effective management of environmental risk. Many environmental hazards depend on the evolution of meteorological conditions over protracted periods, requiring assessments that account for evolving conditions. The TAMSAT-ALERT approach addresses this challenge by combining observational monitoring with a weighted multi-year ensemble. In this way, it enhances the utility of existing systems by enabling users to combine multiple streams of monitoring and meteorological forecasting data into holistic hazard assessments. TAMSAT-ALERT forecasts are now used in a number of regions in the Global South for soil moisture forecasting, drought early warning and agricultural decision support. The model presented here, General TAMSAT-ALERT, represents a significant scientific and functional advance on previous implementations. Notably, General TAMSAT-ALERT is applicable to any variable for which time series data are available. In addition, functionality has been introduced to account for climatological non-stationarity (for example due to climate change), large-scale modes of variability (for example El Niño) and persistence (for example of land-surface conditions). In this paper, we present a full description of the model, along with case studies of its application to the prediction of central England temperature, Pakistan vegetation conditions and African precipitation.",2024,Geoscientific Model Development,Black E.; Ellis J.; Maidment R.I.,"Faculty of Science, Engineering and Medicine; National Centre for Atmospheric Science; National Centre for Earth Observation; University of Reading",GB,1,True,gold,1991959X,,Irrigation_Decision
2-s2.0-85202738320,scopus,10.1016/j.scitotenv.2024.175667,"The surface deformation of permafrost and active layer thickness in the upper reaches of the Black River basin, revealed by InSAR observations and independent component analysis","The Heihe River Basin, located in the northeastern part of the Qinghai-Tibetan Plateau, is part of the perennial permafrost belt of the Qilian Mountains. Recent observations indicate ongoing permafrost degradation in this region. This study utilizes data from 255 observations provided by Sentinel-1 satellites, MODIS Land Surface Temperature, SMAP-L4 soil moisture data, GNSS measurements, and in situ measurement. We introduced Variational Bayesian independent Component Analysis (VB-ICA) in multi-temporal Interferometric Synthetic Aperture Radar (MT-InSAR) processing to investigate the spatial-temporal characteristics of surface deformation and permafrost active layer thickness (ALT) variations. The analysis demonstrates strong agreement with borehole data and offers improvements over traditional methodologies. The maximum value of ALT in the basin is found to be 5.7 m. VB-ICA effectively delineates seasonal deformations related to the freeze-thaw cycles, with a peak seasonal deformation amplitude of 60 mm. Moreover, the seasonal permafrost's lower boundary reaches an elevation of 3700 m, revealing that permafrost is experiencing widespread degradation and associated soil erosion in the high elevation region of The Heihe River Basin. The paper also explores the efficacy of reference point selection and baseline network establishment for employing the InSAR method in monitoring freeze-thaw deformations. The study underscores the InSAR method's adaptability and its importance for interpreting permafrost deformation and related parameters.",2024,Science of the Total Environment,Si J.; Zhang S.; Niu Y.; Zhang Y.; Fan Q.; Chen Y.,Chang'an University; Hebei University of Engineering; Ministry of Natural Resources of the People's Republic of China,CN,9,True,gold,00489697,Active layer thickness inversion;Independent component analysis;Permafrost;Qinghai-Tibetan Plateau;Synthetic aperture radar interferometry,Irrigation_Decision
2-s2.0-85200799908,scopus,10.1016/j.scitotenv.2024.175260,Downscaling soil moisture in regions with high soil heterogeneity: the solution based on ensemble learning with sequential and parallel learner,"Soil moisture plays an important role in the water and heat exchanges between the land surface and atmosphere, and it has great importance for agricultural production, ecological planning, and water resources management. Although microwave remote sensing has been widely used in large-scale soil moisture monitoring, the accuracy of the downscaled retrieval results cannot be guaranteed for regions with high vegetation coverage and high soil heterogeneity. To address these challenges, this study built soil moisture indice set based on MODIS and elevation data by calculating the Pearson correlation coefficient (R) and Maximum Information Coefficient (MIC), then constructed decision tree models (Gradient Boosting Decision Tree and Random Forest) about the indice set and low-resolution Soil Moisture Active Passive (SMAP) by using two ensemble learning methods (Bagging and Boosting). The models were applied to the high-resolution soil moisture indices in Jilin Province for the years 2017 to 2020 to generate 1 km-resolution products. In the validation process, Triple Collocation Analysis (TCA), comparison of soil moisture maps with coarse and fine resolution, and in-situ measurements in Lishu County, Tongyu County, and Jilin City were used to evaluate the differences between downscaling soil moisture results and ground observations at network, seasonal and point scales. The results were as follows: (1) The correlation coefficient (R<sup>2</sup>) calculated by the TCA method was 0.733 (GBDT_36km) > 0.649 (RF_36km), and the error variance was 0.0004 (GBDT_36km) < 0.00058 (RF_36km). (2) R at network scale was 0.798 (GBDT_SM) > 0.662 (RF_SM), RMSE was 0.040 (GBDT_SM) < 0.044 (RF_SM), the point scale R was 0.864 (GBDT_SM) > 0.833 (RF_SM), RMSE was 0.029 (GBDT_SM) < 0.039 (RF_SM). The R in four stages of the growth period was GBDT_SM > RF_SM, RMSE was GBDT_SM < RF_SM. In conclusion, the GBDT and RF models can reliably downscale soil moisture in Jilin Province, and the Boosting ensemble learning method represented by GBDT had a better estimation performance.",2024,Science of the Total Environment,Zheng M.; Liu Z.; Li J.; Xu Z.; Sun J.,China Agricultural University; Ministry of Agriculture of the People's Republic of China; Tianjin Academy of Agricultural Sciences,CN,12,False,,00489697,Downscale;Ensemble learning;SMAP;Soil moisture;Triple Collocation Analysis,Irrigation_Decision
2-s2.0-85204438523,scopus,10.1016/j.jenvman.2024.122511,Cascading spatial drought network: A complex networks approach to track propagation of meteorological droughts to agricultural droughts,"Meteorological droughts often propagate to agricultural (and other) droughts, both spatially and temporally. The present study proposes a novel complex networks-based cascading spatial drought network to examine the spatial propagation of meteorological droughts in a region to agricultural droughts in other regions. This is done through: (1) establishing stable homogeneous drought communities; (2) investigating inter-community drought propagation; (3) locating drought sources; and (4) evaluating drought connections within major crop belts. The approach is implemented to study droughts in the Indian-subcontinent during the period 1948–2022. Monthly precipitation and root-zone soil moisture data from GLDAS (Global Land Data Assimilation System) are used to compute the standardized precipitation index (SPI) for meteorological droughts and standardized soil moisture index (SSI) for agricultural droughts. Primarily, the drought network is demarcated into several subsets of network communities within which clusters of localized propagation take place. Multi-community subgraphs combining different communities are also formed to understand the long-distance inter-community drought linkages. Using network centrality measures, such as degree, closeness, and clustering coefficient, network properties of scale-freeness, small-worldness, and presence of rich-clubs are checked. Although the overall network does not exhibit any of these properties, certain subgraphs have significant small-worldness, rich-clubs, and partial scale-freeness. Some of the crucial nodes that support these network properties lie in the monsoon pathways (in the Western Ghats), and others have a strong association with El Niño Southern Oscillation (ENSO) teleconnections, thus validating the ability of the drought network to capture seasonal and climatic features. Additionally, subgraphs of nodes with high productivity of different food crops are created to study drought propagation within crop belts. Barring potential shortcomings related to data dependencies, the cascading spatial drought network helps identify an impending agricultural drought that could strengthen our ability to forecast droughts.",2024,Journal of Environmental Management,Muthuvel D.; Sivakumar B.,Indian Institute of Technology Bombay,IN,20,False,,03014797,Bridge centrality;Cascading spatial drought network;Community structure;Complex networks;Drought propagation;Small-world network,Irrigation_Decision
2-s2.0-85203281510,scopus,10.4269/ajtmh.23-0681,Predicting the Environmental Suitability and Identifying Climate and Sociodemographic Correlates of Guinea Worm (Dracunculus medinensis) in Chad,"A comprehensive understanding of the spatial distribution and correlates of infection are key for the planning of disease control programs and assessing the feasibility of elimination and/or eradication. In this work, we used species distribution modeling to predict the environmental suitability of the Guinea worm (Dracunculus medinensis) and identify important climatic and sociodemographic risk factors. Using Guinea worm surveillance data collected by the Chad Guinea Worm Eradication Program (CGWEP) from 2010 to 2022 in combination with remotely sensed climate and sociodemographic correlates of infection within an ensemble machine learning framework, we mapped the environmental suitability of Guinea worm infection in Chad. The same analytical framework was also used to ascertain the contribution and influence of the identified climatic risk factors. Spatial distribution maps showed predominant clustering around the southern regions and along the Chari River. We also identified areas predicted to be environmentally suitable for infection. Of note are districts near the western border with Cameroon and southeastern border with Central African Republic. Key environmental correlates of infection as identified by the model were proximity to permanent rivers and inland lakes, farmlands, land surface temperature, and precipitation. This work provides a comprehensive model of the spatial distribution of Guinea worm infections in Chad 2010–2022 and sheds light on potential environmental correlates of infection. As the CGWEP moves toward elimination, the methods and results in this study will inform surveillance activities and help optimize the allocation of intervention resources.",2024,American Journal of Tropical Medicine and Hygiene,Eneanya O.A.; Delea M.G.; Cano J.; Tchindebet P.O.; Richards R.L.; Zhao Y.; Meftuh A.; Unterwegner K.; Guagliardo S.A.J.; Hopkins D.R.; Weiss A.,Centers for Disease Control and Prevention; Georgia Institute of Technology; Ministry of Public Health; Organisation Mondiale de la Santé; The Carter Center,CH;TD;US,3,True,gold,00029637,,Irrigation_Decision
2-s2.0-85196302050,scopus,10.1016/j.ecoinf.2024.102681,From meteorological to agricultural drought: Propagation time and influencing factors over diverse underlying surfaces based on CNN-LSTM model,"As global warming intensifies and extreme weather events become more frequent, the severity of drought conditions in China's Xinjiang region has escalated. This exacerbates socio-economic pressures in the area and presents increasingly formidable challenges for the future. In response to these challenges, researching drought phenomena in Xinjiang is imperative. This study employs Bayesian methods and copula functions to estimate drought propagation time. It utilizes a hybrid deep learning model (CNN-LSTM) to analyze the process of drought propagation and its influencing factors across four land cover types: crops, forest land, grassland, and unused land. The findings indicate that Cropland experiences the longest average time of drought propagation (5.27 months), while forests have the shortest duration (4.2 months). Unused land and grassland exhibit similar average durations of propagation (4.8 months). On an annual scale, drought propagation time for each land type manifests in two phases: from January to May and from June to December. The former phase shows propagation time ranging from 6 to 9 months, while the latter ranges from 1 to 5 months; both demonstrate an increasing trend over time. Seasonally, all Land Cover Types exhibit a pattern of shorter propagation times in summer and autumn compared with winter and spring. Moreover, a longer time of drought propagation correlates with a greater disparity between meteorological and resultant agricultural drought severity. In analyzing the influence of factors on drought propagation, soil moisture content and El Niño-Southern Oscillation(ENSO) were found to significantly impact all Land Cover Types, progressively strengthening their influence over the years.",2024,Ecological Informatics,Long J.; Xu C.; Wang Y.; Zhang J.,Xinjiang University,CN,35,True,gold,15749541,Drought propagation;Hybrid deep learning model;Influencing factors;Land Use and Land Cover;Seasonal variation,Irrigation_Decision
2-s2.0-85194354211,scopus,10.1175/JHM-D-23-0064.1,Contributions of Initial Conditions and Meteorological Forecast to Subseasonal-to-Seasonal Hydrological Forecast Skill in Western Tropical South America,"Hydrological predictions at subseasonal-to-seasonal (S2S) time scales can support improved decision-making in climate-dependent sectors like agriculture and hydropower. Here, we present an S2S hydrological forecasting system (S2S-HFS) for western tropical South America (WTSA). The system uses the global NASA Goddard Earth Observing System S2S meteorological forecast system (GEOS-S2S) in combination with the generalized analog regression downscaling algorithm and the NASA Land Information System (LIS). In this implementation study, we evaluate system performance for 3-month hydrological forecasts for the austral autumn season (March–May) using ensemble hindcasts for 2002–17. Results indicate that the S2S-HFS generally offers skill in predictions of monthly precipitation up to 1-month lead, evapotranspiration up to 2 months lead, and soil moisture content up to 3 months lead. Ecoregions with better hindcast performance are located either in the coastal lowlands or in the Amazon lowland forest. We perform dedicated analysis to understand how two important teleconnections affecting the region are represented in the S2S-HFS: El Niño– Southern Oscillation (ENSO) and the Antarctic Oscillation (AAO). We find that forecast skill for all variables at 1-month lead is enhanced during the positive phase of ENSO and the negative phase of AAO. Overall, this study indicates that there is meaningful skill in the S2S-HFS for many ecoregions in WTSA, particularly for long memory variables such as soil moisture. The skill of the precipitation forecast, however, decays rapidly after forecast initialization, a phenomenon that is consistent with S2S meteorological forecasts over much of the world.",2024,Journal of Hydrometeorology,Recalde-Coronel G.C.; Zaitchik B.; Pan W.K.; Zhou Y.; Badr H.,Duke University School of Medicine; Escuela Superior Politecnica del Litoral Ecuador; Johns Hopkins University,EC;US,6,True,gold,1525755X,Climate models;Forecast verification/skill;Land surface model;Seasonal forecasting;South America;Subseasonal variability,Irrigation_Decision
2-s2.0-85191052148,scopus,10.1029/2024GL108176,Regional Responses of Vegetation Productivity to the Two Phases of ENSO,"The two phases of El-Niño-Southern Oscillation (ENSO) influence both regional and global terrestrial vegetation productivity on inter-annual scales. However, the major drivers for the regional vegetation productivity and their controlling strengths during different phases of ENSO remain unclear. We herein disentangled the impacts of two phases of ENSO on regional carbon cycle using multiple data sets. We found that soil moisture predominantly accounts for ∼40% of the variability in regional vegetation productivity during ENSO events. Our results showed that the satellite-derived vegetation productivity proxies, gross primary productivity from data-driven models (FLUXCOM) and observation-constrained ecosystem model (Carbon Cycle Data Assimilation System) generally agree in depicting the contribution of soil moisture and air temperature in modulating regional vegetation productivity. However, the ensemble of weakly constrained ecosystem models exhibits non-negligible discrepancies in the roles of vapor pressure deficit and radiation over extra-tropics. This study highlights the significance of water in regulating regional vegetation productivity during ENSO.",2024,Geophysical Research Letters,Wu M.; Jiang F.; Scholze M.; Chen D.; Ju W.; Wang S.; Kaminski T.; Lu Z.; Vossbeck M.; Zheng M.,"Geologiska Institutionen; Göteborgs Universitet; Institutionen för Naturgeografi och Ekosystemvetenskap, Lunds Universitet; Nanjing Agricultural University; Nanjing University; The Inversion Lab",CN;DE;SE,13,True,gold,00948276,ecosystem modeling;ENSO;gross primary productivity;soil moisture;variability,Irrigation_Decision
2-s2.0-85186218843,scopus,10.1002/joc.8409,Multimodel comparison and assessment of short to medium range precipitation and temperature forecasts over India: Implications towards forecasting of meteorological indices in India,"A comprehensive assessment of the forecast skill of various meteorological indices over the Indian region from different numerical weather prediction (NWP) models is lacking in the literature. In this study the performance of four NWP models, namely Global Ensemble Forecast System (GEFSv12), European Center for Medium Range Forecasting (ECMWF), Climate Forecast System (CFSv2) and Indian Institute of Tropical Meteorology (IITM) towards forecasting of precipitation, temperature and associated meteorological indices, is evaluated at short to medium timescales across the Indian region. Further, the effect of ocean atmospheric (OA) oscillations on the precipitation/temperature forecast skill from the different NWP models is also assessed. Results show that the NWP models are better in predicting the meteorological indices than the quantitative forecasts. The ECMWF model was found to be the best for PCP forecasting with CFSv2 performing poorly. For temperature the GEFSv12 model performance was the lowest, compared to rest of the models. The models show poor skill in forecasting monsoon season precipitation compared to non-monsoon and the temperature forecasts from the NWP models are particularly poor for the northern basins. Skilful temperature forecasts are observed in the Northwestern, Indo-Gangetic and Central basins for the CFSv2 and ECMWF models. The forecast skill of precipitation indices are higher in the northwestern, central and Indo-Gangetic basins compared to the rest. The skill of precipitation indices, namely rainy days, extreme rainy days and consecutive wet days, is higher during the monsoon seasons while the prediction skill of consecutive dry days is higher during the non-monsoon season. OA analysis revealed that the ENSO phases have dominant effect on the forecast skill of the precipitation only. The temperature and meteorological indices forecasts are not affected significantly by the OA phases. The outcomes of this study have implications towards irrigation scheduling and water resources management decision making in India.",2024,International Journal of Climatology,Saminathan S.; Mitra S.; Singh S.; Mandal R.; Joseph S.,Indian Institute of Technology Palakkad; Indian Institute of Tropical Meteorology,IN,1,True,gold,08998418,forecast;meteorological indices;NWP models;precipitation;temperature,Irrigation_Decision
2-s2.0-86000604925,scopus,10.1017/eds.2024.7,Extreme heat wave sampling and prediction with analog Markov chain and comparisons with deep learning,"We present a data-driven emulator, a stochastic weather generator (SWG), suitable for estimating probabilities of prolonged heat waves in France and Scandinavia. This emulator is based on the method of analogs of circulation to which we add temperature and soil moisture as predictor fields. We train the emulator on an intermediate complexity climate model run and show that it is capable of predicting conditional probabilities (forecasting) of heat waves out of sample. Special attention is payed that this prediction is evaluated using a proper score appropriate for rare events. To accelerate the computation of analogs, dimensionality reduction techniques are applied and the performance is evaluated. The probabilistic prediction achieved with SWG is compared with the one achieved with a convolutional neural network (CNN). With the availability of hundreds of years of training data, CNNs perform better at the task of probabilistic prediction. In addition, we show that the SWG emulator trained on 80 years of data is capable of estimating extreme return times of order of thousands of years for heat waves longer than several days more precisely than the fit based on generalized extreme value distribution. Finally, the quality of its synthetic extreme teleconnection patterns obtained with SWG is studied. We showcase two examples of such synthetic teleconnection patterns for heat waves in France and Scandinavia that compare favorably to the very long climate model control run.",2024,Environmental Data Science,Miloshevich G.; Lucente D.; Yiou P.; Bouchet F.,Consiglio Nazionale delle Ricerche; Departement Wiskunde; Laboratoire de Physique; Sapienza Università di Roma; Sorbonne Université; Université de Versailles Saint-Quentin-en-Yvelines,BE;FR;IT,7,True,gold,26344602,convolutional neural network;heat wave;Markov chain;prediction,Irrigation_Decision
2-s2.0-85183975250,scopus,10.1016/j.agrformet.2024.109909,"Integrating data assimilation, crop model, and machine learning for winter wheat yield forecasting in the North China Plain","Timely and reliable regional crop yield forecasting before harvest is critical for managing climate risk, adjusting agronomic management, and making food trade policy. Although various methods exist for crop yield forecasting, including process-based crop models and machine learning techniques, the potential of integrating these methods for early-season yield forecasts has not been well investigated. In this study, we proposed a hybrid framework for crop yield forecasting that firstly assimilated leaf area index and soil moisture into a crop model and then combined the data-assimilated crop model with machine learning techniques to improve the prediction skill further. The proposed framework was applied to winter wheat yield forecasting in the North China Plain during 2009–2015. We found that the assimilation significantly enhances wheat yield estimates, achieving additional ACC = 0.27, MAPE = 6.12 %. Incorporating weather forecasts enabled reliable winter wheat yield forecasts up to 1–3 months in advance, achieving ACC = 0.69, MAPE = 7.79 %. Furthermore, integrating the assimilated crop model with machine learning techniques improved the forecasting further, achieving ACC = 0.97 and MAPE = 1.74 %. The proposed framework for crop yield forecasting can be adapted to other crops and regions and has great potential in developing food security early warning system at a regional scale.",2024,Agricultural and Forest Meteorology,Zhuang H.; Zhang Z.; Cheng F.; Han J.; Luo Y.; Zhang L.; Cao J.; Zhang J.; He B.; Xu J.; Tao F.,"Aerospace Information Research Institute; Beijing Normal University; Institute of Geographic Sciences and Natural Resources Research, Chinese Academy of Sciences; University of Chinese Academy of Sciences",CN,67,False,,01681923,Crop modelling;Data assimilation;Early warning system;Extreme climate;Machine learning,Irrigation_Decision
2-s2.0-85184996268,scopus,10.1175/JCLI-D-23-0473.1,A Framework for Assessing the Drivers and Impacts of Drought Events: The Contemporary Drought in the Western and Central United States,"We develop a framework for assessing the drivers and impacts of droughts, built upon a Markov random field and machine learning–based drought identification algorithm that operates simultaneously in space and time. The method uses a precipitation threshold for drought, while considering the drought state of neighboring grid points and identifies contiguous and distinct droughts that propagate through space and time. Importantly, this method can identify droughts of any scale, from a single grid point to those encompassing many thousands. We apply it to North American precipitation from observations and a multimodel ensemble of 67 historical simulations to produce a repository of 25 156 identified droughts. The framework uses an observed drought for comparison, and we choose the 2011–14 drought in the western and central United States, which is among the most severe and persistent in recorded history. As the spatiotemporal characteristics of the simulated droughts become more like the observed drought, we quantify if their local-scale impacts (evaporation, leaf area index, soil moisture, and runoff) and large-scale drivers (atmospheric circulation, sea surface temperature, and modes of climate variability) become predictable. Our findings suggest that ecological impacts are not predictable even when simulated droughts closely match the spatiotemporal characteristics of the observed drought. The drought drivers are also not predictable, with similar droughts occurring under a range of atmosphere–ocean conditions. These results suggest that the drivers and impacts of even the most persistent and severe droughts have limited predictability, although additional work is needed to quantify the role of structural uncertainty and better understand the real-world applicability of climate model-based results. SIGNIFICANCE STATEMENT: The purpose of this study was to determine if we can predict the atmosphere–ocean conditions that cause simulated (in climate models) drought events that are similar in their characteristics to an observed drought that occurred in the central and western United States between 2011 and 2014. We also analyze the impact of these events on water availability for ecological and human use and whether these impacts are predictable. Our results suggest that both the conditions that cause droughts and their ecological impacts are largely unpredictable. While further work is needed to understand the implications of these results for real-world drought predictability, our results help to elucidate the processes underlying persistent and severe droughts in climate models.",2024,Journal of Climate,Ellison L.; Coats S.,University of Hawaiʻi at Mānoa,US,2,False,,08948755,Atmosphere–ocean interaction;Climate;Climate models;Drought;North America,Irrigation_Decision
2-s2.0-85185224432,scopus,10.1371/journal.pntd.0011946,"Modelling spatiotemporal patterns of visceral leishmaniasis incidence in two endemic states in India using environment, bioclimatic and demographic data, 2013–2022","Background As of 2021, the National Kala-azar Elimination Programme (NKAEP) in India has achieved visceral leishmaniasis (VL) elimination (<1 case / 10,000 population/year per block) in 625 of the 633 endemic blocks (subdistricts) in four states. The programme needs to sustain this achievement and target interventions in the remaining blocks to achieve the WHO 2030 target of VL elimination as a public health problem. An effective tool to analyse programme data and predict/ forecast the spatial and temporal trends of VL incidence, elimination threshold, and risk of resurgence will be of use to the programme management at this juncture. Methodology/principal findings We employed spatiotemporal models incorporating environment, climatic and demographic factors as covariates to describe monthly VL cases for 8-years (2013–2020) in 491 and 27 endemic and non-endemic blocks of Bihar and Jharkhand states. We fitted 37 models of spatial, temporal, and spatiotemporal interaction random effects with covariates to monthly VL cases for 6-years (2013–2018, training data) using Bayesian inference via Integrated Nested Laplace Approximation (INLA) approach. The best-fitting model was selected based on deviance information criterion (DIC) and Watanabe-Akaike Information Criterion (WAIC) and was validated with monthly cases for 2019–2020 (test data). The model could describe observed spatial and temporal patterns of VL incidence in the two states having widely dif-fering incidence trajectories, with >93% and 99% coverage probability (proportion of observations falling inside 95% Bayesian credible interval for the predicted number of VL cases per month) during the training and testing periods. PIT (probability integral transform) histograms confirmed consistency between prediction and observation for the test period. Forecasting for 2021–2023 showed that the annual VL incidence is likely to exceed elimination threshold in 16–18 blocks in 4 districts of Jharkhand and 33–38 blocks in 10 districts of Bihar. The risk of VL in non-endemic neighbouring blocks of both Bihar and Jharkhand are less than 0.5 during the training and test periods, and for 2021–2023, the probability that the risk greater than 1 is negligible (P<0.1). Fitted model showed that VL occurrence was posi-tively associated with mean temperature, minimum temperature, enhanced vegetation index, precipitation, and isothermality, and negatively with maximum temperature, land sur-face temperature, soil moisture and population density. Conclusions/significance The spatiotemporal model incorporating environmental, bioclimatic, and demographic factors demonstrated that the KAMIS database of the national programmme can be used for block level predictions of long-term spatial and temporal trends in VL incidence and risk of outbreak / resurgence in endemic and non-endemic settings. The database integrated with the modelling framework and a dashboard facility can facilitate such analysis and predictions. This could aid the programme to monitor progress of VL elimination at least one-year ahead, assess risk of resurgence or outbreak in post-elimination settings, and implement timely and targeted interventions or preventive measures so that the NKAEP meet the target of achieving elimination by 2030.",2024,Plos Neglected Tropical Diseases,Subramanian S.; Maheswari R.U.; Prabavathy G.; Khan M.A.; Brindha B.; Srividya A.; Kumar A.; Rahi M.; Nightingale E.S.; Medley G.F.; Cameron M.M.; Roy N.; Jambulingam P.,Indian Council of Medical Research; London School of Hygiene & Tropical Medicine; Ministry of Health and Family Welfare; Vector Control Research Centre India,GB;IN,1,True,gold,19352727,,Irrigation_Decision
2-s2.0-85184047738,scopus,10.5194/cp-20-107-2024,The Interdecadal Pacific Oscillation is responsible for the linkage of decadal changes in precipitation and moisture in arid central Asia and the humid Asian monsoon region during the last millennium,"Reconstruction and observational studies imply a potential linkage of moisture and precipitation change in arid central Asia and monsoonal East Asia, in which the evolution of moisture and precipitation in central Asia is out of phase with that in northern China but in phase with that in southern China. In order to ascertain whether there is a robust linkage between the changes in climate in Asian arid regions and monsoon regions and to elucidate the underlying dynamic mechanisms, we analyzed the Last Millennium Reanalysis dataset and outputs from the Community Earth System Model Last Millennium Ensemble (CESM-LME). The results indicate a significant decadal linkage between precipitation changes in central Asia's arid region and the Asian monsoon region during the last millennium, which is primarily driven by the Interdecadal Pacific Oscillation (IPO). In spring, the positive IPO could enhance westerlies over the Mediterranean Sea and to its east, which could transport more water vapor and cause increased precipitation over central Asia. In summer, the positive IPO is accompanied by a weakened Asian monsoon and southward Asian subtropical westerly jet, which can lead to increased (decreased) summer precipitation over southern China (over northern China and South Asia). The IPO plays a dominant role in connecting the decadal variations in precipitation between arid central Asia and monsoonal Asia by modulating the precipitation of their respective major rainy seasons. Model results suggest that this decadal linkage stems entirely from the internal variability present in the CESM-LME control and all single-forcing simulations. Changes in external forcing factors do not alter this inherent linkage caused by the IPO. Moreover, based on analyses of the aridity index and soil moisture content, this relationship of precipitation variation also causes a similar decadal linkage of moisture changes in central Asia and monsoonal Asia. The differences in the multi-centennial-scale moisture and precipitation variations in the Asian arid region and the monsoon region between the Medieval Climate Anomaly and Little Ice Age are also likely caused by IPO-like sea surface temperature anomalies.",2024,Climate of the Past,Xu H.; Wang T.; Wang H.,Institute of Atmospheric Physics Chinese Academy of Sciences; Nanjing University of Information Science & Technology,CN,7,True,gold,18149324,,Irrigation_Decision
2-s2.0-85182525887,scopus,10.1088/1748-9326/ad178d,Synergistic impacts of wintertime regional snow anomalies in the Northern Hemisphere on the summer rainfall pattern in China,"Changes in winter snow cover in the Northern Hemisphere (NH) could have a profound impact on mid-latitude weather. Previous studies have focused on the role of regional, e.g. Eurasian or Tibetan, snow cover in summer precipitation anomaly, without considering the synergistic impacts of hemispheric wintertime snow. In this study, we find that the dominant pattern of the NH winter overall snow cover anomaly with a synergistic impact, has a stronger cross-seasonal association with the China’s summer rainfall pattern than regional snow cover anomaly. We summarize three synergistic impact paths of regional snow cover. One is extratropical path, that is the westerlies are affected by less snow in Europe through the snow-soil moisture-atmospheric feedback, and the influence is strengthened by less snow in Mongolia through enhanced temperature anomalies. The second is subtropical path, that is the meridional thermal difference anomaly caused by more snow anomaly on the Tibetan Plateau is strengthened by less Mongolian snow and then impacts the behavior of the upper-tropospheric westerly jet. Third, concurrently, more North American snow enhances the above two synergistic influence paths via the Circumglobal Teleconnection pattern. These three paths can be simultaneously reflected in the associated circulations of the first mode of NH snow cover. Their synergistic impacts eventually influence the meridional East Asia-Pacific pattern circulation anomalies in summer, leading to increased precipitation in the Yangtze River Basin. The cross-seasonal influences of synergistic effects of multiple regional snow anomalies can be identified by CMIP6 multi-model ensembles, particularly the impact of European snow cover.",2024,Environmental Research Letters,Yao H.; Zhao L.; Shen X.; Ding Y.; Wang J.; Xiao Z.,Beijing Climate Centre; Institute of Atmospheric Physics Chinese Academy of Sciences; Key Laboratory of South China Sea Meteorological Disaster Prevention and Mitigation of Hainan Province; Nanjing University of Information Science & Technology; National Satellite Meteorological Center Beijing,CN,8,True,gold,17489326,climate prediction;rainfall;snow cover;soil moisture;synergistic impacts;Tibetan Plateau,Irrigation_Decision
2-s2.0-85190166786,scopus,10.1175/JHM-D-22-0146.1,The 1996 Mid-Atlantic Winter Flood: Exploring Climate Risk through a Storyline Approach,"This article explores the application of thermodynamic perturbations to a historical midlatitude, wintertime, rain-on-snow flood event to evaluate how similar events may evolve under different climate forcings. In particular, we generate a hindcast of the 1996 Mid-Atlantic flood using an ensemble of 14-km variable-resolution simulations completed with the U.S. Department of Energy’s global Energy Exascale Earth System Model (E3SM). We show that the event is skillfully reproduced over the Susquehanna River Basin (SRB) by E3SM when benchmarked against in situ observational data and high-resolution reanalyses. In addition, we perform five counterfactual experiments to simulate the flood under preindustrial conditions and four different levels of warming as projected by the Community Earth System Model Large Ensemble. We find a nonlinear response in simulated surface runoff and streamflow as a function of atmospheric warming. This is attributed to changing contributions of liquid water input from a shallower initial snowpack (decreased snowmelt), increased surface temperatures and rainfall rates, and increased soil water storage. Flooding associated with this event peaks from around +1 to+2 K of global average surface warming and decreases with additional warming beyond this. There are noticeable timing shifts in peak runoff and streamflow associated with changes in the flashiness of the event. This work highlights the utility of using storyline approaches for communicating climate risk and demonstrates the potential nonlinearities associated with hydrologic extremes in areas that experience ephemeral snowpack, such as the SRB.",2023,Journal of Hydrometeorology,Pettett A.; Zarzycki C.M.,Pennsylvania State University,US,6,False,,1525755X,Climate change;Climate models;Flood events;Snowmelt/icemelt;Soil moisture,Irrigation_Decision
2-s2.0-85180711531,scopus,10.3390/atmos14121717,Twenty-Year Spatiotemporal Variations of TWS over Mainland China Observed by GRACE and GRACE Follow-On Satellites,"Terrestrial water storage (TWS) is a pivotal component of the global water cycle, profoundly impacting water resource management, hazard monitoring, and agriculture production. The Gravity Recovery and Climate Experiment (GRACE) and its successor, the GRACE Follow-On (GFO), have furnished comprehensive monthly TWS data since April 2002. However, there are 35 months of missing data over the entire GRACE/GFO observational period. To address this gap, we developed an operational approach utilizing singular spectrum analysis and principal component analysis (SSA-PCA) to fill these missing data over mainland China. The algorithm was demonstrated with good performance in the Southwestern River Basin (SWB, correlation coefficient, CC: 0.71, RMSE: 6.27 cm), Yangtze River Basin (YTB, CC: 0.67, RMSE: 3.52 cm), and Songhua River Basin (SRB, CC: 0.66, RMSE: 7.63 cm). Leveraging two decades of continuous time-variable gravity data, we investigated the spatiotemporal variations in TWS across ten major Chinese basins. According to the results of GRACE/GFO, mainland China experienced an average annual TWS decline of 0.32 ± 0.06 cm, with the groundwater storage (GWS) decreasing by 0.54 ± 0.10 cm/yr. The most significant GWS depletion occurred in the Haihe River Basin (HRB) at −2.07 ± 0.10 cm/yr, significantly substantial (~1 cm/yr) depletions occurred in the Yellow River Basin (YRB), SRB, Huaihe River Basin (HHB), Liao-Luan River Basin (LRB), and Southwest River Basin (SWB), and moderate losses were recorded in the Northwest Basin (NWB, −0.34 ± 0.03 cm/yr) and Southeast River Basin (SEB, −0.24 ± 0.10 cm/yr). Furthermore, we identified that interannual TWS variations in ten basins of China were primarily driven by soil moisture water storage (SMS) anomalies, exhibiting consistently and relatively high correlations (CC > 0.60) and low root-mean-square errors (RMSE < 5 cm). Lastly, through the integration of GRACE/GFO and Global Land Data Assimilation System (GLDAS) data, we unraveled the contrasting water storage patterns between northern and southern China. Southern China experienced drought conditions, while northern China faced flooding during the 2020–2023 La Niña event, with the inverse pattern observed during the 2014–2016 El Niño event. This study fills in the missing data and quantifies water storage variations within mainland China, contributing to a deeper insight into climate change and its consequences on water resource management.",2023,Atmosphere,Chen W.; Xiong Y.; Zhong M.; Yang Z.; Shum C.K.; Li W.; Liang L.; Li Q.,Chuzhou University; Hubei University of Arts and Science; Nanjing Tech University; Sun Yat-Sen University; The Ohio State University; Xiangyang Polytechnic,CN;US,12,True,gold,20734433,China;GRACE/GRACE-FO;soil moisture water storage (SMS);SSA-PCA;terrestrial water storage (TWS),Irrigation_Decision
2-s2.0-85174971206,scopus,10.1029/2023EA003230,Estimating Sea Surface Salinity in the East China Sea Using Satellite Remote Sensing and Machine Learning,"Sea surface salinity (SSS) is a master variable in oceanography and important to understand marine biogeochemical and physical processes. In the East China Sea (ECS), a random forest based regression ensemble model (RF) was developed to estimate the SSS with a spatial resolution of ∼1 km based on a large synchronous data set of in situ SSS observations, MODIS-derived remote sensing reflectance (R<inf>rs</inf>) and sea surface temperature (SST). The model showed the best performance when the R<inf>rs</inf>(412), R<inf>rs</inf>(488), R<inf>rs</inf>(555), R<inf>rs</inf>(667), SST and Julian day (JD) were used as inputs, with a root mean square error (RMSE) of 0.84, mean absolute error (MAE) of 0.31 and coefficient of determination (R<sup>2</sup>) of 0.81 for model training (N = 4,504), and a RMSE of 0.77, MAE of 0.30 and R<sup>2</sup> of 0.86 for the model test (N = 1,153). The accuracy of the SSS model was examined using an independent data set during the period of 2020–2022 with a RMSE of 0.66 and MAE of 0.39 (N = 2,151). The interannual and seasonal signal of modeled SSS of the ECS, showed that important drivers of variability are the Changjiang discharge and the East-Asian monsoon. Applications of the model to other Chinese marginal seas (Yellow and Bohai seas) showed good agreement in distribution patterns when compared with the estimated SSS from NASA Soil Moisture Active Passive. Once more empirical oceanographic data is made available, this robust model can be applied to other regions retraining the model with informed local data sets.",2023,Earth and Space Science,Liu J.; Bellerby R.G.J.; Zhu Q.; Ge J.,Norsk institutt for vannforskning; State Key Laboratory of Estuarine and Coastal Research; State Key Laboratory of Marine Environmental Science; UCSI University,CN;MY;NO,12,True,gold,23335084,Changjiang River discharge;East China Sea;random forest;remote sensing reflectance;sea surface salinity;sea surface temperature,Irrigation_Decision
2-s2.0-85164197493,scopus,10.3390/rs15123201,Temporal and Spatial Variations of Potential and Actual Evapotranspiration and the Driving Mechanism over Equatorial Africa Using Satellite and Reanalysis-Based Observation,"This study investigated the actual evapotranspiration (AET) and potential evapotranspiration (PET) seasonality, trends, abrupt changes, and driving mechanisms with global sea surface temperature (SST) and atmospheric circulation patterns over Equatorial Africa (EQA) during 1980–2020. The spatiotemporal characteristics of mean ET were computed based on a 40-year average at annual and seasonal scales. The Mann-Kendall statistical test, the Sen slope test, and the Bayesian test were used to analyze trends and detect abrupt changes. The results showed that the mean annual PET (AET) for 1980–2020 was 110 (70) mm. Seasonal mean PET (AET) values were 112 (72) in summer, 110 (85) in autumn, 109 (84) in winter, and 110 (58) in spring. The MK test showed an increasing (decreasing) rate, and the Sen slope identified upward (downward) at a rate of 0.35 (0.05) mm yr<sup>−10</sup>. The PET and AET abrupt change points were observed to happen in 1995 and 2000. Both dry and wet regions showed observed weak (strong) correlation coefficient values of 0.3 (0.8) between PET/AET and climate factors, but significant spatiotemporal differences existed. Generally, air temperature, soil moisture, and relative humidity best explain ET dynamics rather than precipitation and wind speed. The regional atmospheric circulation patterns are directly linked to ET but vary significantly in space and time. From a policy perspective, these findings may have implications for future water resource management.",2023,Remote Sensing,Nooni I.K.; Ogou F.K.; Lu J.; Nakoty F.M.; Chaibou A.A.S.; Habtemicheal B.A.; Sarpong L.; Jin Z.,Hohai University; Nanjing University of Information Science & Technology; University of Abomey-Calavi; Université Abdou Moumouni; Wollo University; Wuxi University,BJ;CN;ET;NE,8,True,gold,20724292,actual evapotranspiration (AET);Bayesian test;equatorial Africa (EQA);global sea surface temperature (SST);large-scale atmospheric circulation;potential evapotranspiration (PET),Irrigation_Decision
2-s2.0-85159399056,scopus,10.5194/nhess-23-1699-2023,The extremely hot and dry 2018 summer in central and northern Europe from a multi-faceted weather and climate perspective,"The summer of 2018 was an extraordinary season in climatological terms for northern and central Europe, bringing simultaneous, widespread, and concurrent heat and drought extremes in large parts of the continent with extensive impacts on agriculture, forests, water supply, and the socio-economic sector. Here, we present a comprehensive, multi-faceted analysis of the 2018 extreme summer in terms of heat and drought in central and northern Europe, with a particular focus on Germany. The heatwave first affected Scandinavia in mid-July and shifted towards central Europe in late July, while Iberia was primarily affected in early August. The atmospheric circulation was characterized by strongly positive blocking anomalies over Europe, in combination with a positive summer North Atlantic Oscillation and a double jet stream configuration before the initiation of the heatwave. In terms of possible precursors common to previous European heatwaves, the Eurasian double-jet structure and a tripolar sea surface temperature anomaly over the North Atlantic were already identified in spring. While in the early stages over Scandinavia the air masses at mid and upper levels were often of a remote, maritime origin, at later stages over Iberia the air masses primarily had a local-to-regional origin. The drought affected Germany the most, starting with warmer than average conditions in spring, associated with enhanced latent heat release that initiated a severe depletion of soil moisture. During summer, a continued precipitation deficit exacerbated the problem, leading to hydrological and agricultural drought. A probabilistic attribution assessment of the heatwave in Germany showed that such events of prolonged heat have become more likely due to anthropogenic global warming. Regarding future projections, an extreme summer such as that of 2018 is expected to occur every 2 out of 3 years in Europe in a +1.5°C warmer world and virtually every single year in a +2°C warmer world. With such large-scale and impactful extreme events becoming more frequent and intense under anthropogenic climate change, comprehensive and multi-faceted studies like the one presented here quantify the multitude of their effects and provide valuable information as a basis for adaptation and mitigation strategies.",2023,Natural Hazards and Earth System Sciences,Rousi E.; Fink A.H.; Andersen L.S.; Becker F.N.; Beobide-Arsuaga G.; Breil M.; Cozzi G.; Heinke J.; Jach L.; Niermann D.; Petrovic D.; Richling A.; Riebold J.; Steidl S.; Suarez-Gutierrez L.; Tradowsky J.S.; Coumou D.; Düsterhus A.; Ellsäßer F.; Fragkoulidis G.; Gliksman D.; Handorf D.; Haustein K.; Kornhuber K.; Kunstmann H.; Pinto J.G.; Warrach-Sagi K.; Xoplaki E.,Alfred-Wegener-Institut Helmholtz-Zentrum für Polar- und Meeresforschung; Bodeker Scientific; CNRS Centre National de la Recherche Scientifique; Deutscher Wetterdienst; Freie Universität Berlin; German Council on Foreign Relations; Helmholtz-Zentrum Hereon GmbH; Institut für Atmosphäre und Klima; International Max Planck Research School on Earth System Modelling; Johannes Gutenberg-Universität Mainz; Justus-Liebig-Universität Gießen; Karlsruher Institut für Technologie; Lamont-Doherty Earth Observatory; Leibniz-Gemeinschaft; Max Planck Institute for Meteorology; Maynooth University; Royal Netherlands Meteorological Institute; Technische Universität Dresden; University of Canterbury; Universität Augsburg; Universität Hamburg; Universität Hohenheim; Universität Leipzig; Vrije Universiteit Amsterdam Instituut voor Milieuvraagstukken,CH;DE;FR;IE;NL;NZ;US,99,True,gold,15618633,,Irrigation_Decision
2-s2.0-85147190960,scopus,10.1016/j.scitotenv.2023.161755,Characterizing drought events occurred in the Yangtze River Basin from 1979 to 2017 by reconstructing water storage anomalies based on GRACE and meteorological data,"The extreme change of water storage in the Yangtze River Basin (YRB) have a significant impact on identifying the characteristics of drought events in the basin. To quantify the historical hydrological drought characteristics, we put forward new framework to reconstruct the pre-2003 total water storage anomaly (TWSA) through the nonlinear autoregressive with exogenous input (NARX) model. The NARX model is developed by the Gravity Recovery and Climate Experiment (GRACE) based TWSA and the hydrometeorological data after removing the trend and seasonal signals from 2003 to 2017, then the full pre-2003 reconstructed TWSA signals were obtained by synthesizing hydrometeorological data driven NARX model results from 1979 to 2002 and GRACE-estimated seasonal cycle. We combined the reconstructed TWSA with GRACE observed TWSA to characterize the historical hydrological drought events (onset, end, duration, magnitude, intensity, and recovery) in the YRB. The results show that the drought-related extreme anomalies in total water storage can be captured successfully. From 1979 to 2017, 23 hydrological drought events were identified in the YRB with an average recovery time of 4.7 months. The longest drought lasted 28 months spanning from July 2006 to October 2008. The exceptional drought occurred in September 2011 reached to the largest deficit with a magnitude of −48.5 mm and minimum drought severity index (DSI) of −2.3. Comparing to the period of 1979–1999, the frequency, duration, and average recovery time of drought events increased significantly since 2000 in the YRB. Furthermore, we found that the duration and average recovery time of the drought events have an exponential relationship with the severity, which could help us to estimate the potential recovery time when drought events occur and predict water resources dynamic in the future.",2023,Science of the Total Environment,Zheng S.; Zhang Z.; Yan H.; Zhao Y.; Li Z.,Chinese Academy of Sciences; Hubei Luojia Laboratory; University of Chinese Academy of Sciences,CN,35,False,,00489697,Drought events;GRACE;NARX;TWSA reconstruction;Yangtze River Basin,Irrigation_Decision
2-s2.0-85153848443,scopus,10.1029/2022EF003239,Robust Changes in North America's Hydroclimate Variability and Predictability,"Climate change adaptation planning requires a robust understanding of the projected change in hydroclimate variability and predictability. We use two large ensemble data sets to quantify the projected change in land hydroclimate variability and its potential predictability. Additionally, we use a “reddened El Niño-Southern Oscillation (ENSO)” framework that partitions annually averaged root-zone soil moisture variability into ENSO, land surface memory, and internal variability to understand drivers of the changes in hydroclimate variability and predictability. Even when global warming is projected to increase ENSO and its teleconnected precipitation variability over North America, we find that the corresponding change in soil moisture variability is relatively small and even decreases. This counter-intuitive result occurs since there is also a concurrent projected reduction in land surface memory due to global warming, which leads to reduced year-to-year persistence of soil moisture variability. Further, we find that regional mean state land surface (soil moisture) changes primarily drive future drought and pluvial risks, suggesting that infrastructure planning can incorporate robust mean state changes despite uncertainty in the variability projections. For the regions and in the models where the ENSO signal increases, we also find a concomitant shift in the frequency of drought and pluvial events, with higher power on inter-annual time scales but less power on decadal time scales, enhancing inter-annual hydroclimate predictability.",2023,Earth S Future,Kumar S.; Dewes C.F.; Newman M.; Duan Y.,Auburn University; National Oceanic and Atmospheric Administration; University of Colorado Boulder,US,17,True,gold,23284277,drought;ENSO;hydroclimate;large ensemble;pluvial risks;soil moisture,Irrigation_Decision
2-s2.0-85143909211,scopus,10.1007/s00477-022-02356-2,A Bayesian network approach for understanding the role of large-scale and local hydro-meteorological variables as drivers of basin-scale rainfall and streamflow,"The present study examines the role of large-scale climate modes and local hydro-meteorological variables, at 1–6 months lead, as drivers of streamflow and rainfall at four river basins in peninsular India. Bayesian Network was used to develop the conditional independence structure between the target variables (streamflow and rainfall) and large-scale climate modes as well as local hydro-meteorological variables. From the conditional independence structure, variables possessing a ‘directed arc’ from the target variable were selected as the potential predictors for developing the prediction models. The most important potential predictors influencing streamflow were found to be rainfall, u-wind, and soil moisture, while those influencing rainfall were u-wind, air temperature, geo-potential height, precipitable water, vertical velocity, and relative humidity. The conditional independence structure reveals that the information provided by the large-scale climate modes is generally dispensable for all the basins given the local meteorological variables barring the Pacific Decadal Oscillation and El-Niño Southern Oscillation which exert substantial influence on the targets. The network structure further revealed that about 87–97% of the initial information are redundant. The prediction performance is better for rainfall (Refined index of agreement MD: MD<inf>GDV</inf> = 0.81, MD<inf>UMB</inf> = 0.80, MD<inf>UNB</inf> = 0.79 and MD<inf>CAV</inf> = 0.61) than for streamflow (MD<inf>GDV</inf> = 0.78, MD<inf>UMB</inf> = 0.75, MD<inf>UNB</inf> = 0.67 and MD<inf>CAV</inf> = 0.67) and comparable across all the basins. Further, dry, intermediate, and wet months are satisfactorily categorised in each basin using two drought indices—Standardised Drought Index for streamflow and Standardised Precipitation Anomaly Index for rainfall.",2023,Stochastic Environmental Research and Risk Assessment,Das P.; Chanda K.,"Indian Institute of Technology (Indian School of Mines), Dhanbad",IN,11,False,,14363240,Basin-scale monthly rainfall;Bayesian network (BN);Drought categorisation;Large-scale climate modes;Local hydro-meteorological variables;Probabilistic graphical model (PGM);Streamflow,Irrigation_Decision
2-s2.0-85134585327,scopus,10.1007/s00382-022-06422-x,Extended seasonal prediction of spring precipitation over the Upper Colorado River Basin,"This study provides extended seasonal predictions for the Upper Colorado River Basin (UCRB) precipitation in boreal spring using an artificial neural network (ANN) model and a stepwise linear regression model, respectively. Sea surface temperature (SST) predictors are developed taking advantage of the correlation between the precipitation and SST over three ocean basins. The extratropical North Pacific has a higher correlation with the UCRB spring precipitation than the tropical Pacific and North Atlantic. For the ANN model, the Pearson correlation coefficient between the observed and predicted precipitation exceeds 0.45 (p-value < 0.01) for a lead time of 12 months. The mean absolute percentage error (MAPE) is below 20% and the Heidke skill score (HSS) is above 50%. Such long-lead prediction skill is probably due to the UCRB soil moisture bridging the SST and precipitation. The stepwise linear regression model shows similar prediction skills to those of ANN. Both models show prediction skills superior to those of an autoregression model (correlation < 0.10) that represents the baseline prediction skill and those of three of the North American Multi-Model Ensemble (NMME) forecast models. The three NMME models exhibit different skills in predicting the precipitation, with the best skills of the correlation ~ 0.40, MAPE < 25%, and HSS > 40% for lead times less than 8 months. This study highlights the advantage of oceanic climate signals in extended seasonal predictions for the UCRB spring precipitation and supports the improvement of the UCRB streamflow prediction and related water resource decisions.",2023,Climate Dynamics,Zhao S.; Fu R.; Anderson M.L.; Chakraborty S.; Jiang J.H.; Su H.; Gu Y.,"California Department of Water Resources; California Institute of Technology; University of California, Los Angeles",US,7,True,gold,09307575,Artificial neural network;Extended seasonal prediction;North American Multi-Model Ensemble;Sea surface temperature;Statistical forecast;Upper Colorado River Basin precipitation,Irrigation_Decision
2-s2.0-85140365359,scopus,10.1002/env.2772,An illustration of model agnostic explainability methods applied to environmental data,"Historically, two primary criticisms statisticians have of machine learning and deep neural models is their lack of uncertainty quantification and the inability to do inference (i.e., to explain what inputs are important). Explainable AI has developed in the last few years as a sub-discipline of computer science and machine learning to mitigate these concerns (as well as concerns of fairness and transparency in deep modeling). In this article, our focus is on explaining which inputs are important in models for predicting environmental data. In particular, we focus on three general methods for explainability that are model agnostic and thus applicable across a breadth of models without internal explainability: “feature shuffling”, “interpretable local surrogates”, and “occlusion analysis”. We describe particular implementations of each of these and illustrate their use with a variety of models, all applied to the problem of long-lead forecasting monthly soil moisture in the North American corn belt given sea surface temperature anomalies in the Pacific Ocean.",2023,Environmetrics,Wikle C.K.; Datta A.; Hari B.V.; Boone E.L.; Sahoo I.; Kavila I.; Castruccio S.; Simmons S.J.; Burr W.S.; Chang W.,"Johns Hopkins University; Mahatma Gandhi University, Kerala; NC State University; Trent University; University of Cincinnati; University of Missouri; University of Notre Dame; Virginia Commonwealth University; Wipro Limited",CA;IN;US,28,False,,11804009,explainable AI;feature shuffling;LIME;machine learning;Shapley values,Irrigation_Decision
2-s2.0-85147413064,scopus,10.1029/2022GL100727,Spring Regional Sea Surface Temperatures as a Precursor of European Summer Heatwaves,"Different spring and early summer North Atlantic sea surface temperature anomalies (SSTAs) have been shown to precede recent European summer heatwaves (EuSHWs). So far, the limited number of observed events associated with several physical mechanisms has prevented a robust identification of SSTAs as precursors. Here, we extend beyond previous studies by combining 100 historical simulations (1850–2005) of the MPI Grand-Ensemble with an explainable neural-network method. We find that the spring tripolar North Atlantic pattern with positive SSTAs in the Subtropical Gyre is a precursor of EuSHWs. In addition, positive SSTAs west of the Iberian Peninsula, and in the North Sea, the Baltic Sea and the Mediterranean Sea relate to distinct early summer soil moisture anomaly patterns and are precursors of western and southeastern EuSHWs, respectively. While the phase of the tripolar North Atlantic pattern indicates whether a EuSHW might emerge, regional SSTAs indicate the spatial characteristics of EuSHWs.",2023,Geophysical Research Letters,Beobide-Arsuaga G.; Düsterhus A.; Müller W.A.; Barnes E.A.; Baehr J.,"International Max Planck Research School on Earth System Modelling; Max Planck Institute for Meteorology; Maynooth University; Universität Hamburg; Walter Scott, Jr. College of Engineering",DE;IE;US,14,True,gold,00948276,,Irrigation_Decision
2-s2.0-85150957755,scopus,10.3389/frwa.2023.1137110,Super-resolution and uncertainty estimation from sparse sensors of dynamical physical systems,"The goal of this study is to leverage emerging machine learning (ML) techniques to develop a framework for the global reconstruction of system variables from potentially scarce and noisy observations and to explore the epistemic uncertainty of these models. This work demonstrates the utility of exploiting the stochasticity of dropout and batch normalization schemes to infer uncertainty estimates of super-resolved field reconstruction from sparse sensor measurements. A Voronoi tessellation strategy is used to obtain a structured-grid representation from sensor observations, thus enabling the use of fully convolutional neural networks (FCNN) for global field estimation. An ensemble-based approach is developed using Monte-Carlo batch normalization (MCBN) and Monte-Carlo dropout (MCD) methods in order to perform approximate Bayesian inference over the neural network parameters, which facilitates the estimation of the epistemic uncertainty of predicted field values. We demonstrate these capabilities through numerical experiments that include sea-surface temperature, soil moisture, and incompressible near-surface flows over a wide range of parameterized flow configurations.",2023,Frontiers in Water,Collins A.M.; Rivera-Casillas P.; Dutta S.; Cecil O.M.; Trautz A.C.; Farthing M.W.,Geotechnical and Structures Laboratory; Oden Institute for Computational Engineering and Sciences; U.S. Army Engineer Research and Development Center,US,7,True,gold,26249375,fluid flow;machine learning;sea-surface temperature;soil moisture;super-resolution;uncertainty,Irrigation_Decision
2-s2.0-85142909709,scopus,10.1029/2022GL100950,Enhanced India-Africa Carbon Uptake and Asia-Pacific Carbon Release Associated With the 2019 Extreme Positive Indian Ocean Dipole,"The 2019 extreme positive Indian Ocean dipole drove climate extremes over Indian Ocean rim countries with unclear carbon-cycle responses. We investigated its impact on net biome productivity (NBP) and its constituent fluxes, using the Global Carbon Assimilation System (GCASv2) product, process-based model simulations from TRENDYv9, and satellite-based gross primary productivity (GPP). By distinguishing two separate regions, the India-Africa and Asia-Pacific, GCASv2 indicated enhanced terrestrial carbon uptake of 0.23 ± 0.20 PgC and release of 0.38 ± 0.15 PgC, respectively, during September–December (SOND) 2019. These NBP anomalies had comparable magnitudes to those following the 2015 extreme El Niño which, however, caused the consistent carbon release in both regions. The TRENDYv9 model ensemble confirmed these NBP responses, albeit with smaller magnitudes. These regional NBP anomalies were related to soil moisture variations with a dominant role of GPP. Understanding the impact of IOD provides new insights into mechanisms driving interannual variations in regional carbon cycling.",2022,Geophysical Research Letters,Wang J.; Jiang F.; Ju W.; Wang M.; Sitch S.; Arora V.K.; Chen J.M.; Goll D.S.; He W.; Jain A.K.; Li X.; Joiner J.; Poulter B.; Séférian R.; Wang H.; Wu M.; Xiao J.; Yuan W.; Yue X.; Zaehle S.,Environment and Climate Change Canada; Max Planck Institute for Biogeochemistry; NASA Goddard Space Flight Center; Nanjing University; Nanjing University of Information Science & Technology; National Aeronautics and Space Administration; Research Institute of Agricultural and Life Science; Sun Yat-Sen University; University of Exeter; University of Illinois Urbana-Champaign; University of New Hampshire Durham; University of Toronto; Université Paris-Saclay; Université de Toulouse,CA;CN;DE;FR;GB;KR;US,14,True,gold,00948276,Global Carbon Assimilation System;Indian Ocean Dipole;NBP anomalies;regional carbon cycling;terrestrial biosphere models,Irrigation_Decision
2-s2.0-85141857194,scopus,10.3390/rs14215319,Water Storage Variation and Its Possible Causes Detected by GRACE in the Volta River Basin,"This study applies Gravity Recovery and Climate Experiment (GRACE) data and the WaterGAP (Water Global Analysis and Prognosis) Global Hydrology Model (WGHM) to investigate the influence of the Bui reservoir operation on water storage variation within the Volta River Basin (VRB). Variation in groundwater storage anomalies (GWSA) was estimated by combining GRACE-derived terrestrial water storage anomalies (TWSA), radar altimetry records, imagery-derived reservoir (Lake Volta and Bui) surface water storage anomalies (SWSA), and Global Land Data Assimilation System (GLDAS)-simulated soil moisture storage anomalies (SMSA) from 2002 to 2016. Results showed that TWSA increased (1.30 ± 0.23 cm/year) and decreased (−0.82 ± 0.27 cm/year) during 2002–2011 and 2011–2016, respectively, within VRB, matching previous TWSA investigations in this area. It revealed that the multi-year averages of monthly GRACE-derived TWSA changes in 2011–2016 displayed an overall increasing trend, indicating storage increase in regional hydrology; while the Lake Volta water storage changes decreased. The GRACE-minus-WGHM residuals display an increasing trend in VRB water storage during the Bui reservoir impoundment during 2011–2016. The observed trend compares well with the estimated Bui reservoir SWSA, indicating that GRACE solutions can retrieve the true amplitude of large mass changes happening in a concentrated area, though Bui reservoir is much smaller than the resolution of GRACE global solutions. It also revealed that GWSA were almost stable from 2002 to 2006, before increasing and decreasing during 2006–2011 and 2012–2016 with rates of 2.67 ± 0.34 cm/year and −1.80 ± 0.32 cm/year, respectively. The observed trends in the GRACE-derived TWSA and GWSA changes are generally attributed to the hydro-meteorological conditions. This study shows that the effects of strong El-Niño Southern Oscillation events on the GWSA interannual variability within the VRB is short-term, with a lag of 6 months. This study specifically showed that the Bui reservoir operation significantly affects the TWSA changes and provides knowledge on groundwater storage changes within the VRB.",2022,Remote Sensing,Djessou R.D.; Wan X.; Yi S.; Annan R.F.; Su X.; Wang S.,Huazhong University of Science and Technology; Qian Xuesen Laboratory of Space Technology; School of Land Science and Technology; University of Chinese Academy of Sciences,CN,5,True,gold,20724292,anthropogenic activities;climate change;GRACE/GRACE-FO;vegetation index;Volta River Basin;water storage variations,Irrigation_Decision
2-s2.0-85137817454,scopus,10.3390/rs14163971,Evaluating Satellite Soil Moisture Datasets for Drought Monitoring in Australia and the South-West Pacific,"Soil moisture (SM) is critical in monitoring the time-lagged impacts of agrometeorological drought. In Australia and several south-west Pacific Small Island Developing States (SIDS), there are a limited number of in situ SM stations that can adequately assess soil-water availability in a near-real-time context. Satellite SM datasets provide a viable alternative for SM monitoring and agrometeorological drought provision in these regions. In this study, we investigated the performance of Soil Moisture Active Passive (SMAP), Soil Moisture and Ocean Salinity (SMOS), Soil Moisture Operational Products System (SMOPS), SM from the Advanced Microwave Scanning Radiometer 2 (AMSR-2) and SM from the Advanced Scatterometer (ASCAT) over Australia and south-west Pacific SIDS. Products were first evaluated in Australia, given the presence of several in-situ SM monitoring stations and a state-of-the-art hydrological model—the Australian Water Resources Assessment Landscape modelling system (AWRA-L). We further investigated the accuracy of SM satellite datasets in Australia and the south-west Pacific through Triple Collocation analysis with two other SM reference datasets—ERA5 reanalysis SM data and model data from the Global Land Data Assimilation System (GLDAS) dataset. All datasets have differing observation periods ranging from 1911-now, with a common period of observations between 2015–2021. Results demonstrated that ASCAT and SMOS were consistently superior in their performance. Analysis in the six south-west Pacific SIDS indicated reduced performance for all products, with ASCAT and SMOS still performing better than others for most SIDS with median R values ranging between 0.3–0.9. We conducted a case study of the 2015 El Niño and Positive Indian Ocean Dipole-induced drought in Papua New Guinea. It was shown that ASCAT is a valuable dataset indicative of agrometeorological drought for the nation, highlighting the value of using satellite SM products to provide early warning of drought in data-sparse regions in the south-west Pacific.",2022,Remote Sensing,Bhardwaj J.; Kuleshov Y.; Chua Z.W.; Watkins A.B.; Choy S.; Sun Q.,Bureau of Meteorology Australia; RMIT University,AU,20,True,gold,20724292,drought;natural hazard;remote sensing;satellite monitoring;soil moisture,Irrigation_Decision
2-s2.0-85131935838,scopus,10.1016/j.cliser.2022.100308,Seasonal local rainfall and hydrological forecasting for Limpopo communities – A pragmatic approach,"This paper describes the development and testing of a simple local seasonal forecast system of rainfall and hydrological conditions. The primary target group is agricultural extension officers who communicate forecasts to small-scale farmers at local level. Two pilot areas within the Limpopo river basin in South Africa were used, one in the Luvuvhu river basin in Vhembe district and the other in the Letaba river basin in Mopani district. Local rainfall and hydrological forecasts of runoff, soil moisture and evapotranspiration were produced, built on readily available deterministic seasonal meteorological forecasts for large-scale rainfall from CSIR (Council for Scientific and Industrial Research, South Africa), produced from an ensemble of seasonal forecasts using the CCAM (Conformal-Cubic Atmospheric Model) global forecast model. Hydrological forecasts were produced through a “proxy” approach, whereby outputs from the ACRU (Agricultural Catchment Research Unit) agrohydrological model provided expected hydrological responses from observed years that are representative of the rainfall anomalies predicted by the global seasonal forecast. Locally monitored soil moisture augmented the hydrological forecasts. The local seasonal forecast system does not require sophisticated calculations or a complex operational environment and complements coarser scale forecasts disseminated by the provincial departments of agriculture. Results of three rainfall seasons from 2013 to 2016 in the pilot areas showed the proxy approach to have relatively good matches between forecasts and available observations, showing better predictability for below normal rainfall seasons with exception for an extreme monthly rainfall event. The forecasts matched observed conditions best during the strong El Niño phase of ENSO (El Niño Southern Oscillation) for 2015/2016.",2022,Climate Services,Graham L.P.; Andersson L.; Toucher M.W.; Wikner J.J.; Wilk J.,Linköpings Universitet; South African Environmental Observation Network; Swedish Meteorological and Hydrological Institute; University of KwaZulu-Natal,SE;ZA,8,True,gold,24058807,Agriculture extension;Drought;Hydrological forecast;Limpopo River Basin;Seasonal climate forecast;Small-scale farmers,Irrigation_Decision
2-s2.0-85127966804,scopus,10.1111/gcb.16179,"Plant hydraulics, stomatal control, and the response of a tropical forest to water stress over multiple temporal scales","Many tropical regions are experiencing an intensification of drought, with increasing severity and frequency. The ecosystem response to these changes is still highly uncertain. On short time scales (from diurnal to seasonal), tropical forests respond to water stress by physiological controls, such as stomatal regulation and phenological adjustment, to cope with increasing atmospheric water demand and reduced water supply. However, the interactions among biological processes and co-varying environmental factors that determine the ecosystem-level fluxes are still unclear. Furthermore, climate variability at longer time scales, such as that generated by ENSO, produces less predictable effects because it depends on a highly stochastic combination of factors that might vary among forests and even between events in the same forest. This study will present some emerging patterns of response to water stress from 5 years of water, carbon, and energy fluxes observed on a seasonal tropical forest in central Panama, including an increase in productivity during the 2015 El Niño. These responses depend on the combination of environmental factors experienced by the forest throughout the seasonal cycle, in particular, increase in solar radiation, stimulating productivity, and increasing vapor pressure deficit (VPD) and decreasing soil moisture, limiting stomata opening. These results suggest a critical role of plant hydraulics in mediating the response to water stress over a broad range of temporal scales (diurnal, intraseasonal, seasonal, and interannual), by acclimating canopy conductance to light and VPD during different soil moisture regimes. A multilayer photosynthesis model coupled with a plant hydraulics scheme can reproduce these complex responses. However, results depend critically on parameters regulating water transport efficiency and the cost of water stress. As these costs have not been properly identified and quantified yet, more empirical research is needed to elucidate physiological mechanisms of hydraulic failure and recover, for example embolism repair and xylem regrowth.",2022,Global Change Biology,Detto M.; Pacala S.W.,Princeton University; Smithsonian Tropical Research Institute,US,36,False,,13541013,carbon cycles;El Niño;evapotranspiration;gross primary productivity;plant hydraulics;stomata control;tropical forest;water stress,Irrigation_Decision
2-s2.0-85127156827,scopus,10.1016/j.agrformet.2022.108921,Performances of climatic indicators from seasonal forecasts for ecosystem management: The case of Central Europe and the Mediterranean,"Climate change is affecting the interannual variability and the seasonal cycle for key meteorological variables, as well as the frequency, intensity, duration and timing of out-of-the-norm and extreme events. In such a context, seasonal forecasts (i.e., climate predictions from a few weeks to several months ahead) are compelling instruments able to anticipate upcoming climate risks and guide tactical decisions. In this study, we assess the performance of seasonal forecasts for the summer period across Central Europe and the Mediterranean region in predicting some key indicators serving agriculture and forestry sectors, i.e., Potential EvapoTranspiration (PET), Potential Soil Moisture Deficit (PSMD), and Fire Weather Index (FWI). We exploit authoritative climate data from Copernicus Climate Data Store, i.e., ERA5 reanalyses and hindcasts from CMCC SPSv3 and ECMWF SEAS5 seasonal prediction systems (SPSs), to evaluate, using both deterministic and probabilistic evaluation scores, differences in performance across the two SPSs, two start dates (March and May) and four correction techniques applied to overcome modelling bias, namely bias correction (BC), calibration (CAL), quantile mapping (QM) and detrending (DET). Results show that seasonal predictions of PET perform better in Western and Eastern Europe and some areas of North Africa. PSMD predictions follow a similar spatial pattern as PET, except that for some areas in Central (Eastern) Europe in which the performance increases (decreases). FWI predictions reveal better results in some areas of the Iberian Peninsula, North-Western Africa, Balkan Peninsula, and Ukraine. Results also suggest that QM might be the most suitable technique for bias correction. Furthermore, the start date of the forecast might imply varying correlation significance, with the start date closest to the forecasted period not always being the best. Overall, our study suggests the potential usefulness of seasonal forecasts for decision making under different geographical and environmental contexts, considering sensitivity inherent to different processing chains.",2022,Agricultural and Forest Meteorology,Costa-Saura J.M.; Mereu V.; Santini M.; Trabucco A.; Spano D.; Bacciu V.,"Centro Euro-Mediterraneo sui Cambiamenti Climatici, Sassari; Euro-Mediterranean Center on Climate Change, Viterbo; Università degli Studi di Sassari",IT,9,False,,01681923,Bias correction;Climate services;Fire weather index;Potential evapotranspiration;Seasonal forecasts;Soil moisture deficit,Irrigation_Decision
2-s2.0-85128058205,scopus,10.1007/s10661-022-09929-2,Oasis sustainability assessment in arid areas using GRACE satellite data,"An oasis is an important habitat for humans, plants, and wildlife in arid desert areas. The sustainability of an oasis is crucial for a smooth regional ecological functioning and healthy economic development. However, the overexploitation of groundwater will result in unsustainable oasis development. Due to the lack of long-term groundwater monitoring data, the impact of groundwater level changes on the sustainability of an oasis has not been studied extensively. In the present study, we used the ground water storage anomaly (GWSA) in combination with the Gravity Recovery and Climate Experiment (GRACE) and the Global Land Data Assimilation System (GLDAS) for the rapid identification of oasis sustainability, which has been tested and evaluated in Hotan and Qira oasis located in arid areas. The results showed that (1) the GWSA is a suitable and reliable indicator for trend change analysis in small-scale oasis and, (2) additionally, M–K test results for long-term trend change of GWSA showed a positive correlation with water resource carrying capacity (WRCC). These results suggest that GWSA can be used as a reliable index for the rapid assessment of oasis sustainability status in arid areas. Moreover, the potential applicability of GRACE satellite data in evaluating the groundwater sustainability in arid areas lacking proper data has also been proved in this study. These findings have provided a foundation to evaluate the sustainability status of an oasis and set a reference point to formulate future policies for the oasis.",2022,Environmental Monitoring and Assessment,Xue D.; Gui D.; Dai H.; Liu Y.; Liu Y.; Zhang L.; Ahmed Z.,Cele National Station of Observation and Research for Desert-Grassland Ecosystems; China University of Geosciences; University of Chinese Academy of Sciences; Xinjiang Institute of Ecology and Geography Chinese Academy of Sciences,CN,5,False,,01676369,Arid area;GLDAS;GRACE;Oasis;Sustainability;WRCC,Irrigation_Decision
2-s2.0-85127546407,scopus,10.1175/JCLI-D-21-0573.1,The July 2019 European Heat Wave in a Warmer Climate: Storyline Scenarios with a Coupled Model Using Spectral Nudging,"Extreme weather events are triggered by atmospheric circulation patterns and shaped by slower components, including soil moisture and sea surface temperature, and by the background climate. This separation of factors is exploited by the storyline approach in which an atmospheric model is nudged toward the observed dynamics using different climate boundary conditions to explore their influence. The storyline approach disregards uncertain climatic changes in the frequency and intensity of dynamical conditions, focusing instead on the thermodynamic influence of climate on extreme events. Here we demonstrate an advanced storyline approach that employs a coupled climate model (AWI-CM-1-1-MR) in which the large-scale free-troposphere dynamics are nudged toward ERA5 data. Five-member ensembles are run for present-day (2017-19), preindustrial, 12-K, and 14-K climates branching off from CMIP6 historical and scenario simulations of the same model. In contrast to previous studies, which employed atmosphere-only models, feedbacks between extreme events and the ocean and sea ice state, and the dependence of such feedbacks on the climate, are consistently simulated. Our setup is capable of reproducing observed anomalies of relevant unconstrained parameters, including near-surface temperature, cloud cover, soil moisture, sea surface temperature, and sea ice concentration. Focusing on the July 2019 European heat wave, we find that the strongest warming amplification expands from southern to central Europe over the course of the twenty-first century. The warming reaches up to 10 K in the 4-K-warmer climate, suggesting that an analogous event would entail peak temperatures around 508C in central Europe. SIGNIFICANCE STATEMENT: This work explores a new storyline method to determine the impact of climate change on specific recent extreme events. The observed evolution of the large-scale atmospheric circulation is imposed in a coupled climate model. Variations in climate parameters, including ocean temperatures and sea ice, are well reproduced. By varying the background climate, including CO<inf>2</inf> concentrations, it is demonstrated how the July 2019 European heat wave could have evolved in preindustrial times and in warmer climates. For example, up to 108C warmer peak temperatures could occur in central Europe in a 48C warmer climate. The method should be explored for other types of extreme events and has the potential to make climate change more tangible and to inform adaptation measures.",2022,Journal of Climate,Sánchez-Benítez A.; Goessling H.; Pithan F.; Semmler T.; Jung T.,Alfred-Wegener-Institut Helmholtz-Zentrum für Polar- und Meeresforschung; Universität Bremen,DE,50,True,gold,08948755,Atmospheric circulation;Climate change;Climate models;Coupled models;Ensembles;Extreme events;Sea surface temperature;Soil moisture;Summer/warm season;Thermodynamics,Irrigation_Decision
2-s2.0-85121786518,scopus,10.1175/JCLI-D-20-0506.1,Contributions of Weakly Coupled Data Assimilation–Based Land Initialization to Interannual Predictability of Summer Climate over Europe,"The land surface is a potential source of climate predictability over the Northern Hemisphere midlatitudes but has received less attention than sea surface temperature in this regard. This study quantified the degree to which realistic land initialization contributes to interannual climate predictability over Europe based on a coupled climate system model named FGOALS-g2. The potential predictability provided by the initialization, which incorporates the soil moisture and soil temperature of a land surface reanalysis product into the coupled model with a dimension-reduced projection four-dimensional variational data assimilation (DRP-4DVar)-based weakly coupled data assimilation (WCDA) system, was analyzed first. The effective predictability (i.e., prediction skill) of the hindcasts by FGOALS-g2 with realistic and well-balanced initial conditions from the initialization were then evaluated. Results show an enhanced interannual prediction skill for summer surface air temperature and precipitation in the hindcast over Europe, demonstrating the potential benefit from realistic land initialization. This study highlights the significant contributions of land surface to interannual predictability of summer climate over Europe.",2022,Journal of Climate,Shi P.; Wang B.; He Y.; Lu H.; Yang K.; Xu S.; Huang W.; Liu L.; Liu J.; Li L.; Wang Y.,CAS Center for Excellence & Innovation in Tibetan Plateau Earth System Sciences; Institute of Atmospheric Physics Chinese Academy of Sciences; Ministry of Education of the People's Republic of China; Tsinghua University; University of Chinese Academy of Sciences,CN,11,False,,08948755,Climate prediction;Data assimilation;Europe;Interannual variability;Summer/warm season,Irrigation_Decision
2-s2.0-85142272783,scopus,10.1071/ES22026,ACCESS-S2: the upgraded Bureau of Meteorology multi-week to seasonal prediction system,"ACCESS-S2 is a major upgrade to the Australian Bureau of Meteorology's multi-week to seasonal prediction system. It was made operational in October 2021, replacing ACCESS-S1. The focus of the upgrade is the addition of a new weakly coupled data assimilation system to provide initial conditions for atmosphere, ocean, land and ice fields. The model is based on the UK Met Office GloSea5-GC2 seasonal prediction system and is unchanged from ACCESS-S1, aside from minor corrections and enhancements. The performance of the assimilation system and the skill of the seasonal and multi-week forecasts have been assessed and compared to ACCESS-S1. There are improvements in the ACCESS-S2 initial conditions compared to ACCESS-S1, particularly for soil moisture and aspects of the ocean, notably the ocean currents. More realistic soil moisture initialisation has led to increased skill for forecasts over Australia, especially those of maximum temperature. The ACCESS-S2 system is shown to have increased skill of El Nino-Southern Oscillation forecasts over ACCESS-S1 during the challenging autumn forecast period. Analysis suggests that ACCESS-S2 will deliver improved operational forecast accuracy in comparison to ACCESS-S1. Assessments of the operational forecasts are underway. ACCESS-S2 represents another step forward in the development of seasonal forecast systems at the Bureau of Meteorology. However, key rainfall and sea surface temperature biases in ACCESS-S1 remain in ACCESS-S2, indicating where future efforts should be focused.",2022,Journal of Southern Hemisphere Earth Systems Science,Wedd R.; Alves O.; De Burgh-Day C.; Down C.; Griffiths M.; Hendon H.H.; Hudson D.; Li S.; Lim E.P.; Marshall A.G.; Shi L.; Smith P.; Smith G.; Spillman C.M.; Wang G.; Wheeler M.C.; Yan H.; Yin Y.; Young G.; Zhao M.; Xiao Y.; Zhou X.,Bureau of Meteorology Australia,AU,68,True,gold,22065865,ACCESS-S2;assimilation;Bureau;climate;coupled;data;ENSO;forecast;hindcast;intraseasonal;meteorology;outlook;prediction;reanalysis;seasonal;subseasonal;upgrade,Irrigation_Decision
2-s2.0-85123759640,scopus,10.1088/1748-9326/ac3f63,Potential caveats in land surface model evaluations using the US drought monitor: Roles of base periods and drought indicators,"The US drought monitor (USDM) has been widely used as an observational reference for evaluating land surface model (LSM) simulation of drought. This study investigates potential caveats in such evaluation when the USDM and LSMs use different base periods and drought indices to identify drought. The retrospective national water model (NWM) v2.0 simulation (1993-2018) was used to exemplify the evaluation, supplemented by North American land data assimilation system phase 2 (NLDAS-2). Over their common period (2000-2018), in distinct contrast with the USDM which shows high drought occurrence (>50%) in the western half of the continental US (CONUS) and the southeastern US with low occurrence (<30%) elsewhere, the NWM and NLDAS-2 based on soil moisture percentiles (SMPs) consistently show higher drought occurrence (30%-40%) in the central and southeastern US than the rest of the CONUS. Much of the differences between the LSMs and USDM, particularly the strong LSM underestimation of drought occurrence in the western and southeastern US, are not attributed to the LSM deficiencies, but rather the lack of long-term drought in the LSM simulations due to their relatively short lengths. Specifically, the USDM integrates drought indices with century-long periods of record, which enables it to capture both short-term (<6 months) drought and long-term (6 months) drought, whereas the relatively short retrospective simulations of the LSMs allows them to adequately capture short-term drought but not long-term drought. In addition, the USDM integrates many drought indices whereas the NWM results are solely based on the SMP, further adding to the inconsistency. The high occurrence of long-term drought in the western and southeastern US in the USDM is further found to be driven collectively by the post-2000 long-term warm sea surface temperature (SST) trend, cold Pacific decadal oscillation and warm Atlantic multi-decadal oscillation, all of which are typical leading patterns of global SST variability that can induce drought conditions in the western, central, and southeastern US. Our findings highlight the effects of the above caveats and suggest that LSM evaluation should stay qualitative when the caveats are considerable.",2022,Environmental Research Letters,Wang H.; Xu L.; Hughes M.; Chelliah M.; Dewitt D.G.; Fuchs B.A.; Jackson D.L.,"Innovim, LLC; National Oceanic and Atmospheric Administration; School of Natural Resources; University of Colorado Boulder",US,7,True,gold,17489318,drought characteristics;land surface model evaluation;US drought monitor,Irrigation_Decision
2-s2.0-85123494538,scopus,10.1080/02626667.2021.2011892,Investigating hydro-climates of the Upper Blue Nile River Basin,"The Upper Blue Nile Basin (UBNB) is the main flow contributor to the downstream river. Given the competing demands, we characterize the water balance by statistical analysis of past observations and data assimilation models. UBNB runoff shows minimal trend (1% of variance) and a large annual cycle (69%) governed by the equatorial trough and Hadley circulation. The diurnal cycle linked to local heat fluxes contrasts with modulation by the slower Pacific El Niño Southern Oscillation and faster Indian Dipole. Using daily measurements over ~25 years, we found that the inflow to Lake Tana (average 48 m<sup>3</sup>/s) obtains a linear regression fit of r <sup>2</sup> = 76% with the discharge at Khartoum (average 1380 m<sup>3</sup>/s) at a lag of +6 days, implying that the small catchment conveys the hydro-climate signal to the entire Nile Basin. The inflow-induced turbidity in Lake Tana was studied using changes in colour detected by satellite. Land-use changes in the UBNB were quantified by satellite infra-red temperature and aerosol density. Trends in vegetation temperatures showed a + 0.2°C/year rise in agricultural zones. Ensemble model-projected trends in runoff are upward and may keep pace with the growing demand for Nile water.",2022,Hydrological Sciences Journal,Alaminie A.A.; Jury M.R.,Bahir Dar University; Recinto Universitario de Mayagüez; University of Zululand,ET;PR;ZA,2,False,,02626667,Blue Nile;climatic trends;Ethiopia highlands;hydrology,Irrigation_Decision
2-s2.0-85118628411,scopus,10.1038/s41612-021-00211-9,Drivers behind the summer 2010 wave train leading to Russian heatwave and Pakistan flooding,"Summer 2010 saw two simultaneous extremes linked by an atmospheric wave train: a record-breaking heatwave in Russia and severe floods in Pakistan. Here, we study this wave event using a large ensemble climate model experiment. First, we show that the circulation in 2010 reflected a recurrent wave train connecting the heatwave and flooding events. Second, we show that the occurrence of the wave train is favored by three drivers: (1) 2010 sea surface temperature anomalies increase the probability of this wave train by a factor 2-to-4 relative to the model’s climatology, (2) early-summer soil moisture deficit in Russia not only increases the probability of local heatwaves, but also enhances rainfall extremes over Pakistan by forcing an atmospheric wave response, and (3) high-latitude land warming favors wave-train occurrence and therefore rainfall and heat extremes. These findings highlight the complexity and synergistic interactions between different drivers, reconciling some seemingly contradictory results from previous studies.",2021,Npj Climate and Atmospheric Science,Di Capua G.; Sparrow S.; Kornhuber K.; Rousi E.; Osprey S.; Wallom D.; van den Hurk B.; Coumou D.,Deltares; Earth Institute; Lamont-Doherty Earth Observatory; Leibniz-Gemeinschaft; Magdeburg-Stendal UAS; Royal Netherlands Meteorological Institute; University of Oxford; Vrije Universiteit Amsterdam Instituut voor Milieuvraagstukken,DE;GB;NL;US,76,True,gold,23973722,,Irrigation_Decision
2-s2.0-85102709108,scopus,10.1038/s41598-021-85744-y,Boundary condition and oceanic impacts on the atmospheric water balance in limited area climate model ensembles,"Regional climate models (RCMs) are indispensable in climate research, albeit often characterized by biased terrestrial precipitation and water budgets. This study identifies excess oceanic evaporation, in conjunction with the RCMs’ boundary conditions, as drivers contributing to these biases in RCMs with forced sea surface temperatures in a CORDEX RCM ensemble over Europe. The RCMs are relaxed to the prescribed lateral boundary conditions originating from a global model, effectively matching the driving model's overall atmospheric moisture flux divergence. As a consequence, excess oceanic evaporation results in positive precipitation biases over land due to forced internal recycling of moisture to maintain the overall flux divergence prescribed by the boundary conditions. This systematic behaviour is shown through an analysis of long-term atmospheric water budgets and atmospheric moisture exchange between oceanic and continental areas in a multi-model ensemble.",2021,Scientific Reports,Goergen K.; Kollet S.,Centre for High-Performance Scientific Computing in Terrestrial Systems; Forschungszentrum Jülich GmbH,DE,11,True,gold,20452322,,Irrigation_Decision
2-s2.0-85117767845,scopus,10.1175/JCLI-D-21-0130.1,Local and Remote Atmospheric Responses to Soil Moisture Anomalies in Australia,"Three sets of model experiments are performed with the Community Earth System Model to study the role of soil moisture anomalies as a boundary forcing for the formation of upper-level Rossby wave patterns during the Southern Hemisphere summer. In the experiments, soil moisture over Australia is set to 61 standard deviation (STD) of an ERA-Interim-derived soil moisture reconstruction for the years 2009–16 and 50 ensemble members are run. The local response is a positive heating anomaly in the dry simulations that results in a thermal low–like circulation anomaly with an anomalous surface low and upper-level anticyclone. Significant differences in convective rainfall over Australia are related to differences in convective instability and associated with changes in near-surface moisture and moisture advection patterns. A circum-hemispheric flow response is identified both in the upper-level flow and in the surface storm tracks that overall resembles a positive southern annular mode–like flow anomaly in the dry simulations. The structure of this atmospheric response strongly depends on the background flow. The results point to a modulation of the hemispheric flow response to the forcing over Australia by El Niño–Southern Oscillation. Significant changes of precipitation over the Maritime Continent and South Africa are found and significant differences in the frequency of surface cyclones are present all along the storm tracks.",2021,Journal of Climate,Martius O.; Wehrli K.; Rohrer M.,Axis Capital; Institut für Atmosphäre und Klima; University of Bern,CH,27,False,,08948755,Atmosphere-land interaction;Atmospheric circulation;Rossby waves;Wave breaking,Irrigation_Decision
2-s2.0-85108286928,scopus,10.1016/j.agwat.2021.107028,Agricultural drought prediction in China based on drought propagation and large-scale drivers,"Agricultural drought is generally defined as a deficit in soil moisture, and can affect plant growth and crop yields. Accurate prediction of agricultural drought with sufficient lead time can aid agricultural planning and reduce losses in agricultural production. In this study, the meta-Gaussian model was employed to predict agricultural drought (standardized soil moisture index, or SSI) during spring and summer in China based on the initial soil moisture conditions, antecedent meteorological drought (standardized precipitation index, or SPI) and large-scale drivers (El Niño-Southern Oscillation, or ENSO). Monthly precipitation and soil moisture data from Global Land Data Assimilation System, version 2 (GLDAS-2.0) were used to compute the meteorological and agricultural drought indicators. The conditional distribution of agricultural drought given multiple predictors was used for the statistical prediction. The autocorrelation of agricultural drought, the correlation between meteorological drought and agricultural drought, and the correlation between ENSO and agricultural drought were first evaluated to understand the predictors from soil moisture persistence, drought propagation, and large-scale drivers. We then employed the conditional distribution to predict agricultural drought over the period from 1948 to 2014, in which contributions of antecedent meteorological drought and large-scale drivers to the prediction performance were evaluated. Results showed that the prediction method performed well in semi-arid and sub-humid regions during spring, but did not perform well in humid regions during summer. In addition, the incorporation of ENSO provided useful predictability for long lead time prediction in certain regions (with significant influence of ENSO). The results obtained from this study can provide useful information for early agricultural drought warning across China.",2021,Agricultural Water Management,Zhang Y.; Hao Z.; Feng S.; Zhang X.; Xu Y.; Hao F.,Beijing Normal University,CN,149,False,,03783774,Agricultural drought;Drought prediction;Drought propagation;GLDAS,Irrigation_Decision
2-s2.0-85103985715,scopus,10.1016/j.jhydrol.2021.126274,"Spatiotemporal changes of terrestrial water storage and possible causes in the closed Qaidam Basin, China using GRACE and GRACE Follow-On data","Terrestrial water storage (TWS) is a crucial indicator of regional water balance and water resources changes. Due to limited hydrological observations, we combined the Gravity Recovery and Climate Experiment (GRACE) and GRACE Follow-On (GRACE-FO) products using the Long Short-Term Memory (LSTM) neural network to monitor the TWS changes from April 2002 to March 2020 over the closed Qaidam Basin in northwest China and examined the impacts of climate and meteorological changes on TWS variations. The results indicated that the LSTM model, driven by the cumulative precipitation, temperature, and Global Land Data Assimilation System datasets, was reliable for use in reconstruction of the GRACE products in the closed basin. The TWS variations featured seasonal variation characteristics and a significant upward trend at internal-annual scales, which were tested via linear statistics and a modified Mann–Kendall method. The increasing trend is likely to remain strongly sustainable in the near future with a Hurst index over 0.75 in most regions. Moreover, the TWS oscillation has a periodicity and nonlinearity increase trend of 0.43 mm/month as observed using ensemble empirical mode decomposition analysis, and the TWS components (including snow water equivalent, soil moisture, and groundwater) demonstrate discordant increasing trends in the basin. Under climate change conditions, teleconnection factors have strong impacts on TWS variability, particularly for the Pacific Decadal Oscillation index with a significant negative correlation by cross wavelet transform technology. Nonetheless, the increase in TWS is primarily influenced by precipitation increases and is more sensitive to the accumulated precipitation in this region. In this study, the GRACE products in combination with GRACE-FO data may help us to better understand the spatiotemporal characterization of TWS in Qaidam Basin, which will provide an important support for the water resource management and ecological environment protection in such data-scarce regions.",2021,Journal of Hydrology,Wei L.; Jiang S.; Ren L.; Tan H.; Ta W.; Liu Y.; Yang X.; Zhang L.; Duan Z.,"Cold and Arid Regions Environmental and Engineering Research Institute Chinese Academy of Sciences; Hohai University; Institutionen för Naturgeografi och Ekosystemvetenskap, Lunds Universitet",CN;SE,67,False,,00221694,Ensemble empirical mode decomposition;GRACE;Long short-term memory;Qaidam Basin;Terrestrial water storage,Irrigation_Decision
2-s2.0-85106957109,scopus,10.1038/s41586-021-03503-5,A 10 per cent increase in global land evapotranspiration from 2003 to 2019,"Accurate quantification of global land evapotranspiration is necessary for understanding variability in the global water cycle, which is expected to intensify under climate change<sup>1–3</sup>. Current global evapotranspiration products are derived from a variety of sources, including models<sup>4,5</sup>, remote sensing<sup>6,7</sup> and in situ observations<sup>8–10</sup>. However, existing approaches contain extensive uncertainties; for example, relating to model structure or the upscaling of observations to a global level<sup>11</sup>. As a result, variability and trends in global evapotranspiration remain unclear<sup>12</sup>. Here we show that global land evapotranspiration increased by 10 ± 2 per cent between 2003 and 2019, and that land precipitation is increasingly partitioned into evapotranspiration rather than runoff. Our results are based on an independent water-balance ensemble time series of global land evapotranspiration and the corresponding uncertainty distribution, using data from the Gravity Recovery and Climate Experiment (GRACE) and GRACE-Follow On (GRACE-FO) satellites<sup>13</sup>. Variability in global land evapotranspiration is positively correlated with El Niño–Southern Oscillation. The main driver of the trend, however, is increasing land temperature. Our findings provide an observational constraint on global land evapotranspiration, and are consistent with the hypothesis that global evapotranspiration should increase in a warming climate.",2021,Nature,Pascolini-Campbell M.; Reager J.T.; Chandanpurkar H.A.; Rodell M.,Jet Propulsion Laboratory; NASA Goddard Space Flight Center,US,169,False,,00280836,,Irrigation_Decision
2-s2.0-85099272609,scopus,10.1007/s00382-020-05576-w,Potential shifts in climate zones under a future global warming scenario using soil moisture classification,"Climate zones fundamentally shape the patterns of the terrestrial environment and human habitation. How global warming alters their current distribution is an important question that has yet to be properly addressed. Using root-layer soil moisture as an indicator, this study investigates potential future changes in climate zones with the perturbed parameter ensemble of climate projections by the HadGEM3-GC3.05 model under the CMIP5 RCP8.5 scenario. The total area of global drylands (including arid, semiarid, and subhumid zones) can potentially expand by 10.5% (ensemble range is 0.6–19.0%) relative to the historical period of 1976–2005 by the end of the 21st century. This global rate of dryland expansion is smaller than the estimate using the ratio between annual precipitation total and potential evapotranspiration (19.2%, with an ensemble range of 6.7–33.1%). However, regional expansion rates over the mid-high latitudes can be much greater using soil moisture than using atmospheric indicators alone. This result is mainly because of frozen soil thawing and accelerated evapotranspiration with Arctic greening and polar warming, which can be detected in soil moisture but not from atmosphere-only indices. The areal expansion consists of 7.7% (–8.3 to 23.6%) semiarid zone growth and 9.5% (3.1–20.0%) subhumid growth at the expense of the 2.3% (–10.4 to 7.4%) and 12.6% (–29.5 to 2.0%) contraction of arid and humid zones. Climate risks appear in the peripheries of subtype zones across drylands. Potential alteration of the traditional humid zone, such as those in the mid-high latitudes and the Amazon region, highlights the accompanying vulnerability for local ecosystems.",2021,Climate Dynamics,Li M.; Wu P.; Sexton D.M.H.; Ma Z.,Institute of Atmospheric Physics Chinese Academy of Sciences; Met Office; University of Chinese Academy of Sciences,CN;GB,41,True,gold,09307575,Aridity index;Climate change;Climate zones;Soil moisture;Terrestrial ecosystems,Irrigation_Decision
2-s2.0-85103572066,scopus,10.5194/nhess-21-1135-2021,The heavy precipitation event of 14-15 October 2018 in the Aude catchment: A meteorological study based on operational numerical weather prediction systems and standard and personal observations,"The case of the heavy precipitation event on 14 and 15 October 2018 which has led to severe flash flooding in the Aude watershed in south-western France is studied from a meteorological point of view using deterministic and probabilistic numerical weather prediction systems, as well as a unique combination of observations from both standard and personal weather stations. This case features typical characteristics of Mediterranean heavy precipitation events such as its classic synoptic situation and its quasi-stationary convective precipitation that regenerates continuously, as well as some peculiarities such as the presence of a former hurricane and a pre-existing cold air mass close to the ground. Mediterranean Sea surface temperature and soil moisture anomalies are briefly reviewed, as they are known to play a role in this type of hydrometeorological events. A study of rainfall forecasts shows that the event had limited predictability, in particular given the small size of the watersheds involved. It is shown that the stationarity of precipitation, whose estimation benefits from data from personal stations, is linked to the presence near the ground of a trough and a strong potential virtual temperature gradient, the stationarity of both of which is highlighted by a combination of observations from standard and personal stations. The forecast that comes closest to the rainfall observations contains the warmest, wettest, and fastest low-level jet and also simulates near the ground a trough and a marked boundary between cold air in the west and warm air in the east, both of which are stationary.",2021,Natural Hazards and Earth System Sciences,Caumont O.; Mandement M.; Bouttier F.; Eeckman J.; Brossier C.L.; Lovat A.; Nuissier O.; Laurantin O.,Météo France; Université de Toulouse,FR,27,True,gold,15618633,,Irrigation_Decision
2-s2.0-85104887828,scopus,10.1098/rsos.201086,Transformation of measurement uncertainties into low-dimensional feature vector space,"Advances in technology allow the acquisition of data with high spatial and temporal resolution. These datasets are usually accompanied by estimates of the measurement uncertainty, which may be spatially or temporally varying and should be taken into consideration when making decisions based on the data. At the same time, various transformations are commonly implemented to reduce the dimensionality of the datasets for postprocessing or to extract significant features. However, the corresponding uncertainty is not usually represented in the low-dimensional or feature vector space. A method is proposed that maps the measurement uncertainty into the equivalent low-dimensional space with the aid of approximate Bayesian computation, resulting in a distribution that can be used to make statistical inferences. The method involves no assumptions about the probability distribution of the measurement error and is independent of the feature extraction process as demonstrated in three examples. In the first two examples, Chebyshev polynomials were used to analyse structural displacements and soil moisture measurements; while in the third, principal component analysis was used to decompose the global ocean temperature data. The uses of the method range from supporting decision-making in model validation or confirmation, model updating or calibration and tracking changes in condition, such as the characterization of the El Niño Southern Oscillation.",2021,Royal Society Open Science,Alexiadis A.; Ferson S.; Patterson E.A.,University of Liverpool,GB,0,True,gold,20545703,approximate Bayesian computation;data decomposition;ENSO;measurement uncertainty;soil moisture;strain analysis,Irrigation_Decision
2-s2.0-85102922186,scopus,10.3389/feart.2021.615969,Critical Role of Soil Moisture Memory in Predicting the 2012 Central United States Flash Drought,"The unprecedented 2012 summer drought over the central United States was characterized by rapid intensification and severe impact and was known as a flash drought. Since then, flash drought has raised a wide concern, with considerable progresses on the definition, detection of anthropogenic footprints, and assessment of ecological impact. However, physical mechanisms related to the flash drought predictability remain unclear. Here, we show that the severity of the 2012 flash drought will be heavily underestimated without realistic initial soil moisture condition. The global Weather Research and Forecasting (GWRF) model was employed during the summers of 1979–2012, driven by observed sea surface temperature but without lateral boundary controls, which is similar to two-tier global seasonal prediction. The 2012 United States drought pattern was roughly captured by the GWRF ensemble global simulations, although with obvious underestimation of the severity. To further diagnose the role of soil moisture memory, dry and wet simulations that decrease and increase initial soil moisture by 10% were conducted. While the dry case does not significantly differ from the control case, the wet case totally missed the drought over the Central and Southern Great Plains by changing the anticyclonic circulation anomaly to a cyclonic anomaly and simulating a northward anomaly of meridional wind that brought anomalous moisture from the Gulf of Mexico and finally resulted in a failure to predict the drought. This study highlights the importance of soil moisture memory in predicting flash drought that often occurred without strong oceanic signal.",2021,Frontiers in Earth Science,Liang M.; Yuan X.,Institute of Atmospheric Physics Chinese Academy of Sciences; Nanjing University of Information Science & Technology; National Satellite Meteorological Center Beijing,CN,48,True,gold,22966463,circulation 3;flash drought;prediction;soil moisture;WRF,Irrigation_Decision
2-s2.0-85097044397,scopus,10.1016/j.scitotenv.2020.143579,Exploring groundwater and soil water storage changes across the CONUS at 12.5 km resolution by a Bayesian integration of GRACE data into W3RA,"Climate variability and change along with anthropogenic water use have affected the (re)distribution of water storage and fluxes across the Contiguous United States (CONUS). Available hydrological models, however, do not represent recent changes in the water cycle. Therefore, in this study, a novel Bayesian Markov Chain Monte Carlo-based Data Assimilation (MCMC-DA) approach is formulated to integrate Terrestrial Water Storage changes (TWSC) from the Gravity Recovery and Climate Experiment (GRACE) satellite mission into the W3RA water balance model. The benefit of this integration is its dynamic solution that uses GRACE TWSC to update W3RA's individual water storage estimates while rigorously accounting for uncertainties. It also down-scales GRACE data and provides groundwater and soil water storage changes at ~12.5 km resolution across the CONUS covering 2003–2017. Independent validations are performed against in-situ groundwater data (from USGS) and Climate Change Initiative (CCI) soil moisture products from the European Space Agency (ESA). Our results indicate that MCMC-DA introduces trends, which exist in GRACE TWSC, mostly to the groundwater storage and to a lesser extent to the soil water storage. Higher similarity is found between groundwater estimation of MCMC-DA and those of USGS in the southeastern CONUS. We also show a stronger linear trend in MCMC-DA soil water storage across the CONUS, compared to W3RA (changing from ±0.5 mm/yr to ±2 mm/yr), which is closer to independent estimates from the ESA CCI. MCMC-DA also improves the estimation of soil water storage in regions with high forest intensity, where ESA CCI and hydrological models have difficulties in capturing the soil-vegetation-atmosphere continuum. The representation of El Niño Southern Oscillation (ENSO)-related variability in groundwater and soil water storage are found to be considerably improved after integrating GRACE TWSC with W3RA. This new hybrid approach shows promise for understanding the links between climate and the water balance over broad regions.",2021,Science of the Total Environment,Mehrnegar N.; Jones O.; Singer M.B.; Schumacher M.; Jagdhuber T.; Scanlon B.R.; Rateb A.; Forootan E.,"Aalborg University; Bureau of Economic Geology; Cardiff University; Deutsches Zentrum für Luft- und Raumfahrt (DLR); University of California, Santa Barbara; Universität Hohenheim",DE;DK;GB;US,30,False,,00489697,CONUS;GRACE TWSC;Groundwater storage;Markov Chain Monte Carlo (MCMC);Soil water storage;W3RA,Irrigation_Decision
2-s2.0-85101514536,scopus,10.1029/2020EF001762,Significant Land Contributions to Interannual Predictability of East Asian Summer Monsoon Rainfall,"Marked by large interannual variability, East Asian summer monsoon (EASM) rainfall has profound socio-economic impacts through its dominant influence on floods and droughts. Improving predictions of the interannual variations of EASM rainfall has important implications for over 20% of the world's population. While coupled modeling systems have demonstrated some prediction skill related to the El Niño Southern Oscillation with remote influence on EASM rainfall, the impact of soil moisture has heretofore not been systematically investigated. Using a weakly coupled data assimilation (WCDA) system to constrain the soil moisture and soil temperature in a coupled climate model with a global land data assimilation product, this study demonstrates significant improvements in simulating the interannual variations of EASM rainfall, capturing the notable shift to a “wetter-South-drier-North” rainfall pattern in China in the early 1990s. Hindcast simulations initialized with the well-balanced states from a coupled simulation with WCDA also show significant multi-year rainfall prediction skill over East China and Tibetan Plateau. Improvements in predicting the EASM rainfall are attributed to the strong land-atmosphere coupling in large areas over China, which allows improved predictions of soil moisture to influence precipitation through soil moisture-precipitation feedback, and the effects of land anomalies on the EASM circulation. This study highlights the significant contribution of land to the interannual predictability of EASM rainfall, with a great potential to advance skillful interannual predictions of benefit to the large populations influenced by the annual whiplash of the summer monsoon rain.",2021,Earth S Future,Shi P.; Lu H.; Leung L.R.; He Y.; Wang B.; Yang K.; Yu L.; Liu L.; Huang W.; Xu S.; Liu J.; Huang X.; Li L.; Lin Y.,CAS Center for Excellence & Innovation in Tibetan Plateau Earth System Sciences; Institute of Atmospheric Physics Chinese Academy of Sciences; Ministry of Education of the People's Republic of China; Pacific Northwest National Laboratory; Tsinghua University; University of Chinese Academy of Sciences,CN;US,31,True,gold,23284277,data assimilation;land memory;land-atmosphere interactions;monsoon rainfall;predictability,Irrigation_Decision
2-s2.0-85111593780,scopus,10.4995/raet.2021.15211,"Monitoring water storage changes in middle and low paraná river basin using GRACE, GRACE FO, TRMM and GLDAS data","GRACE (Gravity Recovery and Climate Experiment) is a satellite mission that can monitor mass distributions in the Earth system, which is closely related to the consequences of climate change. This gravimetric satellite allows to obtain monthly variations of the Earth’s gravity field, which can be associated with water mass variations, after removing the effects of oceanic tides and solid Earth, as well as non-tidal oceanic and atmospheric contributions. In this work, data from GRACE (2002-2017) and GRACE FO (since 2018) were used to analyze the variation of the water mass in the Middle and Low Paraná river basin. The interpretation of the results was carried out by associating the mass anomalies derived from GRACE data with information from the TRMM global rainfall mission. Monthly maps of GRACE water mass variations and TRMM precipitation were produced, which made possible a thorough analysis at a regional level of this mass redistribution in the basin, and its connection to the El Niño and La Niña events that took place in the period under study. The water deficits shown in the 2009 GRACE maps are, in fact, related to the intense episode of La Niña that occurred in the period 2008-2009; while the excess of water storage depicted on the 2016 and 2019 maps is connected to the El Niño phenomenon. Moreover, GRACE has also detected drought events in different sectors between 2011-2012, together with floods in the years 2007 and 2010. Monthly GRACE-derived water storage changes were compared with the independent components of the water balance in the region using different hydrological models estimates. Finally, the temporal variations of the groundwater and the soil part (surface water, soil moisture) were analyzed using the Global Land Data Assimilation System GLDAS. The variables showed a good correlation between them, reaching values of ~r=0.80.",2021,Revista De Teledeteccion,Cornero C.; Pereira A.; Matos A.C.O.C.; Pacino M.C.; Blitzkow D.,Centro de Estudos de Geodesia (CENEGEO); Consejo Nacional de Investigaciones Científicas y Técnicas; Universidad Nacional de Rosario; Universidade de São Paulo,AR;BR,3,True,gold,11330953,El Niño;GRACE;La Niña;Middle and Low Paraná sub-basin;TRMM;Water storage,Irrigation_Decision
2-s2.0-85102209010,scopus,10.1175/JCLI-D-20-0365.1,U.S. Pacific coastal droughts are predominantly driven by internal atmospheric variability,"Droughts that span the states of Washington, Oregon, and California are rare but devastating due to their large spatial coverage and potential loss of redundancies in water, agricultural, and fire-fighting resources. Such pan-coastal droughts [which we define using boreal summer volumetric soil moisture along the U.S. Pacific coast (328-508N, 1158-1278W)] require a more precise understanding of the roles played by the Pacific Ocean and internal atmospheric variability. We employ 16-member ensembles of the Community Atmosphere Model version 5 and Community Climate Model version 3 forced with observed sea surface temperatures (SSTs) from 1856 to 2012 to separate and quantify the influences of the tropical Pacific and internal atmospheric variability on pan-coastal droughts; all other boundary conditions are kept at climatological levels to explicitly isolate for the impacts of SST changes. Internal atmospheric variability is the dominant driver of pan-coastal droughts, accounting for 84% of their severity, and can reliably generate pan-coastal droughts even when ocean conditions do not favor drought. Cold phases of the Pacific Ocean play a secondary role and contribute, on average, only 16% to pan-coastal drought severity. Spatiotemporal analyses of precipitation and soil moisture along the U.S. Pacific coast corroborate these findings and identify an antiphased wet-dry dipole pattern induced by the Pacific to play a more secondary role. Our model framework expands on previous observational analyses that point to the spatially uniform forcing of internal atmospheric variability as the more dominant mode of hydroclimate variability along the U.S. Pacific coast. The secondary nature of oceanic forcing suggests limited predictability of pan-continental droughts.",2021,Journal of Climate,Baek S.H.; Smerdon J.E.; Cook B.I.; Williams A.P.,Columbia University; Lamont-Doherty Earth Observatory; NASA Goddard Institute for Space Studies,US,12,True,gold,08948755,Atmosphere-ocean interaction;Drought;Hydrology,Irrigation_Decision
2-s2.0-85085306422,scopus,10.1175/mwr-d-19-0409.1,Subseasonal statistical forecasts of eastern U.S. hot temperature events,"Extreme summer temperatures can cause severe societal impacts. Early warnings can aid societal preparedness, but reliable forecasts for extreme temperatures at subseasonal-to-seasonal (S2S) time scales are still missing. Earlier work showed that specific sea surface temperature (SST) patterns over the northern Pacific Ocean are precursors of high temperature events in the eastern United States, which might provide skillful forecasts at long leads (;50 days). However, the verification was based on a single skill metric, and a probabilistic forecast was missing. Here, we introduce a novel algorithm that objectively extracts robust precursors from SST linked to a binary target variable. When applied to reanalysis (ERA-5) and climate model data (EC-Earth), we identify robust precursors with the clearest links over the North Pacific. Different precursors are tested as input for a statistical model to forecast high temperature events. Using multiple skill metrics for verification, we show that daily high temperature events have no predictive skill at long leads. By systematically testing the influence of temporal and spatial aggregation, we find that noise in the target time series is an important bottleneck for predicting extreme events on S2S time scales. We show that skill can be increased by a combination of 1) aggregating spatially and/or temporally, 2) lowering the threshold of the target events to increase the base rate, or 3) adding additional variables containing predictive information (soil moisture). Exploiting these skill-enhancing factors, we obtain forecast skill for moderate heat waves (i.e., 2 or more hot days closely clustered together in time) with up to 50 days of lead time.",2020,Monthly Weather Review,Vijverberg S.; Schmeits M.; van der Wiel K.; Coumou D.,Royal Netherlands Meteorological Institute; Vrije Universiteit Amsterdam,NL,22,True,gold,00270644,Atmosphere–land interaction;Atmosphere–ocean interaction;Forecast verification/skill;Rossby waves;Seasonal forecasting;Stationary waves,Irrigation_Decision
2-s2.0-85090412809,scopus,10.1016/j.ecolmodel.2020.109266,Factors controlling long-term carbon dioxide exchange between a Douglas-fir stand and the atmosphere identified using an artificial neural network approach,"It is critical to have long-term carbon dioxide (CO<inf>2</inf>) flux observations in forest ecosystems to understand how changing climate can affect forest carbon (C) stocks and CO<inf>2</inf> exchange between forests and the atmosphere. In this study, fifteen years (2002–2016) of continuous eddy-covariance flux and climate measurements in an intermediate-aged Douglas-fir stand on the east coast of Vancouver Island, Canada, were analyzed. First, the eddy covariance-measured CO<inf>2</inf> fluxes were partitioned into gross primary production and ecosystem respiration using two artificial neural networks. Second, the responses of net ecosystem production, gross primary production and ecosystem respiration to interannual climate variability, including five El Niño-Southern Oscillation events, were determined. Three hyper-parameters (number of layers, hidden units, and batch size) of each artificial neural network were set by Bayesian optimization using sequential model-based optimization while the remaining hyper-parameters were taken from the literature. The first artificial neural network was fitted using only nighttime CO<inf>2</inf> flux data and applied to estimate nighttime and daytime ecosystem respiration values, and the second one was used to gap-fill gross primary production values. In addition, a predictor analysis was done to investigate the most influential predictors (i.e., environmental variables) within seasons and years. When applied to half-hourly data, the ecosystem respiration model had an R<sup>2</sup> of 0.43, whereas the gross primary production model had an R<sup>2</sup> of 0.80. The stand was a moderate C sink (average net ecosystem production of 118 ± 404 g C m<sup>−2</sup> year<sup>−1</sup>) during the entire study period, except for the years 2002–2006 when the stand was a moderate C source. The mean annual values of gross primary production and ecosystem respiration were 1649 ± 157 g C m<sup>−2</sup> year<sup>−1</sup> and 1531 ± 312 g C m<sup>−2</sup> year<sup>−1</sup>, respectively. Our analysis showed that soil temperature was the most important predictor for the ecosystem respiration model, and photosynthetically active irradiance was the most important predictor for the gross primary production model. However, during dry periods in late summer, soil moisture became the most important predictor. Interannual variability of net ecosystem production was only slightly affected by annual total precipitation, mean soil temperature and mean air temperature. Instead, it depended on spring mean air temperature (start of the growing season), summer total precipitation (indicative of water deficiency) and mean summer air temperature. El Niño and La Niña events generally resulted in lower and higher annual net ecosystem production, respectively.",2020,Ecological Modelling,Briegel F.; Lee S.C.; Black T.A.; Jassal R.S.; Christen A.,The University of British Columbia; Universität Freiburg,CA;DE,9,False,,03043800,Artificial neural network;Douglas-fir;Eddy covariance;El niño;Net ecosystem exchange partitioning;Predictor analysis,Irrigation_Decision
2-s2.0-85089031709,scopus,10.1007/s00382-020-05381-5,"Characteristics, precursors, and potential predictability of Amu Darya Drought in an Earth system model large ensemble","The socioeconomic stability of the Central Asian Republics in the Amu Darya watershed is sensitive to drought. Activities related to agriculture employ a large fraction of the population and are responsible for at least one-fifth of the gross domestic products of Afghanistan, Tajikistan, and Turkmenistan. Toward building a predictive understanding that may be applied to drought early warning practices, the characteristics, precursors and potential predictability of agricultural drought in the Amu Darya watershed are examined in a large ensemble of Community Earth System Model version 1 simulations during 1920–2019. Agricultural drought is examined over Upper and Lower regions of the Amu Darya watershed, which have different mean hydroclimates, and is defined by 1-m soil moisture deficits lasting three or more months. The likelihood of drought onset and demise is phase-locked with the seasonal cycle of precipitation of each region, but with some notable differences. For the Upper region, drought onset and demise are three times more likely to occur during Autumn and Spring than other seasons. For the Lower region, drought onset and demise are three times more likely to occur during November–April than during Summer. Precipitation anomalies drive drought onset and demise during the climatological wet periods of both regions while temperatures play a smaller role. The probability of drought onset and demise is modulated by La Niña and El Niño, which control the interannual variability of precipitation over the Central Asian Republics during their wet seasons, indicating that the state of the El Niño Southern Oscillation serves as a key predictor of agricultural drought phase changes.",2020,Climate Dynamics,Hoell A.; Eischeid J.; Barlow M.; McNally A.,NASA Goddard Space Flight Center; National Oceanic and Atmospheric Administration; University of Colorado Boulder; University of Massachusetts Lowell,US,14,False,,09307575,,Irrigation_Decision
2-s2.0-85088914382,scopus,10.2166/wcc.2020.239,Forecasting of droughts and tree mortality under global warming: A review of causative mechanisms and modeling methods,"Droughts of greater severity are expected to occur more frequently at larger space-time scales under global warming and climate change. Intensified drought and increased rainfall intermittency will heighten tree mortality. To mitigate drought-driven societal and environmental hazards, reliable long-term drought forecasting is critical. This review examines causative mechanisms for drought and tree mortality, and synthesizes stochastic, statistical, dynamical, and hybrid statistical-dynamical drought forecasting models as well as theoretical, empirical, and mechanistic tree mortality forecasting models. Since an increase in global mean temperature changes the strength of sea surface temperature (SST) teleconnections, forecasting models should have the flexibility to incorporate the varying causality of drought. Some of the statistical drought forecasting models, which have nonlinear and nonstationary natures, can be merged with dynamical models to compensate for their lack of stochastic structure in order to improve forecasting skills. Since tree mortality is mainly affected by a hydraulic failure under drought conditions, mechanistic forecasting models, due to their capacity to track the percentage of embolisms against available soil water, are adequate to forecast tree mortality. This study also elucidates approaches to improve long-term drought forecasting and regional tree mortality forecasting as a future outlook for drought studies.",2020,Journal of Water and Climate Change,Han J.; Singh V.P.,Department of Biological and Agricultural Engineering; Texas A&M University; United Arab Emirates University,AE;US,40,True,gold,20402244,Causative mechanisms;Drought;Forecasting methods;Global warming;Soil degradation;Tree mortality,Irrigation_Decision
2-s2.0-85088600461,scopus,10.1175/JCLI-D-19-0598.1,The GLACE-Hydrology Experiment: Effects of Land-Atmosphere Coupling on Soil Moisture Variability and Predictability,"The impact of land-atmosphere anomaly coupling on land variability is investigated using a new two-stage climate model experimental design called the ""GLACE-Hydrology"" experiment. First, as in the GLACECMIP5 experiment, twin sets of coupled land-atmosphere climate model (CAM5-CLM4.5) ensembles are performed, with each simulation using the same prescribed observed sea surface temperatures and radiative forcing for the years 1971-2014. In one set, land-atmosphere anomaly coupling is removed by prescribing soil moisture to follow the control model's seasonally evolving soil moisture climatology (""land-atmosphere uncoupled""), enabling a contrast with the original control set (""land-atmosphere coupled""). Then, the atmospheric outputs from both sets of simulations are used to force land-only ensemble simulations, allowing investigation of the resulting soil moisture variability and memory under both the coupled and uncoupled scenarios. This study finds that in midlatitudes during boreal summer, land-atmosphere anomaly coupling significantly strengthens the relationship between soil moisture and evapotranspiration anomalies, both in amplitude and phase. This allows for decreased moisture exchange between the land surface and atmosphere, increasing soilmoisturememory and often its variability as well.Additionally, land-atmosphere anomaly coupling impacts runoff variability, especially in wet and transition regions, and precipitation variability, although the latter has surprisingly localized impacts on soilmoisture variability.As a result of these changes, there is an increase in the signal-to-noise ratio, and thereby the potential seasonal predictability, of SST-forced hydroclimate anomalies in many areas of the globe, especially in the midlatitudes. This predictability increase is greater for soil moisture than precipitation and has important implications for the prediction of drought.",2020,Journal of Climate,Kumar S.; Newman M.; Lawrence D.M.; Lo M.H.; Akula S.; Lan C.W.; Livneh B.; Lombardozzi D.,Auburn University; College of Engineering and Applied Science; National Center for Atmospheric Research; National Oceanic and Atmospheric Administration; National Taiwan University; Samuel Ginn College of Engineering; University of Colorado Boulder,TW;US,20,True,gold,08948755,,Irrigation_Decision
2-s2.0-85088661178,scopus,10.3390/rs12142216,Analyzing the effects of Sea Surface Temperature (SST) on Soil Moisture (SM) in coastal areas of Eastern China,"In this paper, we applied the re-analysis data cobe-SST (cobe-sea surface temperature) and Global Land Data Assimilation System (GLDAS) surface soil moisture (SM) data from 1961 to 2011 by using regional correlation analysis and time series causality analysis to trace annual variations in and identify the abnormal relationship of sea surface temperature (SST) in the eastern China Sea and SM in eastern China (EC).We also used satellite Moderate Resolution Imaging Spectroradiometer (MODIS) SST and AMSR-E SM data to examine the correlation of SST and SM in EC from 2004-2009. The results show that the SST in the eastern China Sea has experienced a warming trend since 1987, whereas the SM in EC has shown a drying trend since 1978. Before 1967 and after 1997, SST and SM changed during opposite phases, whereas from 1967 to 1997 they changed during the same phase. The differences between them may result from the abnormal summer precipitation causing abnormal SM. According to the regional correlation analysis, SST of the East China Sea is significantly related to SM in the southeast coastal area, and temporal sequence causality analysis shows that SST is correlated with and has higher influence on SM than vice versa. SM during spring and autumn shows a similar correlation with SST during the four seasons, so that SM in spring and autumn is positively correlated with SST in autumn and negatively correlated with SST in other seasons. SM in summer and winter correlated with SST in the four seasons, contradicting the foregoing conclusions. All these findings indicate that the thermodynamic state of the eastern China Sea has affected SM in EC.",2020,Remote Sensing,Liu Y.; Zhang Y.; Cai J.; Tsou J.Y.,City University of Hong Kong; Nanjing University of Information Science & Technology; National Marine Environmental Forecasting Center,CN;HK,5,True,gold,20724292,Coastal areas;East China Sea;Eastern China;Soil moisture;SST,Irrigation_Decision
2-s2.0-85088023141,scopus,10.3390/w12071940,Characterization of the recharge-storage-runoff process of the Yangtze river source region under climate change,"Storage and runoff are the two fundamental surface hydrological variables of a catchment. Research studies have been focused on the storage-runoff (S-R) hysteretic relationship of a catchment and its explanation very recently, thanks to satellite gravimetry. However, a complete analysis of a hydrological process starting from recharge to runoff has not been investigated. The S-R hysteretic relationship of Yangtze River Source Region (YRSR) situated in the northeast Tibetan Plateau is also unexplored. This study aims to investigate the Recharge-Storage-Runoff relationship of this catchment using gravimetrically-derived terrestrial water storage (TWS), satellite-derived and gauged precipitation, land surface modeled and gauged evapotranspiration, and runoff data measured during 2003-2012. We found that the Pearson correlation coefficient (PCC) of S-R relationship is 0.7070, in addition to the fact that the peak of runoff every year comes earlier than that of the storage. This finding enables us to further calculate equivalent runoff based on water balance equation using the above data, while comparing to measured runoff time series. The comparison of Global Land Data Assimilation System (GLDAS)-derived (gauge-derived) equivalent runoff against measured runoff reveals a PCC of 0.8992 (0.9402), respectively, indicating both storage and runoff are largely controlled by the recharge derived from precipitation and evapotranspiration. This implies the storage is not coupled with runoff prominently due to steep topography in YRSR unable to hold the water in the form of storage. Exceptional anomalous water storage time series in 2006 has also been investigated. We speculate that the low rainfall might partly be related to an El Nino Southern Oscillation event. The low rainfall and abrupt groundwater transfer are likely to be the causes of the anomaly in 2006.",2020,Water Switzerland,Du H.; Fok H.S.; Chen Y.; Ma Z.,Wuhan University,CN,9,True,gold,20734441,GLDAS model;GRACE satellite gravimetry;Hysteresis;Storage-runoff relationship;Water balance equation;Yangtze river source region,Irrigation_Decision
2-s2.0-85078562367,scopus,10.1016/j.atmosres.2019.104832,Verification of high resolution (12 km) Global Ensemble Prediction System,"Ensemble Prediction Systems (EPSs) are used to estimate the uncertainty in a weather forecast as well as the most likely outcome. To improve weather forecasts and services, the global EPS at the NCMRWF has been upgraded to 12 km horizontal resolution (with 22 perturbed +1 control members). Although the upgraded version of EPS had become operational from 1st June 2018 in the newly acquired high-performance computing system (HPCS), the previous EPS at 33 km horizontal resolution (with 44 perturbed +1 control members) was also running in the old HPCS till 16th July 2018. As compared to the old EPS in NCMRWF, the new EPS includes perturbations in initial state of sea surface temperature, soil moisture content and deep soil temperature. The analysis of the new EPS also includes some more sources of observations. The perturbed 22 members long forecast of the new EPS provided at 00 UTC is the combination of 11 members from 00 UTC cycle and lagged 11 members from 12 UTC cycle of previous day. In the present study, the performances of the new and old EPS are compared for the period from 1st June to 16th July 2018. Performances of both the systems are assessed considering different attributes of probabilistic forecasting. The verification of precipitation, geopotential height at 500 hPa and zonal wind at 850 hPa has been carried out over the northern hemisphere, southern hemisphere and a smaller tropical region which includes India. The metrics used for verification are ensemble-spread, ensemble root-mean-square error, brier score, brier skill score, relative operating characteristics, reliability, sharpness diagrams, rank histogram, ranked probability score, continuous ranked probability score and continuous ranked probability skill score. Two heavy rainfall events have also been considered for subjective comparison of probabilistic prediction capabilities of both the systems. The results show that the new EPS is more skilful in probabilistic forecasts especially over the Indian region and it significantly outperforms the old EPS in probabilistic forecasts of the selected extreme weather events.",2020,Atmospheric Research,Mamgain A.; Sarkar A.; Rajagopal E.N.,National Centre for Medium Range Weather Forecasting India,IN,10,False,,01698095,Brier score;Ensemble member;Ensemble Prediction System;Ensemble-spread;Probabilistic forecasts;Reliability diagram,Irrigation_Decision
2-s2.0-85084915035,scopus,10.5194/hess-24-2303-2020,The pantropical response of soil moisture to El Niño,"<p>The 2015-2016 El Niño event ranks as one of the most severe on record in terms of the magnitude and extent of sea surface temperature (SST) anomalies generated in the tropical Pacific Ocean. Corresponding global impacts on the climate were expected to rival, or even surpass, those of the 1997-1998 severe El Niño event, which had SST anomalies that were similar in size. However, the 2015-2016 event failed to meet expectations for hydrologic change in many areas, including those expected to receive well above normal precipitation. To better understand how climate anomalies during an El Niño event impact soil moisture, we investigate changes in soil moisture in the humid tropics (between <span classCombining double low line""inline-formula"">±25</span><span classCombining double low line""inline-formula"">ĝ&circ; </span>) during the three most recent super El Niño events of 1982-1983, 1997-1998 and 2015-2016, using data from the Global Land Data Assimilation System (GLDAS). First, we use in situ soil moisture observations obtained from 16 sites across five continents to validate and bias-correct estimates from GLDAS (<span classCombining double low line""inline-formula""><i>r</i>2Combining double low line0.54</span>). Next, we apply a <span classCombining double low line""inline-formula""><i>k</i></span>-means cluster analysis to the soil moisture estimates during the El Niño mature phase, resulting in four groups of clustered data. The strongest and most consistent decreases in soil moisture occur in the Amazon basin and maritime southeastern Asia, while the most consistent increases occur over eastern Africa. In addition, we compare changes in soil moisture to both precipitation and evapotranspiration, which showed a lack of agreement in the direction of change between these variables and soil moisture most prominently in the southern Amazon basin, the Sahel and mainland southeastern Asia. Our results can be used to improve estimates of spatiotemporal differences in El Niño impacts on soil moisture in tropical hydrology and ecosystem models at multiple scales.</p>.",2020,Hydrology and Earth System Sciences,Solander K.C.; Newman B.D.; de Araujo A.C.; Barnard H.R.; Carter Berry Z.; Bonal D.; Bretfeld M.; Burban B.; Candido L.A.; Célleri R.; Chambers J.Q.; Christoffersen B.O.; Detto M.; Dorigo W.A.; Ewers B.E.; Ferreira S.J.F.; Knohl A.; Ruby Leung L.; McDowell N.G.; Miller G.R.; Monteiro M.T.F.; Moore G.W.; Negron-Juarez R.; Saleska S.R.; Stiegler C.; Tomasella J.; Xu C.,Centre for Monitoring and Warnings of Natural Disasters; Chapman University; College of Engineering; Embrapa Amazônia Oriental; Georg-August-Universität Göttingen; INRAE; Instituto Nacional de Pesquisas Da Amazonia; Kennesaw State University; Lawrence Berkeley National Laboratory; Los Alamos National Laboratory; National Institute for Amazonia Research; Pacific Northwest National Laboratory; Princeton University; Smithsonian Tropical Research Institute; TU Wien; Texas A&M University; The University of Arizona; The University of Texas Rio Grande Valley; University of Colorado Boulder; University of Cuenca; University of Wyoming; Université de Lorraine,AT;BR;DE;EC;FR;US,18,True,gold,10275606,,Irrigation_Decision
2-s2.0-85081036911,scopus,10.1007/s00382-020-05184-8,Influence of persistence and oceanic forcing on global soil moisture predictability,"Soil moisture is a key variable of the land surface and its variations are an important issue in climate studies. In this study, we employed the Community Earth System Model (CESM) for 20 ensemble member simulations of the 50-year period from 1965 to 2014 and used canonical correlation analysis (CCA) and multiple regression to analyze the spatiotemporal characteristics of soil moisture predictability. The effects of soil moisture persistence and sea surface temperature (SST) as an external forcing on its predictability were analyzed. Results show that the soil moisture predictability due to its persistence is 1–2 months and considering SST as an external forcing can significantly increase its predictability. Regions that exhibit a significant increase in predictability are mainly tropical regions, North America and Western Asia during winter and spring. In tropical regions, SST increases the predictability of soil moisture by influencing the local surface temperature and precipitation. In other regions, the effects of SST on wind speed, cloud cover, and surface evaporation also contribute significantly to the increase in soil moisture predictability. The results were validated through the analysis based on soil moisture data from land data assimilation system and observed precipitation.",2020,Climate Dynamics,Zhu S.; Chen H.; Dong X.; Wei J.,Nanjing University of Information Science & Technology,CN,13,False,,09307575,Ensemble simulation;Soil moisture predictability;SST,Irrigation_Decision
2-s2.0-85080101225,scopus,10.1016/j.advwatres.2020.103528,Comparing global hydrological models and combining them with GRACE by dynamic model data averaging (DMDA),"Historically, hydrological models have been developed to represent land-atmosphere interactions by simulating water storage and water fluxes. These models, however, have their own unique characteristics (strength and weakness) in capturing different aspects of the water cycle, and their results are typically compared to or calibrated against in-situ observations such as river runoff measurements. As a result, there may be gross inaccuracies in the estimation of water storage states produced by these models. In this study, we present the novel approach of Dynamic Model Data Averaging (DMDA), which can be used to compare and merge multi-model water storage simulations with monthly Terrestrial Water Storage (TWS, a vertical summation of surface and sub-surface water storage) estimates from the Gravity Recovery And Climate Experiment (GRACE) satellite mission. Here, the main hypothesis is that merging GRACE data with multi-model outputs likely provides more skillful hydrological estimations compared to a single model or data set. Theoretically, the proposed DMDA combines the benefits of the Kalman Filter (KF) and Bayesian Model Averaging (BMA) techniques and has the capability to deal with various observations and models with different error structures. Based on the Bayes theory, DMDA provides time-variable weights for hydrological models to compute an average of their outputs that are best fited to GRACE TWS estimates. Numerically, the DMDA method is implemented by integrating the output of six hydrological and land surface models (PCR-GLOBWB, SURFEX-TRIP, LISFLOOD, HBV-SIMREG, W3RA, and ORCHIDEE) and monthly GRACE TWS estimates (2002–2012) within the world's 33 largest river basins, while considering the inherent uncertainties of all inputs. Our results indicate that DMDA correctly separates GRACE TWS estimates into surface water, soil moisture and groundwater compartments. Linear trends fitted to the DMDA-derived groundwater compartment are found to be different from those of original models. This means that anthropogenic influences within the GRACE data, which are not well reflected by models, are introduced by DMDA. We also find that temporal correlation coefficients between the DMDA-derived individual water storage estimations (surface water, soil moisture, and groundwater) and the El Niño Southern Oscillation (ENSO) index are considerably increased compared to those derived between individual model simulations and ENSO (e.g., an increase from −0.2 to 0.6 in the Murray River Basin). For the Nile River Basin, they changed from 0.1 to 0.4 for the soil moisture, and from 0.3 to 0.7 for the surface water compartment. Comparisons between the DMDA-derived surface water and those from independent satellite altimetry observations indicate that after implementing DMDA, temporal correlation coefficients within major lakes are increased. Based on these results, we have gained confidence in the DMDA water storage estimates to be used for improving the characterization of water storage over broad regions of the globe.",2020,Advances in Water Resources,Mehrnegar N.; Jones O.; Singer M.B.; Schumacher M.; Bates P.; Forootan E.,"Cardiff University; University of Bristol; University of California, Santa Barbara; Universität Hohenheim",DE;GB;US,30,False,,03091708,Bayesian model averaging (BMA);Dynamic model data averaging (DMDA);GRACE;Kalman filter (KF);Multi-hydrological models;Satellite altimetry;Terrestrial water storage (TWS),Irrigation_Decision
2-s2.0-85080911284,scopus,10.1175/JCLI-D-19-0231.1,El Niño-related tropical land surface water and energy response in MERRA-2,"Although El Niño events each have distinct evolutionary character, they typically provide systematic large-scale forcing for warming and increased drought frequency across the tropical continents. We assess this response in the Modern-Era Retrospective Analysis for Research and Applications, version 2 (MERRA-2), reanalysis and in a 10-member-model Atmospheric Model Intercomparison Project (AMIP) ensemble. The lagged response (3-4 months) of mean tropical land temperature to El Niño warming in the Pacific Ocean is well represented. MERRA-2 reproduces the patterns of precipitation in the tropical regions, and the AMIP ensemble reproduces some regional responses that are similar to those observed and some regions that are not simulating the response well. Model skill is dependent on event forcing strength and temporal proximity to the peak of the sea surface warming. A composite approach centered on maximum Niño-3.4 SSTs and lag relationships to energy fluxes and transports is used to identify mechanisms supporting tropical land warming. The composite necessarily moderates weather-scale variability of the individual events while retaining the systematic features across all events. We find that reduced continental upward motions lead to reduced cloudiness and more shortwave radiation at the surface, as well as reduced precipitation. The increased shortwave heating at the land surface, along with reduced soil moisture, leads to warmer surface temperature, more sensible heating, and warming of the lower troposphere. The composite provides a broad picture of the mechanisms governing the hydrologic response to El Niño forcing, but the regional and temporal responses can vary substantially for any given event. The 2015/16 El Niño, one of the strongest events, demonstrates some of the forced response noted in the composite, but with shifts in the evolution that depart from the composite, demonstrating the limitations of the composite and individuality of El Niño.",2020,Journal of Climate,Bosilovich M.G.; Robertson F.R.; Stackhouse P.W.,NASA Goddard Space Flight Center; NASA Langley Research Center; NASA Marshall Space Flight Center,US,6,True,gold,08948755,,Irrigation_Decision
2-s2.0-85091722988,scopus,10.1175/JHM-D-20-0023.1,Prediction of seasonal meteorological drought onset and termination over the southern great plains in the north American multimodel ensemble,"The predictability on the seasonal time scale of meteorological drought onsets and terminations over the southern Great Plains is examined within the North American Multimodel Ensemble. The drought onsets and terminations were those identified based on soil moisture transitions in land data assimilation systems and shown to be driven by precipitation anomalies. Sea surface temperature (SST) forcing explains about a quarter of variance of seasonal mean precipitation in the region. However, at lead times of a season, forecast SSTs only explain about 10% of seasonal mean precipitation variance. For the three identified drought onsets, fall 2010 is confidently predicted and spring 2012 is predicted with some skill, and fall 2005 was not predicted at all. None of the drought terminations were predicted on the seasonal time scale. Predictability of drought onset arises from La Niña–like conditions, but there is no indication that El Niño conditions lead to drought terminations in the southern Great Plains. Spring 2012 and fall 2000 are further examined. The limited predictability of onset in spring 2012 arises from cool tropical Pacific SSTs, but internal atmospheric variability played a very important role. Drought termination in fall 2000 was predicted at the 1-month time scale but not at the seasonal time scale, likely because of failure to predict warm SST anomalies directly east of subtropical Asia. The work suggests that improved SST prediction offers some potential for improved prediction of both drought onsets and terminations in the southern Great Plains, but that many onsets and terminations will not be predictable even a season in advance.",2020,Journal of Hydrometeorology,Seager R.; Nakamura J.; Ting M.,Lamont-Doherty Earth Observatory,US,6,False,,1525755X,Drought;Hydrometeorology;North America;Seasonal forecasting;Teleconnections,Irrigation_Decision
2-s2.0-85083721609,scopus,10.1109/ACCESS.2020.2984794,Spatial and Temporal Variations of Terrestrial Water Storage in Upper Indus Basin Using GRACE and Altimetry Data,"Gravity Recovery and Climate Experiment (GRACE) and satellite altimetry are suitable for the precise measurement of terrestrial water storage (TWS) and lake water level variations from space. In this study, two GRACE solutions, namely, spherical harmonics (SH) and mascon (MSC), are utilized with the Global Land Data Assimilation System (GLDAS) model to estimate the spatial and temporal variations of TWS in the Upper Indus Basin (UIB) for the study period of January 2003 to December 2016. The TWS estimated by SH, MSC, and the GLDAS model are consistent and generally show negative trends of -4.47 ± 0.38 mm/year, -4.81 ± 0.49 mm/year, and -3.77 ± 0.46 mm/year, respectively. Moreover, we use the GLDAS model data to understand the roles of variations in land surface state variables (snow water equivalent (SWE), soil moisture, and canopy water storage) in enhancing or dissipating the TWS in the region. Results indicate that SWE, which has a significant contribution to GRACE TWS variability, is an important parameter. Spearman's rank correlations are calculated to demonstrate the relationship of the GLDAS land surface state variables and the GRACE signals. A highly positive correlation between SWE with TWS is estimated by SH and MSC as 0.691 and 0.649, respectively, indicating that the TWS signal is mainly reliant on snow water in the study region. The ground water storages estimated by SH and MSC solutions are nearly stable with slight increasing trends of 0.63 ± 0.48 mm/year and 0.29 ± 0.51 mm/year, respectively. We also take advantage of the potential of satellite altimetry in measuring lake water level variations, and our result indicates that Cryosat-2 SARin mode altimetry data can be used in estimating small water bodies accurately in the high mountainous region of the UIB. Moreover, the climate indices data of El-Niño Southern Oscillation and Pacific Decadal Oscillation are analyzed to determine the influence of pacific climatic variability on TWS.",2020,IEEE Access,Hussain D.; Kao H.C.; Khan A.A.; Lan W.H.; Imani M.; Lee C.M.; Kuo C.Y.,Karakoram International University; National Cheng Kung University; National Taiwan Ocean University,PK;TW,20,True,gold,21693536,Cryosat-2;GLDAS model;GRACE Satellite;terrestrial water storage;upper indus basin,Irrigation_Decision
2-s2.0-85076753139,scopus,10.1002/met.1867,Medium-range global ensemble prediction system at 12 km horizontal resolution and its preliminary validation,"Forecasts of high-impact weather systems require sufficiently high resolution of state-of-the-art numerical models in order to resolve the small-scale features. At the National Centre for Medium Range Weather Forecasting (NCMRWF) in India, a global ensemble prediction system (EPS—called the NEPS) has been implemented operationally at 12 km horizontal grid size. The NEPS configuration is based on the UK Met Office Global and Regional Ensemble Prediction System (MOGREPS). Initial condition perturbations are generated by the ensemble transform Kalman filter (ETKF) method. Model uncertainties are taken care of by stochastic kinetic energy backscatter (SKEB) and random parameters (RP) schemes. Forecast perturbations obtained from 6 hr short forecasts of 22 ensemble members are updated by the ETKF four times a day (0000, 0600, 1200 and 1800 UTC). Perturbations of surface parameters such as sea-surface temperature, soil moisture content and soil temperature are also included in the new NEPS. The NEPS aims to provide 10 day probabilistic long forecasts using 23 ensemble members (22 perturbed plus one control). The long forecast provided at 0000 UTC is the combination of 11 members from the 0000 UTC cycle and lagged 11 members from the 1200 UTC cycle. The new NEPS shows improvements in terms of forecast agreement among the members in comparison with the previously operational NEPS that was running at 33 km horizontal grid size with 44 perturbed members. The ratio between the root mean square error of the ensemble mean and ensemble spread as a function of lead time has improved in both the Northern and Southern Hemispheres in the new NEPS.",2020,Meteorological Applications,Mamgain A.; Sarkar A.; Rajagopal E.N.,National Centre for Medium Range Weather Forecasting India,IN,15,True,gold,13504827,ensembles;high-performance computing;high-resolution EPS;medium-range probability forecast;operational weather forecasting;Unified Model (UM),Irrigation_Decision
2-s2.0-105022198021,scopus,10.6038/cjg2020M0259,Effects of two strong ENSO events on terrestrial water storage anomalies in China from GRACE during 2005-2017,"In recent years, the frequent occurrence of extreme climate events has had a great impact on the global and regional water cycle, of which two strong El Nino-Southern Oscillation (ENSO) events from 2005 to 2017 have caused significant inter-annual fluctuations of terrestrial water storage (TWS). With the improvement of data quality, the advancement of post-processing methods and the persistence of observations more than one decade, the Gravity Recovery and Climate Experiment (GRACE) twin satellites can be used to monitor long-term terrestrial water storage anomalies (TWSA) accurately, which makes it possible to study the correlation between TWSA and ENSO events. Here we estimate TWSA from GRACE, soil moisture storage anomalies (SMSA) from Global Land Data Assimilation System (GLDAS) models, and precipitation anomalies in main river basins of China and quantify their correlations with ENSO events. This study shows that, among main river basins of China, the typical ENSO-related regions are located in the middle and lower reaches of Yangtze River Basin (YRB) and the Southeastern River Basin (SRB), with maximum correlation coefficients between TWSA and ENSO of 0. 55, 0. 78 and 0. 70, respectively. The TWSA in these three typical ENSO-related regions lag behind ENSO by ~ 7 months, ~5 months, ~5 months, respectively. Among them, ENSO has the greatest impact on the lower reach of YRB. During the two strong ENSO events (i. e, 2010/11 La Nina and 2015/16 El Niiio), the magnitude of TWS fluctuations reaches —24. 1 Gt and 27. 9 Gt, respectively. During the 2010/11 La Nina period, TWSA over the lower reach of YRB and the SRB reach the minimum around April to May 2011; while the minimum of TWSA over the middle reach of YRB happened 1—2 months later. During the 2015/16 El Nino period, TWS increased continuously in the middle and lower reaches of YRB and the SRB, due to continuous El Nino from autumn-winter of 2015 to early 2016. Another two anomalies in TWS in April-May of 2016 and July 2016 are related to the lagging effect of 2015/16 El Nino, which are caused by the lagging effect of the persistent abnormal anticyclonic circulation in the western North Pacific. It is demonstrated that GRACE has an unprecedented superiority in detecting the correlations between TWSA and ENSO.",2020,Chinese Journal of Geophysics,Chen W.; Zhong M.; Feng W.; Zhong Y.L.; Xu H.Z.,"Innovation Academy for Precision Measurement Science and Technology,CAS; University of Chinese Academy of Sciences",CN,26,False,,00015733,Correlation;ENSO events;GRACE;Terrestrial Water Storage Anomaly (TWSA),Irrigation_Decision
2-s2.0-85074201155,scopus,10.1080/22797254.2019.1642799,Effect of the ingestion in the WRF model of different Sentinel-derived and GNSS-derived products: analysis of the forecasts of a high impact weather event,"This paper presents the first experimental results of a study on the ingestion in the Weather Research and Forecasting (WRF) model, of Sentinel satellites and Global Navigation Satellite Systems (GNSS) derived products. The experiments concern a flash-floodevent occurred in Tuscany (Central Italy) in September 2017. The rationale is that numerical weather prediction (NWP) models are presently able to produce forecasts with a km scale  spatial resolution, but the poor knowledge of the initial state of the atmosphere may imply an inaccurate simulation of the weather phenomena. Hence, to fully exploit the advances in numerical weather modelling, it is necessary to feed them with high spatiotemporal resolution information over the surface boundary and the atmospheric column. In this context, the Copernicus Sentinel satellites represent an important source of data, because they can provide a set of high-resolution observations of physical variables (e.g. soil moisture, land/sea surface temperature, wind speed) used in NWP models runs. The possible availability of a spatially dense network of GNSS stations is also exploited to assimilate water vapour content. Results show that the assimilation of Sentinel-1 derived wind field and GNSS-derivedwater vapour data produce the most positive effects on the performance of the forecast.",2019,European Journal of Remote Sensing,Lagasio M.; Pulvirenti L.; Parodi A.; Boni G.; Pierdicca N.; Venuti G.; Realini E.; Tagliaferro G.; Barindelli S.; Rommen B.,CIMA Research Foundation; European Space Agency - ESA; Geomatics Research & Development srl; Politecnico di Milano; Sapienza Università di Roma; Università degli Studi di Genova,FR;IT,18,True,gold,22797254,data assimilation;Numerical weather model;Sentinel-1;Sentinel-3,Irrigation_Decision
2-s2.0-85029695814,scopus,10.1007/s00382-017-3835-2,GEOS-5 seasonal forecast system,"Ensembles of numerical forecasts based on perturbed initial conditions have long been used to improve estimates of both weather and climate forecasts. The Goddard Earth Observing System (GEOS) Atmosphere–Ocean General Circulation Model, Version 5 (GEOS-5 AOGCM) Seasonal-to-Interannual Forecast System has been used routinely by the GMAO since 2008, the current version since 2012. A coupled reanalysis starting in 1980 provides the initial conditions for the 9-month experimental forecasts. Once a month, sea surface temperature from a suite of 11 ensemble forecasts is contributed to the North American Multi-Model Ensemble (NMME) consensus project, which compares and distributes seasonal forecasts of ENSO events. Since June 2013, GEOS-5 forecasts of the Arctic sea-ice distribution were provided to the Sea-Ice Outlook project. The seasonal forecast output data includes surface fields, atmospheric and ocean fields, as well as sea ice thickness and area, and soil moisture variables. The current paper aims to document the characteristics of the GEOS-5 seasonal forecast system and to highlight forecast biases and skills of selected variables (sea surface temperature, air temperature at 2 m, precipitation and sea ice extent) to be used as a benchmark for the future GMAO seasonal forecast systems and to facilitate comparison with other global seasonal forecast systems.",2019,Climate Dynamics,Borovikov A.; Cullather R.; Kovach R.; Marshak J.; Vernieres G.; Vikhliaev Y.; Zhao B.; Li Z.,"NASA Goddard Space Flight Center; SAIC; Science Systems and Applications, Inc. (SSAI); Universities Space Research Association; University of Maryland, College Park",US,44,True,gold,09307575,ENSO;Forecast skill;GEOS-5;Global forecast;NMME;Seasonal prediction,Irrigation_Decision
2-s2.0-85071937907,scopus,10.1016/j.jhydrol.2019.124102,Propagation dynamics from meteorological to groundwater drought and their possible influence factors,"The propagation of meteorological drought in a complete water cycle is not limited to hydrological and agricultural droughts, but also involves groundwater drought. Moreover, the intensification of water cycle under the background of global warming may also affect the time of drought propagation. Therefore, studying the dynamic propagation and possible influence factors from meteorological to groundwater drought is helpful to monitor and assess the risk of groundwater drought. Here we use terrestrial water storage anomalies observations from the Gravity Recovery and Climate Experiment satellites and simulated soil moisture and runoff variations from the Global Land Data Assimilation System to show that the groundwater storage anomalies in the Pearl River Basin (PRB). The standardized precipitation index and drought severity index were used to characterize meteorological and groundwater drought, respectively. Results indicated that: (1) the propagation time of meteorological to groundwater drought in the PRB during 2002–2015 was 8 months, and that in spring and summer was shorter than that in autumn and winter; (2) the time of drought propagation has a significant deceasing trend (p < 0.01), indicating that the water cycle in the PRB was accelerating; (3) increasing soil moisture accelerates the response of groundwater to precipitation in the surplus period due to the stored-full runoff mechanism, whilst intensifying evapotranspiration rate and heat wave facilitate the drought propagation in the deficit period; (4) compared with Arctic Oscillation and El-Niño Southern Oscillation, Pacific Decadal Oscillation is the main driving force to accelerate drought propagation in the PRB.",2019,Journal of Hydrology,Han Z.; Huang S.; Huang Q.; Leng G.; Wang H.; Bai Q.; Zhao J.; Ma L.; Wang L.; Du M.,"China Institute of Water Resources and Hydropower Research; Institute of Geographic Sciences and Natural Resources Research, Chinese Academy of Sciences; Xi'an University of Technology",CN,219,False,,00221694,Drought propagation;Dynamic;Groundwater drought;Meteorological drought,Irrigation_Decision
2-s2.0-85074652465,scopus,10.1175/JCLI-D-18-0832.1,Climate change amplification of natural drought variability: The historic mid-twentieth-century North American drought in a warmer world,"In the mid-twentieth century (1948–57), North America experienced a severe drought forced by cold tropical Pacific sea surface temperatures (SSTs). If these SSTs recurred, it would likely cause another drought, but in a world substantially warmer than the one in which the original event took place. We use a 20-member ensemble of the GISS climate model to investigate the drought impacts of a repetition of the mid-twentieth-century SST anomalies in a significantly warmer world. Using observed SSTs and mid-twentieth-century forcings (Hist-DRGHT), the ensemble reproduces the observed precipitation deficits during the cold season (October–March) across the Southwest, southern plains, and Mexico and during the warm season (April–September) in the southern plains and the Southeast. Under analogous SST forcing and enhanced warming (Fut-DRGHT,’3 K above preindustrial), cold season precipitation deficits are ameliorated in the Southwest and southern plains and intensified in the Southeast, whereas during the warm season precipitation deficits are enhanced across North America. This occurs primarily from greenhouse gas–forced trends in mean precipitation, rather than changes in SST teleconnections. Cold season runoff deficits in Fut-DRGHT are significantly amplified over the Southeast, but otherwise similar to Hist-DRGHT over the Southwest and southern plains. In the warm season, however, runoff and soil moisture deficits during Fut-DRGHT are significantly amplified across the southern United States, a consequence of enhanced precipitation deficits and increased evaporative losses due to warming. Our study highlights how internal variability and greenhouse gas–forced trends in hydroclimate are likely to interact over North America, including how changes in both precipitation and evaporative demand will affect future drought.",2019,Journal of Climate,Cook B.I.; Seager R.; Park Williams A.; Puma M.J.; McDermid S.; Kelley M.; Nazarenko L.,Center for Climate Systems Research; Lamont-Doherty Earth Observatory; NASA Goddard Institute for Space Studies; New York University,US,36,True,gold,08948755,,Irrigation_Decision
2-s2.0-85072247117,scopus,10.3390/atmos10090500,Possible impacts of snow darkening effects on the hydrological cycle over western eurasia and East Asia,"In this paper, we investigated the possible impact of snow darkening effect (SDE) by light-absorbing aerosols on the regional changes of the hydrological cycle over Eurasia using theNASA GEOS-5 Model with aerosol tracers and a state-of-the-art snow darkening module, the Goddard SnoW Impurity Module (GOSWIM) for the land surface. Two sets of ten-member ensemble experiments for 10 years were carried out forced by prescribed sea surface temperature (2002-2011) with different atmospheric initial conditions, with and without SDE, respectively. Results show that SDE can exert a significant regional influence in partitioning the contributions of evaporative and advective processes on the hydrological cycle, during spring and summer season. Over western Eurasia, SDE-induced rainfall increase during early spring can be largely explained by the increased evaporation from snowmelt. Rainfall, however, decreases in early summer due to the reduced evaporation as well as moisture divergence and atmospheric subsidence associated with the development of an anomalous mid- to upper-tropospheric anticyclonic circulation. On the other hand, in the East Asian monsoon region, moisture advection from the adjacent ocean is a main contributor to rainfall increase in the melting season. A warmer land-surface caused by earlier snowmelt and subsequent drying further increases moisture transport and convergence significantly enhancing rainfall over the region. Our findings suggest that the SDE may play an important role in leading to hotter and drier summers over western Eurasia, through coupled land-atmosphere interaction, while enhancing East Asian summer monsoonal precipitation via enhanced land-ocean thermal contrast and moisture transport due to the SDE-induced warmer Eurasian continent.",2019,Atmosphere,Sang J.; Kim M.K.; Lau W.K.M.; Kim K.M.,"Kongju National University; NASA Goddard Space Flight Center; University of Maryland, College Park",KR;US,6,True,gold,20734433,Hydrological cycle;Land-atmosphere interaction;Precipitation recycling;Snow darkening effect;Soil moisture,Irrigation_Decision
2-s2.0-85071456349,scopus,10.1029/2019PA003625,Volcanic Eruption Signatures in the Isotope-Enabled Last Millennium Ensemble,"Explosive volcanic eruptions are one of the largest natural climate perturbations, but few observational constraints exist on either the climate responses to eruptions or the properties (size, hemispheric aerosol distribution, etc.) of the eruptions themselves. Paleoclimate records are thus important sources of information on past eruptions, often through the measurement of oxygen isotopic ratios (δ<sup>18</sup>O) in natural archives. However, since many processes affect δ<sup>18</sup>O, the dynamical interpretation of these records can be quite complex. Here we present results from new, isotope-enabled members of the Community Earth System Model Last Millennium Ensemble, documenting eruption-induced δ<sup>18</sup>O variations throughout the climate system. Eruptions create significant perturbations in the δ<sup>18</sup>O of precipitation and soil moisture in central/eastern North America, via excitation of the Atlantic Multidecadal Oscillation. Monsoon Asia and Australia also exhibit strong precipitation and soil δ<sup>18</sup>O anomalies; in these cases, δ<sup>18</sup>O may reflect changes to El Niño-Southern Oscillation phase following eruptions. Salinity and seawater δ<sup>18</sup>O patterns demonstrate the importance of both local hydrologic shifts and the phasing of the El Niño-Southern Oscillation response, both along the equator and in the subtropics. In all cases, the responses are highly sensitive to eruption latitude, which points to the utility of isotopic records in constraining aerosol distribution patterns associated with past eruptions. This is most effective using precipitation δ<sup>18</sup>O; all Southern eruptions and the majority (66%) of Northern eruptions can be correctly identified. This work thus serves as a starting point for new, quantitative uses of isotopic records for understanding volcanic impacts on climate.",2019,Paleoceanography and Paleoclimatology,Stevenson S.; Otto-Bliesner B.L.; Brady E.C.; Nusbaumer J.; Tabor C.; Tomas R.; Noone D.C.; Liu Z.,"Columbia University; National Center for Atmospheric Research; Oregon State University; The Ohio State University; University of California, Santa Barbara; University of Connecticut",US,35,False,,25724517,climate modeling;ENSO;Last Millennium;oxygen isotopes;volcanic eruptions,Irrigation_Decision
2-s2.0-85070449868,scopus,10.3390/rs11151828,Spatio-temporal assessment of drought in Ethiopia and the impact of recent intense droughts,"The recent droughts that have occurred in different parts of Ethiopia are generally linked to fluctuations in atmospheric and ocean circulations. Understanding these large-scale phenomena that play a crucial role in vegetation productivity in Ethiopia is important. In view of this, several techniques and datasets were analyzed to study the spatio-temporal variability of vegetation in response to a changing climate. In this study, 18 years (2001-2018) of Moderate Resolution Imaging Spectroscopy (MODIS) Terra/Aqua, normalized difference vegetation index (NDVI), land surface temperature (LST), Climate Hazards Group Infrared Precipitation with Stations (CHIRPS) daily precipitation, and the Famine Early Warning Systems Network (FEWS NET) Land Data Assimilation System (FLDAS) soil moisture datasets were processed. Pixel-based Mann-Kendall trend analysis and the Vegetation Condition Index (VCI) were used to assess the drought patterns during the cropping season. Results indicate that the central highlands and northwestern part of Ethiopia, which have land cover dominated by cropland, had experienced decreasing precipitation and NDVI trends. About 52.8% of the pixels showed a decreasing precipitation trend, of which the significant decreasing trends focused on the central and low land areas. Also, 41.67% of the pixels showed a decreasing NDVI trend, especially in major parts of the northwestern region of Ethiopia. Based on the trend test and VCI analysis, significant countrywide droughts occurred during the El Niño 2009 and 2015 years. Furthermore, the Pearson correlation coefficient analysis assures that the low NDVI was mainly attributed to the low precipitation and water availability in the soils. This study provides valuable information in identifying the locations with the potential concern of drought and planning for immediate action of relief measures. Furthermore, this paper presents the results of the first attempt to apply a recently developed index, the Normalized Difference Latent Heat Index (NDLI), to monitor drought conditions. The results show that the NDLI has a high correlation with NDVI (r = 0.96), precipitation (r = 0.81), soil moisture (r = 0.73), and LST (r = -0.67). NDLI successfully captures the historical droughts and shows a notable correlation with the climatic variables. The analysis shows that using the radiances of green, red, and short wave infrared (SWIR), a simplified crop monitoring model with satisfactory accuracy and easiness can be developed.",2019,Remote Sensing,Liou Y.A.; Mulualem G.M.,Bahir Dar University; National Central University; Taiwan Group on Earth Observations,ET;TW,117,True,gold,20724292,drought;ENSO;NDLI;NDVI;Time series analysis;VCI,Irrigation_Decision
2-s2.0-85077675565,scopus,10.1109/IGARSS.2019.8899298,Assimilation and Direct Insertion of Sentinel Products in the WRF Weather Forecast Model,"In the framework of the E-SHAPE ""EuroGEOSS Showcase: Applications powered by Europe"" project, one of the pilot applications concerns the disasters in urban environment. One of the objectives of this application is the conceiving of innovative services for extreme-scale hydro-meteorological modelling that make use of Copernicus Earth Observation data. An example of innovative service is the ingestion of high-resolution Copernicus remote sensing products in numerical weather prediction (NWP) models. The rationale is that NWP models are presently able to produce forecasts with a spatial resolution in the order of 1 km, but unreliable surface information or poor knowledge of the initial state of the atmosphere may imply an inaccurate simulation of the weather phenomena. It is expected that forecast inaccuracies could be reduced by ingesting high resolution Earth Observation products into the models. In this context, the Copernicus Sentinel satellites represent an important source of data, because they can provide a set of high-resolution observations of physical variables (e.g. soil moisture, land/sea surface temperature, wind speed over sea, columnar water vapor) used in NWP model runs. The possible availability of a spatially dense network of Global Navigation Satellite Systems (GNSS) stations could also be exploited to allow NWP models to assimilate timely updated data about water vapor in the atmosphere. As a preliminary activity carried out in the frame of the E-SHAPE project, this paper presents the results of the experiments regarding the insertion/assimilation of surface information derived from Sentinel data into a NWP model. The experiments concern a flood event occurred in Italy in 2017 that affected an urban area, namely the Livorno city.",2019,International Geoscience and Remote Sensing Symposium IGARSS,Lagasio M.; Pulvirenti L.; Parodi A.; Meroni A.N.,CIMA Research Foundation; Politecnico di Milano,IT,0,False,,,data assimilation;Numerical weather model;Sentinel-1;Sentinel-3,Irrigation_Decision
2-s2.0-105008903893,scopus,10.11898/1001-7313.20190403,Advances on the Predictability and Prediction Methods of 10-30 d Extended Range Forecast,"The 10-30 d extended range forecast (ERF) fills the gap between traditional weather forecast and short-term climate prediction, and it plays an important role in the decision making of disaster prevention and mitigation. Therefore, ERF becomes one hot topic in both scientific research and predictive operations. The research progress and operational status of ERF are reviewed from three aspects, the source of predictability, sub-seasonal climate phenomenon and operational predictions. The research achievements on predictability of ERF and its applications are specially emphasized, and some new forecasting methods of ERF in recent years are summarized. At last, key scientific issues and technical problems are raised and some thoughts and possible ways enhancing the predictive skills of ERF are proposed. ERF exceeds time limits of traditional daily weather forecast, largely beyond the atmospheric memory of initial conditions, while it is too short to consider the variability of the ocean, which makes it difficult to beat persistence. Fortunately, recent years, some research work indicates the existence of some important sources of predictability at this time range, such as Madden-Julian oscillation (MJO), ENSO, soil moisture, snow cover and sea ice, stratosphere-troposphere interaction, ocean conditions, tropics-extratropics teleconnections, etc. Verification results of numerical model indicate that upper bounds of the prediction skill can be extended to 4 weeks. However, the complexity and diversity of mechanisms associated with the connection between source of predictability and climate variables prevent the potential predictability from being transformed into realized forecast skill. The effective forecast of most climate variables of numerical model is still limited within 2 weeks. Although the direct application of numerical dynamical model output in ERF is unsatisfactory, some research institutes and operational centers still conduct a series of scientific research and propose some practical methods. According to utilization of numerical model data, those forecast methods can be divided into two categories, i.e., statistical methods and the combination of both statistical and dynamical methods. Based on dynamical forecast model, Beijing Climate Center develops several methods, including Dynamical-Analogue Ensemble Forecasting (DAEF), statistical downscaling, ensemble forecast of ERF based on predictable components and probabilistic calibration of model biases. On the other side, based on predictable signals of extended range, such as low frequency variation of atmosphere, MJO and periodic relationship, some statistical forecast methods are proposed, which show considerable predictive skill and good prospects of application.",2019,Yingyong Qixiang Xuebao,Zhang D.; Zheng Z.; Chen L.; Zhang P.,Beijing Climate Centre,CN,22,False,,10017313,extended range forecast;intra-seasonal oscillation;predictability,Irrigation_Decision
2-s2.0-85063112949,scopus,10.1016/j.scitotenv.2019.03.148,"The newly merged satellite remotely sensed, gauge and reanalysis-based Multi-Source Weighted-Ensemble Precipitation: Evaluation over Australia and Africa (1981–2016)","The Australian and African continents, regions prone to hydroclimate extremes (e.g., droughts and floods), but with sparse distribution of rain-gauge that are limited in time, rely heavily on complementary satellite and reanalysis data to provide important crucial information necessary for informing policies and management. The problem, however, is that satellite products suffer from systematic biases while reanalysis products carry over uncertainties from their forcing parameters. Multi-Source Weighted-Ensemble Precipitation (MSWEP) is a new global rainfall-product that merges satellite, rain-gauge and re-analysis data to exploit their advantages and minimise their disadvantages. Although MSWEP has been validated globally, this product, together with its potential applications, e.g., in water storage fluxes, river discharge and climate impacts studies over Australia and Africa, regions with urgent need of reliable products, has however, not been verified. Using GRACE satellite products, GLDAS model data, GRDC runoff products, and ENSO/IOD climate indices; five rainfall products - FLUXNET, BoM, GPCC, CHIRPS, and AgCFSR; and a suite of statistical methods (Pearson, Kolmogorov-Smirnov, PCA and Three-Corner-Hat (TCH)), this study (i) evaluates monthly MSWEP-V2.1 data (1981–2016), and (ii), assesses its potential applications to water storage flux (within the water balance framework), river discharge analysis, and climate impacts studies. The results show good MSWEP correlations and cumulative distribution with BoM product over most of Australia except in regions with heavy monsoonal rainfall, e.g., northern and north-western Australia where it tends to underestimate. Over Africa, MSWEP has no obvious advantages compared to insitu-GPCC, satellite-CHIRPS or reanalysis-AgCFSR. Furthermore, it is unable to reflect on major hydro-climate extremes over west, east and southern Africa, where it underestimates compared to CHIRPS. Its potential applications to water storage flux, discharge and climate impacts over the two continents show better suitability for water storage flux in Africa, while no advantages are seen compared to other rainfall products on other aspects.",2019,Science of the Total Environment,Awange J.L.; Hu K.X.; Khaki M.,"Curtin University; The University of Newcastle, Australia",AU,92,False,,00489697,Africa;Australia;Evaluation;MSWEP;Precipitation,Irrigation_Decision
2-s2.0-85067388728,scopus,10.3390/rs11111361,In situ and satellite sea surface salinity in the Algerian basin observed through ABACUS glider measurements and BEC SMOS regional products,"The Algerian Basin is a key area for the general circulation in the western Mediterranean Sea. The basin has an intense inflow/outflow regime with complex circulation patterns, involving both fresh Atlantic water and more saline Mediterranean water. Several studies have demonstrated the advantages of the combined use of autonomous underwater vehicles, such as gliders, with remotely sensed products (e.g., altimetry, MUR SST) to observe meso- and submesoscale structures and their properties. An important contribution could come from a new generation of enhanced satellite sea surface salinity (SSS) products, e.g., those provided by the Soil Moisture and Ocean Salinity (SMOS) mission. In this paper, we assess the advantages of using Barcelona Expert Center (BEC) SMOS SSS products, obtained through a combination of debiased non-Bayesian retrieval, DINEOF (data interpolating empirical orthogonal functions) and multifractal fusion with high resolution sea surface temperature (OSTIA SST) maps. Such an aim was reached by comparing SMOS Level-3 (L3) and Level-4 (L4) SSS products with in situ high resolution glider measurements collected in the framework of the Algerian Basin Circulation Unmanned Survey (ABACUS) observational program conducted in the Algerian Basin during falls 2014-2016. Results show that different levels of confidence between in situ and satellite measurements can be achieved according to the spatial scales of variability. Although SMOS values slightly underestimate in situ observations (mean difference is -0.14 (-0.11)), with a standard deviation of 0.25 (0.26) for L3 (L4) products), at basin scale, the enhanced SMOS products well represent the salinity patterns described by the ABACUS data.",2019,Remote Sensing,Aulicino G.; Cotroneo Y.; Olmedo E.; Cesarano C.; Fusco G.; Budillon G.,CSIC-UPC - Barcelona Expert Center (BEC); Parthenope University of Naples; Università Politecnica delle Marche,ES;IT,12,True,gold,20724292,ABACUS gliders;Algerian Basin;BEC SMOS products;Mediterranean Sea;Sea surface salinity,Irrigation_Decision
2-s2.0-85066089270,scopus,10.5194/os-15-543-2019,Data assimilation of Soil Moisture and Ocean Salinity (SMOS) observations into the Mercator Ocean operational system: Focus on the El Niño 2015 event,"Monitoring sea surface salinity (SSS) is important for understanding and forecasting the ocean circulation. It is even crucial in the context of the intensification of the water cycle. Until recently, SSS was one of the less observed essential ocean variables. Only sparse in situ observations, mostly closer to 5 m depth than the surface, were available to estimate the SSS. The recent satellite ESA Soil Moisture and Ocean Salinity (SMOS), NASA Aquarius SAC-D and Soil Moisture Active Passive (SMAP) missions have made it possible for the first time to measure SSS from space and can bring a valuable additional constraint to control the model salinity. Nevertheless, satellite SSS still contains some residual biases that must be removed prior to bias correction and data assimilation. One of the major challenges of this study is to estimate the SSS bias and a suitable observation error for the data assimilation system. It was made possible by modifying a 3D-Var bias correction scheme and by using the analysis of the residuals and errors with an adapted statistical technique. This article presents the design and the analysis of an observing system experiment (OSE) conducted with the 0.25 resolution Mercator Ocean global analysis and forecasting system during the El Niño 2015/16 event. The SSS data assimilation constrains the model to be closer to the near-surface salinity observations in a coherent way with the other data sets already routinely assimilated in an operational context. This also shows that the overestimation of E P< is corrected by data assimilation through salting in regions where precipitations are higher. Globally, the SMOS SSS assimilation has a positive impact in salinity over the top 30 m. Comparisons to independent salinity data sets show a small but positive impact and corroborate the fact that the impact of SMOS SSS assimilation is larger in the Intertropical Convergence Zone (ITCZ) and South Pacific Convergence Zone (SPCZ) regions. There is little impact on the sea surface temperature (SST) and sea surface height (SSH) error statistics. Nevertheless, the SSH seems to be impacted by the tropical instability wave (TIW) propagation, itself linked to changes in barrier layer thickness (BLT). Finally, this study helped us to progress in the understanding of the biases and errors that can degrade the SMOS SSS data assimilation performance.",2019,Ocean Science,Tranchant B.; Remy E.; Greiner E.; Legalloudec O.,Collecte Localisation Satellites; Mercator Océan,FR,14,True,gold,18120784,,Irrigation_Decision
2-s2.0-85056297436,scopus,10.1007/s00382-018-4511-x,The El Niño–Southern Oscillation’s effect on summer heatwave development mechanisms in Australia,"We investigate how the El Niño–Southern Oscillation (ENSO) affects the mechanisms and development of heatwaves in Australia. There are three fundamental mechanisms through which heat can accumulate in the atmosphere to generate temperatures high enough, and long-lasting enough to cause a heatwave. First, heat is advected, usually from lower latitudes, via a slow moving synoptic high pressure system; second, via diabatic heating of the boundary layer by the land surface; and third, via the subsidence of high potential temperature air which warms adiabatically as it approaches the heatwave affected region. Using an atmospheric model, we examine how ENSO affects these three mechanisms using prescribed sea surface temperatures characteristic of El Niño and La Niña conditions. By generating multiple ensembles of the same ENSO conditions, we can generate many ENSO realisations and examine how this large-scale mode of variability influences Australian heatwaves. We find that heatwave frequency and duration in the north and northeast are primarily affected by ENSO through land surface processes, soil moisture and changes in the surface energy balance. The importance of atmosphere–land coupling in ENSO related heatwave variability may help explain El Niño events with unusually few heatwaves and improve seasonal heatwave predictions. Other heatwave development mechanisms, such as the advection of heat and the subsidence of adiabatically warming air, are more important for the southern regions of Australia, but the influence of ENSO is weaker. The southeast tends to receive little influence from ENSO.",2019,Climate Dynamics,Loughran T.; Pitman A.; Perkins-Kirkpatrick S.,ARC Centre of Excellence for Climate System Science; Australian Research Council Centre of Excellence for Climate Extremes; UNSW Sydney,AU,28,False,,09307575,El Niño;Heatwaves;Variability,Irrigation_Decision
2-s2.0-85054330782,scopus,10.1016/j.scitotenv.2018.09.231,Understanding the global hydrological droughts of 2003–2016 and their relationships with teleconnections,"Droughts often evolve gradually and cover large areas, and therefore, affect many people and activities. This motivates developing techniques to integrate different satellite observations, to cover large areas, and understand spatial and temporal variability of droughts. In this study, we apply probabilistic techniques to generate satellite derived meteorological, hydrological, and hydro-meteorological drought indices for the world's 156 major river basins covering 2003–2016. The data includes Terrestrial Water Storage (TWS) estimates from the Gravity Recovery And Climate Experiment (GRACE) mission, along with soil moisture, precipitation, and evapotranspiration reanalysis. Different drought characteristics of trends, occurrences, areal-extent, and frequencies corresponding to 3-, 6-, 12-, and 24-month timescales are extracted from these indices. Drought evolution within selected basins of Africa, America, and Asia is interpreted. Canonical Correlation Analysis (CCA) is then applied to find the relationship between global hydro-meteorological droughts and satellite derived Sea Surface Temperature (SST) changes. This relationship is then used to extract regions, where droughts and teleconnections are strongly interrelated. Our numerical results indicate that the 3- to 6-month hydrological droughts occur more frequently than the other timescales. Longer memory of water storage changes (than water fluxes) has found to be the reason of detecting extended hydrological droughts in regions such as the Middle East and Northern Africa. Through CCA, we show that the El Niño Southern Oscillation (ENSO) has major impact on the magnitude and evolution of hydrological droughts in regions such as the northern parts of Asia and most parts of the Australian continent between 2006 and 2011, as well as droughts in the Amazon basin, South Asia, and North Africa between 2010 and 2012. The Indian ocean Dipole (IOD) and North Atlantic Oscillation (NAO) are found to have regional influence on the evolution of hydrological droughts.",2019,Science of the Total Environment,Forootan E.; Khaki M.; Schumacher M.; Wulfmeyer V.; Mehrnegar N.; van Dijk A.I.J.M.; Brocca L.; Farzaneh S.; Akinluyi F.; Ramillien G.; Shum C.K.; Awange J.; Mostafaie A.,"CNRS Centre National de la Recherche Scientifique; Cardiff University; Curtin University; Federal University of Technology, Akure; Innovation Academy for Precision Measurement Science and Technology,CAS; Istituto Di Ricerca Per La Protezione Idrogeologica, Perugia; The Fenner School of Environment & Society; The Ohio State University; The University of Newcastle, Australia; University of Tehran; University of Zabol; Universität Hohenheim",AU;CN;DE;FR;GB;IR;IT;NG;US,203,True,gold,00489697,Canonical Correlation Analysis (CCA);Drought hot spots;Global droughts;GRACE Terrestrial Water Storage (TWS);Sea Surface Temperature (SST);Teleconnections,Irrigation_Decision
2-s2.0-85051410608,scopus,10.1016/j.scitotenv.2018.08.079,The application of multi-mission satellite data assimilation for studying water storage changes over South America,"Constant monitoring of total water storage (TWS; surface, groundwater, and soil moisture) is essential for water management and policy decisions, especially due to the impacts of climate change and anthropogenic factors. Moreover, for most countries in Africa, Asia, and South America that depend on soil moisture and groundwater for agricultural productivity, monitoring of climate change and anthropogenic impacts on TWS becomes crucial. Hydrological models are widely being used to monitor water storage changes in various regions around the world. Such models, however, comes with uncertainties mainly due to data limitations that warrant enhancement from remotely sensed satellite products. In this study over South America, remotely sensed TWS from the Gravity Recovery And Climate Experiment (GRACE) satellite mission is used to constrain the World-Wide Water Resources Assessment (W3RA) model estimates in order to improve their reliabilities. To this end, GRACE-derived TWS and soil moisture observations from the Advanced Microwave Scanning Radiometer - Earth Observing System (AMSR-E) and Soil Moisture and Ocean Salinity (SMOS) are assimilated into W3RA using the Ensemble Square-Root Filter (EnSRF) in order to separately analyze groundwater and soil moisture changes for the period 2002–2013. Following the assimilation analysis, Tropical Rainfall Measuring Mission (TRMM)’s rainfall data over 15 major basins of South America and El Niño/Southern Oscillation (ENSO) data are employed to demonstrate the advantages gained by the model from the assimilation of GRACE TWS and satellite soil moisture products in studying climatically induced TWS changes. From the results, it can be seen that assimilating these observations improves the performance of W3RA hydrological model. Significant improvements are also achieved as seen from increased correlations between TWS products and both precipitation and ENSO over a majority of basins. The improved knowledge of sub-surface water storages, especially groundwater and soil moisture variations, can be largely helpful for agricultural productivity over South America.",2019,Science of the Total Environment,Khaki M.; Awange J.,"Curtin University; The University of Newcastle, Australia",AU,37,True,gold,00489697,Data assimilation;GRACE;Hydrological modeling;Satellite remote sensing;Satellite soil moisture;South America,Irrigation_Decision
2-s2.0-85125617179,scopus,10.13878/j.cnki.dqkxxb.20160101010,Assessment of the summer extreme temperature predicting abilities in China for the previous soil moisture and sea surface temperature,"In the present study, based on the maximum and minimum surface air temperatures of 587 stations in China, ERA-interim reanalysis soil moisture(SM) data and the extended reconstructed sea surface temperature(ERSST) data, the possible linear connection between the previous(spring and winter) sea surface temperature(SST), soil moisture and summer extreme temperature in China during the period of 1979-2009 is investigated, Statistical summer extreme temperature prediction models were developed using Barnett-Presisendorfer Canonical Correlation Analysis(BP-CCA), the Ensemble Canonical Correlation(ECC) method, and newly defined summer extreme temperature indices, In addition, the scores for the prediction models with predictive skill in the independent sample tests were calculated, The results showed that the summer extreme temperature in China has a close relationship with the previous SST and SM anomaly, while the spatial distribution of the previous SST anomaly was similar to the PDO pattern, and the previous SM anomaly in southern China, the Tibetan Plateau, northeastern China and the western part of northwestern China, The cross-validation tests showed that the BP-CCA models based on the previous winter predictors had higher predictive skill than those based on the previous spring predictors, Meanwhile, the BP-CCA models based on SM had higher predictive skill than those based on SST, Additionally, the independent sample tests showed that the ECC models based on the previous SM and SST had high predictive skill for summer extreme temperature in China, The study results revealed that the previous soil moisture and sea surface temperature contain valuable signals for summer extreme temperature in eastern China, and can be considered for inclusion in summer extreme temperature prediction operations.",2019,Transactions of Atmospheric Sciences,Song Y.M.; Zou Y.C.; Wang Z.F.,Nanjing University of Information Science & Technology,CN,6,False,,16747097,,Irrigation_Decision
2-s2.0-85070611370,scopus,,Comparison of Indian summer monsoon rainfall anomalies in response to changes in snow depths and SSTs in a GCM,"The slowly varying boundary conditions such as Sea Surface Temperature (SST), snow cover/depth and soil moisture have important roles to play in Indian Summer Monsoon Rainfall (ISMR) variability. Earlier studies have shown strong relationship between inter-annual variations in ISMR and SST anomalies. Some studies also indicate inverse relationship between the winter/spring snow over the Eurasian continent and the following ISMR. The objective of this study is to examine the relative roles of SST and snow depth anomalies in the Indian summer monsoon circulation and associated rainfall. In the present study, a spectral General Circulation Model has been used to conduct the sensitivity studies in the ensemble mode over a period of 20 years. Four types of sensitive experiments have been conducted here by varying the observed and climatological values of both SST and snow depth. Model simulated ISMR agrees well with the corresponding observed value in most of the cases where observed snow depths are provided to the model as initial conditions. Inter-comparison of the results of four experiments reveals that in the absence of initial snow depths, simulated Indian summer monsoon circulation and associated ISMR in the core monsoon region are not close to the respective observed fields even though observed SSTs are prescribed as boundary conditions to the model. The model response in terms of changes in ISMR to the snow depth anomalies in the presence of climatological SST is stronger than that due to SST anomalies in the presence of climatological snow.",2019,Mausam,Dash S.K.; Paliwal M.; Panda S.K.; Karri S.,Central University of Rajasthan; Indian Institute of Technology Delhi; National Remote Sensing Centre India,IN,1,False,,02529416,Indian summer monsoon rainfall anomalies;Snow depth and sea surface temperature anomalies;Stream function and velocity potential,Irrigation_Decision
2-s2.0-85068534941,scopus,10.1029/2019JC015130,Impact of Aquarius and SMAP Satellite Sea Surface Salinity Observations on Coupled El Niño/Southern Oscillation Forecasts,"This study demonstrates the positive impact of including gridded Aquarius and Soil Moisture, Active/Passive (SMAP) sea surface salinity (SSS) into initialization of intermediate complexity coupled model forecasts for the tropical Indo-Pacific. An experiment that assimilates conventional ocean observations serves as the control. In a separate experiment, Aquarius and SMAP satellite SSS are additionally assimilated into the coupled model initialization. Analysis of the initialization differences with the control indicates that SSS assimilation causes a freshening and shallowing of the mixed layer depth near the equator and enhanced Kelvin wave amplitude. For each month from September 2011 to September 2017, 12-month-coupled ENSO forecasts are initialized from both the control and satellite SSS assimilation experiments. The experiment assimilating Aquarius and SMAP SSS significantly outperforms the control relative to observed NINO3.4 sea surface temperature anomalies. This work highlights the potential importance of inclusion of satellite SSS for improving the initialization of operational ENSO coupled forecasts.",2019,Journal of Geophysical Research Oceans,Hackert E.C.; Kovach R.M.; Busalacchi A.J.; Ballabrera-Poy J.,"CSIC - Instituto de Ciencias del Mar (ICM); NASA Goddard Space Flight Center; Science Systems and Applications, Inc. (SSAI); University Corporation for Atmospheric Research",ES;US,18,False,,21699275,data assimilation;ENSO forecasts;satellite sea surface salinity,Irrigation_Decision
2-s2.0-85063609622,scopus,10.7717/peerj.6617,Spatial near future modeling of land use and land cover changes in the temperate forests of Mexico,"The loss of temperate forests of Mexico has continued in recent decades despite wide recognition of their importance to maintaining biodiversity. This study analyzes land use/land cover change scenarios, using satellite images from the Landsat sensor. Images corresponded to the years 1990, 2005 and 2017. The scenarios were applied for the temperate forests with the aim of getting a better understanding of the patterns in land use/land cover changes. The Support Vector Machine (SVM) multispectral classification technique served to determine the land use/land cover types, which were validated through the Kappa Index. For the simulation of land use/land cover dynamics, a model developed in Dinamica-EGO was used, which uses stochastic models of Markov Chains, Cellular Automata and Weight of Evidences. For the study, a stationary, an optimistic and a pessimistic scenario were proposed. The projections based on the three scenarios were simulated for the year 2050. Five types of land use/land cover were identified and evaluated. They were primary forest, secondary forest, human settlements, areas without vegetation and water bodies. Results from the land use/land cover change analysis show a substantial gain for the secondary forest. The surface area of the primary forest was reduced from 55.8% in 1990 to 37.7% in 2017. Moreover, the three projected scenarios estimate further losses of the surface are for the primary forest, especially under the stationary and pessimistic scenarios. This highlights the importance and probably urgent implementation of conservation and protection measures to preserve these ecosystems and their services. Based on the accuracy obtained and on the models generated, results from these methodologies can serve as a decision tool to contribute to the sustainable management of the natural resources of a region.",2019,Peerj,Prieto-Amparán J.A.; Villarreal-Guerrero F.; Martínez-Salvador M.; Manjarrez-Domínguez C.; Vázquez-Quintero G.; Pinedo-Alvarez A.,Universidad Autónoma de Chihuahua,MX,13,True,gold,21678359,Cellular automata;Dinamica-EGO;Land use/land cover change;Markov chains;Pessimistic scenario;Remote sensing;Scenarios;Temperate forests;Weights of evidence,Irrigation_Decision
2-s2.0-85061056494,scopus,10.1002/qj.3461,"Assimilating satellite sea-surface salinity data from SMOS, Aquarius and SMAP into a global ocean forecasting system","Measuring Sea-Surface Salinity (SSS) from space is a relatively recent technique that relies on L-band radiometry that has evolved to a point where useful information is provided every few days. The impact of assimilating satellite SSS data is investigated using the global FOAM ocean forecasting system. This system assimilates daily satellite SSS products from the ESA Soil Moisture and Ocean Salinity (SMOS), NASA Aquarius and Soil Moisture Active Passive (SMAP) missions equatorward of 40°N/S, in addition to other observing systems. The data are assimilated using a 3D-Var scheme that includes an observation bias correction scheme to estimate spatially and temporally varying bias estimates for each SSS satellite. The SSS assimilation is tested over 2 years and 3 months covering the 2015/2016 El Niño with assessment focussed on the tropical regions, particularly in the Pacific. Consistent reductions in root-mean-square errors are found in all tropical regions from each of the satellite SSS datasets. The largest improvements of up to about 8% are found in the tropical Pacific from assimilating both the SMOS and SMAP datasets together. The largest impact is in the intertropical convergence zone (ITCZ) in the central Pacific during 2015 and early 2016 where the surface salinity is reduced by about 0.03 pss on average, correcting for too little precipitation. A smaller magnitude, large-scale reduction in the SSS is also seen in the tropical Pacific that increases the modelled surface stratification and leads to reduced vertical mixing. Changes to the SSS in the ITCZ lead to changes in the meridional gradients of SSS that affects the sea surface height and surface currents, both of which are improved in the SMOS assimilation experiment compared to externally produced observation-based datasets. The results suggest that assimilation of SMOS and SMAP satellite data is now of an appropriate quality for operational implementation.",2019,Quarterly Journal of the Royal Meteorological Society,Martin M.J.; King R.R.; While J.; Aguiar A.B.,Met Office,GB,31,False,,00359009,Aquarius;El Niño;ESA SMOS;ocean data assimilation;ocean forecasting;salinity;satellite SSS;SMAP,Irrigation_Decision
2-s2.0-85060676006,scopus,10.3390/rs11020120,Hydrologic mass changes and their implications in Mediterranean-climate Turkey from GRACE measurements,"Water is arguably our most precious resource, which is related to the hydrological cycle, climate change, regional drought events, and water resource management. In Turkey, besides traditional hydrological studies, TerrestrialWater Storage (TWS) is poorly investigated at a continental scale, with limited and sparse observations. Moreover, TWS is a key parameter for studying drought events through the analysis of its variation. In this paper, TWS variation, and thus drought analysis, spatial mass distribution, long-term mass change, and impact on TWS variation from the parameter scale (e.g., precipitation, rainfall rate, evapotranspiration, soil moisture) to the climatic change perspective are investigated. GRACE (Gravity Recovery and Climate Experiment) Level 3 (Release05-RL05) monthly land mass data of the Centre for Space Research (CSR) processing center covering the period from April 2002 to January 2016, Global Land Data Assimilation System (GLDAS: Mosaic (MOS), NOAH, Variable Infiltration Capacity (VIC)), and Tropical Rainfall Measuring Mission (TRMM-3B43) models and drought indices such as self-calibrating Palmer Drought Severity (SCPDSI), El Niño-Southern Oscillation (ENSO), and North Atlantic Oscillation (NAO) are used for this purpose. Turkey experienced serious drought events interpreted with a significant decrease in the TWS signal during the studied time period. GRACE can help to better predict the possible drought nine months before in terms of a decreasing trend compared to previous studies, which do not take satellite gravity data into account. Moreover, the GRACE signal is more sensitive to agricultural and hydrological drought compared to meteorological drought. Precipitation is an important parameter affecting the spatial pattern of the mass distribution and also the spatial change by inducing an acceleration signal from the eastern side to the western side. In Turkey, the La Nina effect probably has an important role in the meteorological drought turning into agricultural and hydrological drought.",2019,Remote Sensing,Ahi G.; Jin S.,Hacettepe Üniversitesi; Nanjing University of Information Science & Technology; Shanghai Astronomical Observatory Chinese Academy of Sciences,CN,26,True,gold,20724292,Drought;ENSO;GLDAS;GRACE;NAO;Terrestrial water storage (TWS);TRMM;Turkey,Irrigation_Decision
2-s2.0-85059958795,scopus,10.3390/rs11010095,Dominant features of global surface soil moisture variability observed by the SMOS satellite,"Soil moisture observations are expected to play an important role in monitoring global climate trends. However, measuring soil moisture is challenging because of its high spatial and temporal variability. Point-scale in-situ measurements are scarce and, excluding model-based estimates, remote sensing remains the only practical way to observe soil moisture at a global scale. The ESA-led Soil Moisture and Ocean Salinity (SMOS) mission, launched in 2009, measures the Earth's surface natural emissivity at L-band and provides highly accurate soil moisture information with a 3-day revisiting time. Using the first six full annual cycles of SMOS measurements (June 2010-June 2016), this study investigates the temporal variability of global surface soil moisture. The soil moisture time series are decomposed into a linear trend, interannual, seasonal, and high-frequency residual (i.e., subseasonal) components. The relative distribution of soil moisture variance among its temporal components is first illustrated at selected target sites representative of terrestrial biomes with distinct vegetation type and seasonality. A comparison with GLDAS-Noah and ERA5 modeled soil moisture at these sites shows general agreement in terms of temporal phase except in areas with limited temporal coverage in winter season due to snow. A comparison with ground-based estimates at one of the sites shows good agreement of both temporal phase and absolute magnitude. A global assessment of the dominant features and spatial distribution of soil moisture variability is then provided. Results show that, despite still being a relatively short data set, SMOS data provides coherent and reliable variability patterns at both seasonal and interannual scales. Subseasonal components are characterized as white noise. The observed linear trends, based upon one strong El Niño event in 2016, are consistent with the known El Niño Southern Oscillation (ENSO) teleconnections. This work provides new insight into recent changes in surface soil moisture and can help further our understanding of the terrestrial branch of the water cycle and of global patterns of climate anomalies. Also, it is an important support to multi-decadal soil moisture observational data records, hydrological studies and land data assimilation projects using remotely sensed observations.",2019,Remote Sensing,Piles M.; Ballabrera-Poy J.; Muñoz-Sabater J.,CSIC - Instituto de Ciencias del Mar (ICM); European Centre for Medium-Range Weather Forecasts; Universitat de València,ES;GB,36,True,gold,20724292,Climatology;Signal decomposition;SMOS;Soil moisture;Trends,Irrigation_Decision
2-s2.0-85059100926,scopus,10.5194/tc-12-3949-2018,Estimation of sea ice parameters from sea ice model with assimilated ice concentration and SST,"A multi-category numerical sea ice model CICE was used along with data assimilation to derive sea ice parameters in the region of Baffin Bay and Labrador Sea. The assimilation of ice concentration was performed using the data derived from the Advanced Microwave Scanning Radiometer (AMSR-E and AMSR2). The model uses a mixed-layer slab ocean parameterization to compute the sea surface temperature (SST) and thereby to compute the freezing and melting potential of ice. The data from Advanced Very High Resolution Radiometer (AVHRR-only optimum interpolation analysis) were used to assimilate SST. The modelled ice parameters including concentration, ice thickness, freeboard and keel depth were compared with parameters estimated from remote-sensing data. The ice thickness estimated from the model was compared with the measurements derived from Soil Moisture Ocean Salinity - Microwave Imaging Radiometer using Aperture Synthesis (SMOS-MIRAS). The model freeboard estimates were compared with the freeboard measurements derived from CryoSat2. The ice concentration, thickness and freeboard estimates from the model assimilated with both ice concentration and SST were found to be within the uncertainty in the observation except during March. The model-estimated draft was compared with the measurements from an upward-looking sonar (ULS) deployed in the Labrador Sea (near Makkovik Bank). The difference between modelled draft and ULS measurements estimated from the model was found to be within 10&thinsp;cm. The keel depth measurements from the ULS instruments were compared to the estimates from the model to retrieve a relationship between the ridge height and keel depth.",2018,Cryosphere,Prasad S.; Zakharov I.; McGuire P.; Power D.; Richard M.,C-Core Research Institute; Memorial University of Newfoundland; National Research Council Canada,CA,3,True,gold,19940416,,Irrigation_Decision
2-s2.0-85059408051,scopus,10.3390/cli6040095,"Time series analysis of MODIS-Derived NDVI for the Hluhluwe-Imfolozi Park, South Africa: Impact of recent intense drought","The variability of temperature and precipitation influenced by El Niño-Southern Oscillation (ENSO) is potentially one of key factors contributing to vegetation product in southern Africa. Thus, understanding large-scale ocean-atmospheric phenomena like the ENSO and Indian Ocean Dipole/Dipole Mode Index (DMI) is important. In this study, 16 years (2002-2017) of Moderate Resolution Imaging Spectroradiometer (MODIS) Terra/Aqua 16-day normalized difference vegetation index (NDVI), extracted and processed using JavaScript code editor in the Google Earth Engine (GEE) platform was used to analyze the vegetation response pattern of the oldest proclaimed nature reserve in Africa, the Hluhluwe-iMfolozi Park (HiP) to climatic variability. The MODIS enhanced vegetation index (EVI), burned area index (BAI), and normalized difference infrared index (NDII) were also analyzed. The study used the Modern Retrospective Analysis for the Research Application (MERRA) model monthly mean soil temperature and precipitations. The Global Land Data Assimilation System (GLDAS) evapotranspiration (ET) data were used to investigate the HiP vegetation water stress. The region in the southern part of the HiP which has land cover dominated by savanna experienced the most impact of the strong El Niño. Both the HiP NDVI inter-annual Mann-Kendal trend test and sequential Mann-Kendall (SQ-MK) test indicated a significant downward trend during the El Niño years of 2003 and 2014-2015. The SQ-MK significant trend turning point which was thought to be associated with the 2014-2015 El Niño periods begun in November 2012. The wavelet coherence and coherence phase indicated a positive teleconnection/correlation between soil temperatures, precipitation, soil moisture (NDII), and ET. This was explained by a dominant in-phase relationship between the NDVI and climatic parameters especially at a period band of 8-16 months.",2018,Climate,Mbatha N.; Xulu S.,University of Zululand,ZA,70,True,gold,22251154,Drought;ENSO;Google Earth Engine;Hluhluwe-iMfolozi Park;NDVI;Time series analysis;Wavelet,Irrigation_Decision
2-s2.0-85049991389,scopus,10.1007/s10040-018-1824-0,"Monitoring runoff coefficients and groundwater levels using data from GRACE, GLDAS, and hydrometeorological stations: analysis of a Colombian foreland basin","The determination of space–time variation in groundwater accumulation in Colombia’s Eastern Llanos foreland basin from 2003 to 2014 was done using terrestrial water storage (TWS) anomalies identified in two versions of the Gravity Recovery and Climate Experiment (GRACE) data—from the Global Data Center for Space Research (CSR) at the University of Texas at Austin (USA) and from the Institute of Geodesy at the Graz University of Technology (ITSG, Austria)—and also soil moisture storage (SMS) data from the Global Land Data Assimilation System (GLDAS). These data were compared to changes in groundwater storage obtained using the water-budget equation, calculated based on recorded data from hydrometeorological stations. This study confirmed the viability of using satellite information to understand and monitor temporal variation in groundwater recharge in the study area. Temporal variations in TWS, SMS, and groundwater level were shown to correspond to regional rain and drought periods, which are sensitive to climate phenomena such as El Niño and La Niña. Comparing changes in TWS and groundwater level to changes in infiltration and recharge revealed correlation coefficients of 0.56 and 0.98 with CSR data and 0.71 and 0.86 with ITSG data, respectively.",2018,Hydrogeology Journal,Ospina M D.; Vargas J C.,Universidad Nacional de Colombia,CO,4,False,,14312174,Colombia;GLDAS;GRACE;Groundwater monitoring;Groundwater recharge/water budget,Irrigation_Decision
2-s2.0-85053463046,scopus,10.2166/nh.2018.074,Reconstruction of terrestrial water storage anomalies in Northwest China during 1948–2002 using GRACE and GLDAS products,"Commencement of the Gravity Recovery and Climate Experiment (GRACE) provides an alternative way to monitor changes in terrestrial water storage (TWS) at large scales. However, GRACE dataset spans from 2002 to present, which greatly limits the application of GRACE data for long-term hydrological studies. Thus, the general linear model (GLM), random forest (RF), support vector machines (SVM), and artificial neural networks (ANN) methods were used to reconstruct the time series of terrestrial water storage anomalies (TWSA, i.e., remove the average value from the time series) in Northwest China (NWC) during 1948–2002 based on the GRACE TWSA during 2003–2015 and hydrological data from the Global Land Data Assimilation System (GLDAS) during 1948–2010. The results showed that soil moisture (SM) anomalies, or the combination of SM, canopy water (CW), and snow water equivalent (SWE) anomalies were better than the other anomalies of GLDAS in NWC. RF method can be regarded as the optimal method to reconstruct TWSA in NWC in the four models. A negative relationship was found between the reconstructed TWSAs and El Niño-Southern Oscillation (ENSO). The method could also offer an approach to reconstruct TWSA and drought events in large river basins during the past several decades.",2018,Hydrology Research,Yang P.; Xia J.; Zhan C.; Wang T.,"Institute of Geographic Sciences and Natural Resources Research, Chinese Academy of Sciences; Tianjin University; University of Chinese Academy of Sciences; Wuhan University",CN,44,True,gold,19989563,GRACE;Northwest China;Reconstruction;SST;Terrestrial water storage anomalies,Irrigation_Decision
2-s2.0-85052433130,scopus,10.1029/2018JD028557,Impacts of Snow Darkening by Deposition of Light-Absorbing Aerosols on Hydroclimate of Eurasia During Boreal Spring and Summer,"In this study, we used the NASA GEOS-5 climate model to investigate the impact of snow darkening by deposition of light-absorbing aerosols on the hydroclimate of Eurasia during boreal spring and summer. Two sets of 10-member ensemble model integrations with prescribed sea surface temperature were carried out for 10 simulated years (2002–2011); one includes snow-darkening effects (SDE) by light-absorbing aerosols and one does not (NSDE). Differences between the two experiments in the hydroclimates over Eurasia were evaluated. Results show that SDE warming is most pronounced during the melting season due to strong snow-albedo feedback in the vicinity of the retreating seasonal snowline. SDE spurs a wet-first-dry-later modulation of the surface energy and water balances, characterized by an accelerated (days-to-weeks) snowmelt, accompanied by excessive runoff and a warming and wetting of the land (relative to NSDE) during the early melting season. The snowmelt is followed by a fast desiccation of the land during the late melting, and early warming season, and then a prolonged warmer and drier land, through the boreal summer. The prolonged warming is sustained by atmospheric conditions favorable for the development of atmospheric blocking, that is, higher middle-to-upper-tropospheric geopotential height, lower relative humidity, reduced cloudiness, and enhanced atmospheric subsidence. Overall, SDE by light-absorbing aerosols leads to a warmer and drier boreal summer hydroclimate, increasing the frequency of the top 5 and 1% extreme hot days (as defined by NSDE statistics) over western and northern Eurasia by approximately threefold and tenfold, respectively.",2018,Journal of Geophysical Research Atmospheres,Lau W.K.M.; Sang J.; Kim M.K.; Kim K.M.; Koster R.D.; Yasunari T.J.,"Hokkaido University; Kongju National University; NASA Goddard Space Flight Center; University of Maryland, College Park",JP;KR;US,26,True,gold,2169897X,absorbing aerosols;black carbon;dust;Eurasia;heat waves;hydroclimate;snow-darkening effects,Irrigation_Decision
2-s2.0-85075119757,scopus,10.1080/16742834.2018.1484253,Evaluation of summer drought ensemble prediction over the Yellow River basin,"Accurately predicting drought a few months in advance is important for drought mitigation and agricultural and water resources management, especially for a river basin like that of the Yellow River in North China. However, summer drought predictability over the Yellow River basin is limited because of the low influence from ENSO and the large interannual variations of the East Asian summer monsoon. To explore the drought predictability from an ensemble prediction perspective, 29-year seasonal hindcasts of soil moisture drought, taken directly from several North American multimodel ensemble (NMME) models with different ensemble sizes, were compared with those produced by combining bias-corrected NMME model predictions and variable infiltration capacity (VIC) land surface hydrological model simulations. It was found that the NMME/VIC approach reduced the root-mean-square error from the best NMME raw products by 48% for summer soil moisture drought prediction at the lead-1 season, and increased the correlation significantly. Within the NMME/VIC framework, the multimodel ensemble mean further reduced the error from the best single model by 6%. Compared with the NMME raw forecasts, NMME/VIC had a higher probabilistic drought forecasting skill in terms of a higher Brier skill score and better reliability and resolution of the ensemble. However, the performance of the multimodel grand ensemble was not necessarily better than any single model ensemble, suggesting the need to optimize the ensemble for a more skillful probabilistic drought forecast.",2018,Atmospheric and Oceanic Science Letters,YAO M.N.; YUAN X.,Chengdu University of Information Technology; Institute of Atmospheric Physics Chinese Academy of Sciences,CN,9,True,gold,16742834,Brier skill score;drought;North American multimodel ensemble;Probabilistic prediction;Yellow River basin,Irrigation_Decision
2-s2.0-85050494496,scopus,10.3390/rs10071074,Bayesian Bias correction of satellite rainfall estimates for climate studies,"Advances in remote sensing have led to the use of satellite-derived rainfall products to complement the sparse rain gauge data. Although these products are globally and some regional bias corrected, they often show substantial differences relative to ground measurements attributed to local and external factors that require systematic consideration. A decreasing rain gauge network inhibits the continuous validation of these products. Our proposal to deal with this problemwas to use a Bayesian approach tomerge the existing historical rain gauge information to create consistent satellite rainfall data for long-term applications. Monthly bias correction was applied to Climate Hazards Group Infrared Precipitation with Stations (CHIRPS v2) using a corresponding gridded (0.05°) rain gauge data over East Africa for 33 years (1981-2013). The first 22 years were utilized to derive error fields which were then applied to independent CHIRPS data for 11 years for validation. Assessments of the approach's influence on the rainfall estimates spatially and temporally were explored. Results showed a significant spatial reduction of the underestimation and overestimation of systematic errors at both monthly and yearly scales. The reduced errors increased with increased rainfall amounts, hence was less so in the relatively drier months. The overall monthly reduction of Root Mean Square Difference (RMSD) was between 4% and 60%, and the Mean Absolute Error (MAE) was between 1% and 63%, while the correlations improved by up to 21%. Yearly, the RMSDwas reduced between 17%and 49%, and theMAE between 13% and 48%, while the increase in correlations was between 9% and 17%. Decreased yearly bias correction corresponded with years of high rainfall associated with El Niño. Results for the assessments of the effectiveness of the Bayesian approach showed that it was more effective in reducing systematic errors related to rainfallmagnitudes, but its performance decreased in areas of sparse rain gauge network that insufficiently represented rainfall variabilities. This affected areas of deep convection, leading tominimal overestimation reductions associated with the cirrus effect. Conversely, significant corrections were during years of low rainfall from shallow convections. The approach is suitable for long-term applications where consistencies ofmean errors can be assumed.",2018,Remote Sensing,Kimani M.W.; Hoedjes J.C.B.; Su Z.,Faculty of Geo-Information Science and Earth Observation – ITC,NL,37,True,gold,20724292,Bayesian bias correction;East Africa;Rain gauge;Satellite rainfall,Irrigation_Decision
2-s2.0-85048185039,scopus,10.1175/JCLI-D-17-0429.1,Can Barents Sea ice decline in spring enhance summer hot drought events over northeastern China?,"In July-August (JA) of 2016, northeastern China (NEC) suffered from the most severe hot drought event of the past 50 years, leading to profound impacts on agriculture, the ecosystem, and society. Results indicate that the loss of sea ice over the Barents Sea (SICBS) in March might have influenced the hot drought events over NEC in JA for the period of 1997-2016. Further analyses reveal that lower SICBS is closely related to thinner snow depth over western Eurasia (SDWEA) in April. The decline of SDWEA leads to drier soil from the Yangtze River valley to northern China during May-June, which is favorable for precipitation deficiency over NEC in JA. Besides, the loss of SICBS in March and decline of SDWEA in April are closely related to the polar-Eurasia teleconnection pattern and dry soil over NEC in JA, which provides favorable atmospheric circulation patterns for occurrences of hot droughts. The large ensemble simulations from the Community Earth System Model and the numerical experiments based on version 4 of the Community Atmosphere Model further confirmed their connections and the associated possible physical processes. Therefore, snow depth and soil moisture might serve as linkages between Barents Sea ice in March and hot droughts over NEC during JA, and the Barents Sea ice in March might be an important potential predictor for the summer hot droughts over NEC.",2018,Journal of Climate,Li H.; Chen H.; Wang H.; Sun J.; Ma J.,Institute of Atmospheric Physics Chinese Academy of Sciences; Nanjing University of Information Science & Technology; University of Chinese Academy of Sciences,CN,163,True,gold,08948755,Atmospheric circulation;Climate change;Climatology,Irrigation_Decision
2-s2.0-85046641826,scopus,10.3390/w10050596,Modeling hydroclimatic change in Southwest Louisiana rivers,"We applied the newly developed WRF-Hydro model to investigate the hydroclimatic trend encompassing the three basins in Southwest Louisiana as well as their connection with large-scale atmospheric drivers. Using the North American Land Data Assimilation System Phase 2 (NLDAS-2), we performed a multi-decadal model hindcast covering the period of 1979-2014. After validating the model's performance against available observations, trend and wavelet analysis were applied on the time series of hydroclimatic variables from NLDAS-2 (temperature and precipitation) and model results (evapotranspiration, soil moisture, water surplus, and streamflow). Trend analysis of model-simulated monthly and annual time series indicates that the regional climate is warming and drying over the past decades, specifically during spring and summer (growing season). Wavelet analysis reveals that, since the late 1990s, the anomaly of evapotranspiration, soil moisture, and streamflow exhibits high coherency with that of precipitation. Pettitt's test detects a possible change-point around the year 2004, after which the monthly precipitation decreased from 140 to 120 mm, evapotranspiration slightly increased from 80 to 83 mm, and water surplus decreased from 60 to 38 mm. Changes in regional climate conditions are closely correlated with large-scale climate dynamics such as the Atlantic Multidecadal Oscillation (AMO) and El Niño Southern Oscillation (ENSO).",2018,Water Switzerland,Xue Z.G.; Gochis D.J.; Yu W.; Keim B.D.; Rohli R.V.; Zang Z.; Sampson K.; Dugger A.; Sathiaraj D.; Ge Q.,Louisiana State University; Ministry of Natural Resources of the People's Republic of China; National Center for Atmospheric Research,CN;US,15,True,gold,20734441,AMO;Coastal river;ENSO;NLDAS-2;WRF-Hydro,Irrigation_Decision
2-s2.0-85047061715,scopus,10.1175/JCLI-D-17-0270.1,Impacts of the Atlantic multidecadal variability on North American summer climate and heat waves,"The impacts of the Atlantic multidecadal variability (AMV) on summertime North American climate are investigated using three coupled global climate models (CGCMs) in which North Atlantic sea surface temperatures (SSTs) are restored to observed AMV anomalies. Large ensemble simulations are performed to estimate how AMV can modulate the occurrence of extreme weather such as heat waves. It is shown that, in response to an AMV warming, all models simulate a precipitation deficit and a warming over northern Mexico and the southern United States that lead to an increased number of heat wave days by about 30% compared to an AMV cooling. The physical mechanisms associated with these impacts are discussed. The positive tropical Atlantic SST anomalies associated with the warm AMV drive a Matsuno-Gill-like atmospheric response that favors subsidence over northern Mexico and the southern United States. This leads to a warming of the whole tropospheric column, and to a decrease in relative humidity, cloud cover, and precipitation. Soil moisture response to AMV also plays a role in the modulation of heat wave occurrence. An AMV warming favors dry soil conditions over northern Mexico and the southern United States by driving a year-round precipitation deficit through atmospheric teleconnections coming both directly from the North Atlantic SST forcing and indirectly from the Pacific. The indirect AMV teleconnections highlight the importance of using CGCMs to fully assess the AMV impacts on North America. Given the potential predictability of the AMV, the teleconnections discussed here suggest a source of predictability for the North American climate variability and in particular for the occurrence of heat waves at multiyear time scales.",2018,Journal of Climate,Ruprich-Robert Y.; Delworth T.; Msadek R.; Castruccio F.; Yeager S.; Danabasoglu G.,CERFACS; Centro Nacional de Supercomputación; National Center for Atmospheric Research; National Oceanic and Atmospheric Administration; Princeton University,ES;FR;US,65,False,,08948755,Atmosphere-ocean interaction;Decadal variability;Drought;Extreme events;Soil moisture;Teleconnections,Irrigation_Decision
2-s2.0-85044226494,scopus,10.3390/rs10030485,Improving SMOS sea surface salinity in the Western Mediterranean sea through multivariate and multifractal analysis,"A new methodology using a combination of debiased non-Bayesian retrieval, DINEOF (Data Interpolating Empirical Orthogonal Functions) and multifractal fusion has been used to obtain Soil Moisture and Ocean Salinity (SMOS) Sea Surface Salinity (SSS) fields over the North Atlantic Ocean and the Mediterranean Sea. The debiased non-Bayesian retrieval mitigates the systematic errors produced by the contamination of the land over the sea. In addition, this retrieval improves the coverage by means of multiyear statistical filtering criteria. This methodology allows obtaining SMOS SSS fields in the Mediterranean Sea. However, the resulting SSS suffers from a seasonal (and other time-dependent) bias. This time-dependent bias has been characterized by means of specific Empirical Orthogonal Functions (EOFs). Finally, high resolution Sea Surface Temperature (OSTIA SST) maps have been used for improving the spatial and temporal resolution of the SMOS SSS maps. The presented methodology practically reduces the error of the SMOS SSS in the Mediterranean Sea by half. As a result, the SSS dynamics described by the new SMOS maps in the Algerian Basin and the Balearic Front agrees with the one described by in situ SSS, and the mesoscale structures described by SMOS in the Alboran Sea and in the Gulf of Lion coincide with the ones described by the high resolution remotely-sensed SST images (AVHRR).",2018,Remote Sensing,Olmedo E.; Taupier-Letage I.; Turiel A.; Alvera-Azcárate A.,Aix Marseille Université; CSIC-UPC - Barcelona Expert Center (BEC); Université de Liège,BE;ES;FR,43,True,gold,20724292,Alboran sea;Data processing;Mediterranean sea;Quality assessment;Remote sensing;Sea surface salinity;Smos,Irrigation_Decision
2-s2.0-85042064100,scopus,10.1175/JCLI-D-17-0274.1,Attribution analysis of the Ethiopian drought of 2015,"In northern and central Ethiopia, 2015 was a very dry year. Rainfall was only from one-half to three-quarters of the usual amount, with both the ""belg"" (February-May) and ""kiremt"" rains (June-September) affected. The timing of the rains that did fall was also erratic. Many crops failed, causing food shortages for many millions of people. The role of climate change in the probability of a drought like this is investigated, focusing on the large-scale precipitation deficit in February-September 2015 in northern and central Ethiopia. Using a gridded analysis that combines station data with satellite observations, it is estimated that the return period of this drought was more than 60 years (lower bound 95% confidence interval), with a most likely value of several hundred years. No trend is detected in the observations, but the large natural variability and short time series means large trends could go undetected in the observations. Two out of three large climate model ensembles that simulated rainfall reasonably well show no trend while the third shows an increased probability of drought. Taking the model spread into account the drought still cannot be clearly attributed to anthropogenic climate change, with the 95% confidence interval ranging from a probability decrease between preindustrial and today of a factor of 0.3 and an increase of a factor of 5 for a drought like this one or worse. A soil moisture dataset also shows a nonsignificant drying trend. According to ENSO correlations in the observations, the strong 2015 El Niño did increase the severity of the drought.",2018,Journal of Climate,Philip S.; Kew S.F.; van Oldenborgh G.J.; Otto F.; O'Keefe S.; Haustein K.; King A.; Zegeye A.; Eshetu Z.; Hailemariam K.; Singh R.; Jjemba E.; Funk C.; Cullen H.,"Addis Ababa University; Climate Central; National Meteorological Agency; Red Cross Red Crescent Climate Centre; Royal Netherlands Meteorological Institute; University of California, Santa Barbara; University of Melbourne; University of Oxford",AU;ET;GB;NL;US,130,False,,08948755,Africa;Climate change;Climate models;Drought;ENSO;Statistical techniques,Irrigation_Decision
2-s2.0-85058374202,scopus,10.1117/12.2325710,Incorporating Sentinel-derived products into numerical weather models: The ESA STEAM project,"The STEAM (SaTellite Earth observation for Atmospheric Modelling) project, funded by the European Space Agency, aims at investigating new areas of synergy between high-resolution numerical weather prediction (NWP) models and data from spaceborne remote sensing sensors. An example of synergy is the incorporation of high-resolution remote sensing data products in NWP models. The rationale is that NWP models are presently able to produce forecasts with a spatial resolution in the order of 1 km, but unreliable surface information or poor knowledge of the initial state of the atmosphere may imply an inaccurate simulation of the weather phenomena. It is expected that forecast inaccuracies could be reduced by ingesting high resolution Earth Observation derived products into models operated at cloud resolving grid spacing. In this context, the Copernicus Sentinel satellites represent an important source of data, because they provide a set of high-resolution observations of physical variables (e.g. soil moisture, land/sea surface temperature, wind speed, columnar water vapor) used NWP models runs. This paper presents the first results of the experiments carried out in the framework of the STEAM project, regarding the ingestion/assimilation of surface information derived from Sentinel data into a NWP model. The experiments concern a flood event occurred in Tuscany (Central Italy) in September 2017. Moreover, in view of the assimilation of water vapor maps obtained by applying the SAR Interferometry technique to Sentinel-1 data, the results of the assimilation of Zenith total delay data derived from global navigation satellite system (GNSS) are also presented.",2018,Proceedings of SPIE the International Society for Optical Engineering,Pulvirenti L.; Parodi A.; Lagasio M.; Pierdicca N.; Venuti G.; Realini E.; Gatti A.; Barindelli S.; Passera E.; Rommen B.,CIMA Research Foundation; European Space Agency - ESA; Geomatics Research & Development srl; Politecnico di Milano; Sapienza Università di Roma; TRE ALTAMIRA,FR;IT,2,False,,0277786X,Copernicus sentinel satellites;Data assimilation;Numerical weather prediction,Irrigation_Decision
2-s2.0-85040844269,scopus,10.3390/rs10010127,Role of El Niño Southern Oscillation (ENSO) events on temperature and salinity variability in the Agulhas leakage region,"This study explores the relationship between the Agulhas Current system and El Niño Southern Oscillation (ENSO) events. Specifically, it addresses monthly to yearly variations in Agulhas leakage where the Agulhas Current sheds waters into the Atlantic Ocean, in turn affecting meridional overturning circulation (MOC). Sea surface temperature (SST) data from the National Oceanic and Atmospheric Administration's (NOAA) Advanced Very High Resolution Radiometer (AVHRR) combined with sea surface salinity (SSS) from Soil Moisture Ocean Salinity (SMOS) and Simple Ocean Data Assimilation (SODA) reanalysis are used to explore changes in Agulhas leakage dynamics. Agulhas leakage is anomalously warm in response to El Niño and anomalously cool in response to La Niña. The corresponding SSS signal shows both a primary and secondary signal response. At first, the SSS signal of Agulhas leakage is anomalously fresh in response to El Niño, but this primary signal is replaced by a secondary anomalously saline signal. In response to La Niña, the primary SSS signal of Agulhas leakage is anomalously saline, while the secondary SSS signal is anomalously fresh. The lag between the peak of ENSO and the response in SST and the corresponding primary SSS signal of Agulhas leakage is about 20 months, followed by the secondary SSS signal at a lag of about 26 months. In general, increasing ENSO strength increases the extremes of the resulting anomalous SST and SSS signal and impacts the Agulhas leakage region earlier during El Niño and slightly later during La Niña.",2018,Remote Sensing,Paris M.; Subrahmanyam B.,University of South Carolina,US,7,True,gold,20724292,Advanced Very High Resolution Radiometer (AVHRR);Agulhas Current;El Niño Southern Oscillation;Indian Ocean;Sea surface salinity;Sea surface temperature;Simple Ocean Data Assimilation (SODA);Soil Moisture Ocean Salinity (SMOS),Irrigation_Decision
2-s2.0-85042502831,scopus,10.5194/hess-21-6401-2017,Development of a monthly to seasonal forecast framework tailored to inland waterway transport in central Europe,"Traditionally, navigation-related forecasts in central Europe cover short-to medium-range lead times linked to the travel times of vessels to pass the main waterway bottlenecks leaving the loading ports. Without doubt, this aspect is still essential for navigational users, but in light of the growing political intention to use the free capacity of the inland waterway transport in Europe, additional lead time supporting strategic decisions is more and more in demand. However, no such predictions offering extended lead times of several weeks up to several months currently exist for considerable parts of the European waterway network. <br><br> This paper describes the set-up of a monthly to seasonal forecasting system for the German stretches of the international waterways of the Rhine, Danube and Elbe rivers. Two competitive forecast approaches have been implemented: The dynamical set-up forces a hydrological model with post-processed outputs from ECMWF general circulation model System 4, whereas the statistical approach is based on the empirical relationship (<q>teleconnection</q>) of global oceanic, climate and regional hydro-meteorological data with river flows. The performance of both forecast methods is evaluated in relation to the climatological forecast (ensemble of historical streamflow) and the well-known ensemble streamflow prediction approach (ESP, ensemble based on historical meteorology) using common performance indicators (correlation coefficient; mean absolute error, skill score; mean squared error, skill score; and continuous ranked probability, skill score) and an impact-based evaluation quantifying the potential economic gain. <br><br> The following four key findings result from this study: (1) as former studies for other regions of central Europe indicate, the accuracy and/or skill of the meteorological forcing used has a larger effect than the quality of initial hydrological conditions for relevant stations along the German waterways. (2) Despite the predictive limitations on longer lead times in central Europe, this study reveals the existence of a valuable predictability of streamflow on monthly up to seasonal timescales along the Rhine, upper Danube and Elbe waterways, and the Elbe achieves the highest skill and economic value. (3) The more physically based and the statistical approach are able to improve the predictive skills and economic value compared to climatology and the ESP approach. The specific forecast skill highly depends on the forecast location, the lead time and the season. (4) Currently, the statistical approach seems to be most skilful for the three waterways investigated. The lagged relationship between the monthly and/or seasonal streamflow and the climatic and/or oceanic variables vary between 1 month (e.g. local precipitation, temperature and soil moisture) up to 6 months (e.g. sea surface temperature). <br><br> Besides focusing on improving the forecast methodology, especially by combining the individual approaches, the focus is on developing useful forecast products on monthly to seasonal timescales for waterway transport and to operationalize the related forecasting service.",2017,Hydrology and Earth System Sciences,Meißner D.; Klein B.; Ionita M.,Alfred-Wegener-Institut Helmholtz-Zentrum für Polar- und Meeresforschung; Bundesanstalt für Gewässerkunde; Universität Bremen,DE,50,True,gold,10275606,,Irrigation_Decision
2-s2.0-85019189877,scopus,10.1038/s41598-017-01919-6,El Niño increases the risk of lower Mississippi River flooding,"Mississippi River floods rank among the costliest climate-related disasters in the world. Improving flood predictability, preparedness, and response at seasonal to decadal time-scales requires an understanding of the climatic controls that govern flood occurrence. Linking flood occurrence to persistent modes of climate variability like the El Niño-Southern Oscillation (ENSO) has proven challenging, due in part to the limited number of high-magnitude floods available for study in the instrumental record. To augment the relatively short instrumental record, we use output from the Community Earth System Model (CESM) Last Millennium Ensemble (LME) to investigate the dynamical controls on discharge extremes of the lower Mississippi River. We show that through its regional influence on surface water storage, the warm phase of ENSO preconditions the lower Mississippi River to be vulnerable to flooding. In the 6-12 months preceding a flood, El Niño generates a positive precipitation anomaly over the lower Mississippi basin that gradually builds up soil moisture and reduces the basin's infiltration capacity, thereby elevating the risk of a major flood during subsequent rainstorms. Our study demonstrates how natural climate variability mediates the formation of extreme floods on one of the world's principal commercial waterways, adding significant predictive ability to near-and long-term forecasts of flood risk.",2017,Scientific Reports,Munoz S.E.; Dee S.G.,Brown University; Woods Hole Oceanographic Institution,US,76,True,gold,20452322,,Irrigation_Decision
2-s2.0-85034017636,scopus,10.5194/acp-17-13559-2017,Aerosol trends as a potential driver of regional climate in the central United States: Evidence from observations,"In situ surface observations show that downward surface solar radiation (SWdn) over the central and southeastern United States (US) has increased by 0.58-1.0Wm-2a-1 over the 2000-2014 time frame, simultaneously with reductions in US aerosol optical depth (AOD) of 3.3-5.0 × 10-3a-1. Establishing a link between these two trends, however, is challenging due to complex interactions between aerosols, clouds, and radiation. Here we investigate the clear-sky aerosol-radiation effects of decreasing US aerosols on SWdn and other surface variables by applying a one-dimensional radiative transfer to 2000-2014 measurements of AOD at two Surface Radiation Budget Network (SURFRAD) sites in the central and southeastern United States. Observations characterized as ""clear-sky"" may in fact include the effects of thin cirrus clouds, and we consider these effects by imposing satellite data from the Clouds and Earth's Radiant Energy System (CERES) into the radiative transfer model. The model predicts that 2000-2014 trends in aerosols may have driven clear-sky SWdn trends of +1.35Wm-2a-1 at Goodwin Creek, MS, and +0.93Wm-2a-1 at Bondville, IL. While these results are consistent in sign with observed trends, a cross-validated multivariate regression analysis shows that AOD reproduces 20-26% of the seasonal (June-September, JJAS) variability in clear-sky direct and diffuse SWdn at Bondville, IL, but none of the JJAS variability at Goodwin Creek, MS. Using in situ soil and surface flux measurements from the Ameriflux network and Illinois Climate Network (ICN) together with assimilated meteorology from the North American Land Data Assimilation System (NLDAS), we find that sunnier summers tend to coincide with increased surface air temperature and soil moisture deficits in the central US. The 1990-2015 trends in the NLDAS SWdn over the central US are also of a similar magnitude to our modeled 2000-2014 clear-sky trends. Taken together, these results suggest that climate and regional hydrology in the central US are sensitive to the recent reductions in aerosol concentrations. Our work has implications for severely polluted regions outside the US, where improvements in air quality due to reductions in the aerosol burden could inadvertently pose an enhanced climate risk.",2017,Atmospheric Chemistry and Physics,Cusworth D.H.; Mickley L.J.; Leibensperger E.M.; Iacono M.J.,Atmospheric and Environmental Research; Harvard John A. Paulson School of Engineering and Applied Sciences; Harvard University; State University of New York at Plattsburgh,US,11,True,gold,16807316,,Irrigation_Decision
2-s2.0-85033685213,scopus,10.6038/cjg20170905,Role of snow depth in the influence of El Niño on summer climate anomalies over East Asia,"Utilizing the datasets of Global Land Data Assimilation System (GLDAS) NOAH land surface model, GPCC monthly mean rainfall and NCAR/NCEP global monthly mean reanalysis from 1948 to 2010, and the methods of filtering, composite and linear correlation, the characteristics of Eurasian snow depth anomalies in El Niño mature winter, its influences on soil moisture after snow melting, and finally on East Asian summer monsoon are investigated, and the main conclusions are as follows: In El Niño mature winter, the snow depths in regions of Iranian Plateau, northeast of Balkhash Lake, and south of Tibetan Plateau increase remarkably, so are the related snow melting and soil moisture. The above-mentioned three regions are identified as the key regions for snow depth to store and extend the El Niño signals. In spring, the snow begins to melt, and the soil moisture increases correspondingly, thus the El Niño signals are transmitted from winter snow depth to soil moisture in spring. As a result, sensible heat flux decreases and latent heat flux increases, and the atmospheric circulations are greatly influenced. The anomalous soil moisture in the Iranian Plateau is most important for the East Asian summer monsoon in El Niño decaying summer, since it has similar impact pattern on the anomalous summer precipitation as the El Niño composite. The spring and summer soil moisture in both the south of Tibetan Plateau and the northeast of Balkhash Lake increase simultaneously, which significantly contribute to the increased precipitation in North China. Therefore, to investigate and predict the East Asian summer monsoon variabilities by using El Niño signal, the roles of snow depth in storing and modulating El Niño impacts in those key regions should be considered.",2017,Chinese Journal of Geophysics,Wang Y.F.; Sun X.G.; Yang X.Q.,Institute of Atmospheric Physics Chinese Academy of Sciences; Nanjing University,CN,4,False,,00015733,El Niño;Sensible and latent heat flux;Snow depth;Soil moisture;Summer precipitation,Irrigation_Decision
2-s2.0-85021708301,scopus,10.1002/wea.3063,In this issue of Weather,"This month, we publish four papers that were written following presentations at last year’s RMetS Student Conference. They cover a wide range of subjects, demonstrating the health of meteorological science in the UK and the importance of weather data. The students were each the lead authors of their articles. We begin with ‘The role of cyclone clustering during the stormy winter of 2013/2014’ by Matthew Priestley, Joaquim Pinto, Helen Dacre and Len Shaffrey on p. 187. This paper outlines the evidence that depressions may deepen rapidly in association with Rossby-wave breaking. This was seen in particular during the winter of 2013/14, when many depressions became storms, having crossed the Atlantic along a similar course to enter the left exit of a persistent strong high-level jet stream. Some of these deep depressions bring storm-force winds into Europe and so may be associated with significant damage and possible loss of life. Next, we move south. In ‘Does high-resolution modelling improve the spatial analysis of föhn flow over the Larsen C Ice Shelf?’ on p. 192, J V Turton, A Kirchgaessner, A N Ross and J C King examine the advances made as model resolution improves, as well as the remaining shortcomings. The Larsen C Ice Shelf lies to the east of the mountainous Antarctic Peninsula and is often subject to the warm dry winds associated with lee flow. Föhn winds aid the break-up of the ice shelf and improvements in our knowledge can be important for the operations of scientists in the area – not least the British Antarctic Survey. Next, we move to the effects of the monsoon-dominated climate of West Africa. Preparedness allows farmers to take measures to protect against drought. Matt Brown, Emily Black, Dagmawi Asfaw and Fred Otu-Larbi examine a method to predict drought during the growing season in the relatively dry Sahel zone in ‘Monitoring drought in Ghana using TAMSAT-ALERT: a new decision support system’ on p. 201. They set out its increasing value as this prediction tool is developed, but also investigate its shortcomings. TAMSAT-ALERT relies on satellite data, surface observations and ensemble output from the Met Office Unified Model, as well as a knowledge of evolution of soil moisture under a range of weather scenarios. The last of our Special Issue papers is on p. 206: ‘The local response of El Niño events and changing disease distribution in Tanzania’ by Rachael Reynolds, Gina Cavan and Mark Cresswell. One of the challenges presented by global climate change is the possible spread of diseases responsive to moisture and temperature, although some diseases may become restricted in a more humid world. El Niño years bring at least some of the weather likely to be seen in an anthropogenically warmed world, so this study compares disease data from recent El Niño years with those in other years.",2017,Weather,Galvin J.,,,0,True,gold,00431656,,Irrigation_Decision
2-s2.0-85014514668,scopus,10.1002/2016JC012130,Seasonal and interannual variability of the Eastern Tropical Pacific Fresh Pool,"The Eastern Pacific Fresh Pool (EPFP) is a large region of low sea surface salinity (SSS) defined by values lower than 34 practical salinity scale within (5°S–30°N, 75°W–180°W). The fresh pool dynamically responds to strong regional and seasonally varying ocean-atmosphere-land interactions (including monsoon rain, trade and gap winds, and strong currents). Using more than 5 years of Soil Moisture and Ocean Salinity (SMOS) satellite sea surface salinity (SSS) and complementary satellite wind, rain, currents, and sea surface temperature data together with a historical ensemble of in situ products, the present study explores the seasonal and interannual dynamics of the fresh pool over the period 2004–2015. An important interannual variability of the maximal surface extension of the EPFP over the past decade is revealed with two extreme events (2012, 2015) occurring during the SMOS satellite period. These extremes are found to be related to the El Niño-Southern Oscillation (ENSO) phases and associated anomalies of precipitation, surface currents, and trade wind in the central Pacific. In 2012 (La Niña), stronger trade winds coupled with a deficit of precipitation induced a minimum extension of the pool during the rainy season. Whereas, during the strong El Niño 2014–2015, the EPFP extension reached an unprecedented maximum value. A modification of the atmospheric freshwater fluxes and ocean surface currents during winter 2014 is found to have favored the onset of this abnormal fresh event.",2017,Journal of Geophysical Research Oceans,Guimbard S.; Reul N.; Chapron B.; Umbert M.; Maes C.,Université de Bretagne Occidentale,FR,33,True,gold,21699275,Eastern Pacific;ENSO;freshwater pool;salinity;seasonal and interannual variability;Soil Moisture and Ocean Salinity (SMOS) Mission,Irrigation_Decision
2-s2.0-85014512057,scopus,10.1175/JCLI-D-15-0567.1,Variability of soil moisture and sea surface temperatures similarly important for warm-season land climate in the community earth system model,"Both sea surface temperatures (SSTs) and soil moisture (SM) can influence climate over land. This paper presents a comprehensive comparison of SM versus SST impacts on land climate in the warm season. The authors perform fully coupled ensemble experiments with the Community Earth System Model in which they prescribe SM or SSTs to the long-term median seasonal cycles. It is found that SM variability overall impacts warm-season land climate to a similar extent as SST variability, in the midlatitudes, tropics, and subtropics. Removing SM or SST variability impacts land climate means and reduces land climate variability at different time scales by 10%-50% (temperature) and 0%-10% (precipitation). Both SM- and SST-induced changes are strongest for hot temperatures (up to 50%) and for extreme precipitation (up to 20%). These results are qualitatively similar for the present day and the end of the twenty-first century. Removed SM variability affects surface climate through corresponding variations in surface energy fluxes, and this is controlled to first order by the land-atmosphere coupling strength and the natural SM variability. SST-related changes are partly controlled by the relation of local temperature or precipitation with the El Niño-Southern Oscillation. In addition, in specific regions SST-induced SM changes alter the ""direct"" SST-induced climate changes; on the other hand, SM variability is found to slightly affect SSTs in some regions. Nevertheless a large level of independence is found between SM-climate and SST-climate coupling. This highlights the fact that SM conditions can influence land climate variables independently of any SST effects and that (initial) soil moisture anomalies can provide valuable information in (sub)seasonal weather forecasts.",2017,Journal of Climate,Orth R.; Seneviratne S.I.,Institut für Atmosphäre und Klima,CH,66,False,,08948755,Atmosphere-land interaction;Atmosphere-ocean interaction;Climate models;Feedback;Sea surface temperature;Summer/warm season,Irrigation_Decision
2-s2.0-85014012067,scopus,10.1175/JCLI-D-15-0842.1,Influence of the ocean and greenhouse gases on severe drought likelihood in the central united states in 2012,"The impacts of sea surface temperature (SST) anomalies and anthropogenic greenhouse gases on the likelihood of extreme drought occurring in the central United States in the year 2012 were investigated using large-ensemble simulations from a global atmospheric climate model. Two sets of experiments were conducted. In the first, the simulated hydroclimate of 2012 was compared to a baseline period (1986-2014) to investigate the impact of SSTs. In the second, the hydroclimate in a world with 2012-level anthropogenic forcing was compared to five ''counterfactual'' versions of a 2012 world under preindustrial forcing. SST anomalies in 2012 increased the simulated likelihood of an extreme summer precipitation deficit (e.g., the deficit with a 2%exceedance probability) by a factor of 5. The likelihood of an extreme summer soil moisture deficit increased by a similar amount, due in great part to a large spring soil moisture deficit carrying over into summer. An anthropogenic impact on precipitation was detectable in the simulations, doubling the likelihood of what would have been a rainfall deficit with a 2%exceedance probability under preindustrial-level forcings. Despite this reduction in rainfall, summer soil moisture during extreme drought was essentially unaffected by anthropogenic forcing because of 1) evapotranspiration declining roughly one-to-one with a decrease in precipitation due to severe water supply constraint and despite higher evaporative demand and 2) a decrease in stomatal conductance, and therefore a decrease in potential transpiration, with higher atmospheric CO<inf>2</inf> concentrations.",2017,Journal of Climate,Rupp D.E.; Li S.; Mote P.W.; Massey N.; Sparrow S.N.; Wallom D.C.H.,Oregon State University; Oxford Social Sciences Division; University of Oxford,GB;US,151,False,,08948755,,Irrigation_Decision
2-s2.0-84995481237,scopus,10.1109/LGRS.2016.2621353,Variability of the Seychelles-Chagos Thermocline Ridge Dynamics in Connection with ENSO and Indian Ocean Dipole,"Remote processes, such as El Niño-Southern Oscillation (ENSO) and Indian Ocean Dipole (IOD), are primary drivers of the Seychelles-Chagos thermocline ridge (SCTR) interannual variability with respect to ocean temperature and salinity. Although salinity variability in this region is understudied, previous studies have separated out effects of El Niño and IOD on sea surface temperature (SST) anomalies and concluded SST changes due to IOD are primarily associated with the southward advection of warmer equatorial water. Likewise, SST changes due to El Niño are associated with the suppression of clouds over the Indian Ocean. Although ENSO is known to have a stronger impact on SST south of the SCTR (10°S-15°S), this letter finds that the ENSO has a stronger impact on sea surface salinity (SSS) in the SCTR. This letter further explores how the surface and subsurface salinity and temperature in SCTR varies throughout the year in response to ENSO and IOD separate and coevents using long-term Simple Ocean Data Assimilation (SODA) reanalysis records. Our SSS results from the SODA reanalysis are compared and found to be consistent with soil moisture active passive derived SSS observations for both a positive and negative IOD year.",2016,IEEE Geoscience and Remote Sensing Letters,Burns J.; Subrahmanyam B.,University of South Carolina,US,11,False,,1545598X,ENSO;Indian Ocean Dipole (IOD);Seychelles-Chagos thermocline ridge (SCTR);SODA reanalysis;soil moisture active passive (SMAP),Irrigation_Decision
2-s2.0-84957639278,scopus,10.1002/joc.4643,Global dynamical forecasting system conditioned to robust initial and boundary forcings: seasonal context,"We propose how seasonal climate prediction with the use of an atmospheric general circulation model (AGCM) can be optimized. The AGCM predictive skill is extensively examined under various forecast strategies that mimic truly operational prediction. It is shown that the AGCM predictive skill is found to produce superior results given a suitable sea-surface temperatures (SSTs) as forcing and is subject to an initialization strategy that uses realistic atmosphere and soil moisture states. Evaluation of hindcasts performed with the model further revealed that the AGCM is able to forecast anomalous upper air atmospheric dynamics (circulation) over the tropics up to several months ahead. The AGCM probabilistic forecasts for rainfall and surface air temperatures during the austral summer season are also found to be informative and useful. The contribution of the predicted SST, which is based on a multi-model approach, is shown to be of significant importance for best AGCM results. The AGCM may also benefit from the initial condition interface in the AGCM's configuration which is implicitly considered in the analysis. Notwithstanding, the AGCM's predictive skill does not vary much whether the AGCM is initialized with realistic or climatological soil moisture which is presumably suggestive of the AGCM's internal weakness.",2016,International Journal of Climatology,Beraki A.; Landman W.; DeWitt D.; Olivier C.,National Oceanic and Atmospheric Administration; South African Weather Service; The Council for Scientific and Industrial Research; University of Pretoria,US;ZA,3,False,,08998418,model evaluation;model initialization;model sensitivity;multi-model SST;seasonal forecasting,Irrigation_Decision
2-s2.0-84999635784,scopus,10.1002/2016JD024932,Prediction and predictability of land and atmosphere initialized CCSM4 climate forecasts over North America,"Subseasonal-to-seasonal prediction is influenced by slowly varying surface fields such as sea surface temperature (SST) and soil moisture. Fully coupled hindcasts were recently completed in the Community Climate System Model version 4.0 (CCSM4) as part of the North American Multi-Model Ensemble project. Using similar land and atmosphere initialization strategies, but with prescribed climatological SSTs, we attempt to determine the isolated impact of combined observed atmosphere and land initialization and of observed atmosphere initialization on monthly precipitation and 2m temperature prediction-estimated skill (i.e., skill assessed without SST variability) and predictability on monthly time scales. CCSM4 has been cited as having low land-atmosphere coupling, and while combined land and atmosphere initialization significantly increases the estimated skill of precipitation and temperature in the first month after initialization (lead 0), land initialization influence is weak, consistent with low land-atmosphere coupling in CCSM4. In contrast, atmosphere initialization is a stronger contributor to prediction skill and predictability. We find stronger influence of land and atmosphere initialization on precipitation in CCSM4 versus results from CCSM3. Predictability results show that there is potential skill to be gained for both precipitation and temperature should model errors, atmosphere or land initial state errors, and/or land-atmosphere coupling improve.",2016,Journal of Geophysical Research,Infanti J.M.; Kirtman B.P.,Rosenstiel School of Marine and Atmospheric Science,US,46,False,,01480227,,Irrigation_Decision
2-s2.0-84996602340,scopus,10.5194/tc-10-2745-2016,Benefits of assimilating thin sea ice thickness from SMOS into the TOPAZ system,"An observation product for thin sea ice thickness (SMOS-Ice) is derived from the brightness temperature data of the European Space Agency's (ESA) Soil Moisture and Ocean Salinity (SMOS) mission. This product is available in near-real time, at daily frequency, during the cold season. In this study, we investigate the benefit of assimilating SMOS-Ice into the TOPAZ coupled ocean and sea ice forecasting system, which is the Arctic component of the Copernicus marine environment monitoring services. The TOPAZ system assimilates sea surface temperature (SST), altimetry data, temperature and salinity profiles, ice concentration, and ice drift with the ensemble Kalman filter (EnKF). The conditions for assimilation of sea ice thickness thinner than 0.4 m are favorable, as observations are reliable below this threshold and their probability distribution is comparable to that of the model. Two parallel Observing System Experiments (OSE) have been performed in March and November 2014, in which the thicknesses from SMOS-Ice (thinner than 0.4 m) are assimilated in addition to the standard observational data sets. It is found that the root mean square difference (RMSD) of thin sea ice thickness is reduced by 11 % in March and 22 % in November compared to the daily thin ice thicknesses of SMOS-Ice, which suggests that SMOS-Ice has a larger impact during the beginning of the cold season. Validation against independent observations of ice thickness from buoys and ice draft from moorings indicates that there are no degradations in the pack ice but there are some improvements near the ice edge close to where the SMOS-Ice has been assimilated. Assimilation of SMOS-Ice yields a slight improvement for ice concentration and degrades neither SST nor sea level anomaly. Analysis of the degrees of freedom for signal (DFS) indicates that the SMOS-Ice has a comparatively small impact but it has a significant contribution in constraining the system (&gt; 20 % of the impact of all ice and ocean observations) near the ice edge. The areas of largest impact are the Kara Sea, Canadian Archipelago, Baffin Bay, Beaufort Sea and Greenland Sea. This study suggests that the SMOS-Ice is a good complementary data set that can be safely included in the TOPAZ system.",2016,Cryosphere,Xie J.; Counillon F.; Bertino L.; Tian-Kunze X.; Kaleschke L.,Nansen Environmental and Remote Sensing Center; Universität Hamburg,DE;NO,44,True,gold,19940416,,Irrigation_Decision
2-s2.0-84979255858,scopus,10.1016/j.quascirev.2016.06.018,"The Mexican Drought Atlas: Tree-ring reconstructions of the soil moisture balance during the late pre-Hispanic, colonial, and modern eras","Mexico has suffered a long history and prehistory of severe sustained drought. Drought over Mexico is modulated by ocean-atmospheric variability in the Atlantic and Pacific, raising the possibility for long-range seasonal climate forecasting, which could help mediate the economic and social impacts of future dry spells. The instrumental record of Mexican climate is very limited before 1920, but tree-ring chronologies developed from old-growth forests in Mexico can provide an excellent proxy representation of the spatial pattern and intensity of past moisture regimes useful for the analysis of climate dynamics and climate impacts. The Mexican Drought Atlas (MXDA) has been developed from an extensive network of 252 climate sensitive tree-ring chronologies in and near Mexico. The MXDA reconstructions extend from 1400 CE–2012 and were calibrated with the instrumental summer (JJA) self-calibrating Palmer Drought Severity Index (scPDSI) on a 0.5° latitude/longitude grid extending over land areas from 14 to 34°N and 75–120°W using Ensemble Point-by-Point Regression (EPPR) for the 1944–1984 period. The grid point reconstructions were validated for the period 1920–1943 against instrumental gridded scPDSI values based on the fewer weather station observations available during that interval. The MXDA provides a new spatial perspective on the historical impacts of moisture extremes over Mexico during the past 600-years, including the Aztec Drought of One Rabbit in 1454, the drought of El Año de Hambre in 1785–1786, and the drought that preceded the Mexican Revolution of 1909–1910. The El Niño/Southern Oscillation (ENSO) is the most important ocean-atmospheric forcing of moisture variability detected with the MXDA. In fact, the reconstructions suggest that the strongest central equatorial Pacific sea surface temperature (SST) teleconnection to the soil moisture balance over North America may reside in northern Mexico. This ENSO signal has stronger and more time-stable correlations than computed for either the Atlantic Multidecadal Oscillation or Pacific Decadal Oscillation. The extended Multivariate ENSO Index is most highly correlated with reconstructed scPDSI over northern Mexico, where warm events favor moist conditions during the winter, spring, and early summer. This ENSO teleconnection to northern Mexico has been strong over the past 150 years, but it has been comparatively weak and non-stationary in the MXDA over central and southern Mexico where eastern tropical Pacific and Caribbean/tropical Atlantic SSTs seem to be more important. The ENSO teleconnection to northern Mexico is weaker in the available instrumental PDSI, but analyses based on the millennium climate simulations with the Community Earth System Model suggest that the moisture balance during the winter, spring, and early summer over northern Mexico may indeed be particularly sensitive to ENSO forcing. Nationwide drought is predicted to become more common with anthropogenic climate change, but the MXDA reconstructions indicate that intense “All Mexico” droughts have been rare over the past 600 years and their frequency does not appear to have increased substantially in recent decades.",2016,Quaternary Science Reviews,Stahle D.W.; Cook E.R.; Burnette D.J.; Villanueva J.; Cerano J.; Burns J.N.; Griffin D.; Cook B.I.; Acuña R.; Torbenson M.C.A.; Szejner P.; Howard I.M.,College of Arts & Sciences; INIFAP: Centro Nacional de Investigacion Disciplinaria Relacion Agua-Suelo-Planta-Atmosfera; Lamont-Doherty Earth Observatory; NASA Goddard Institute for Space Studies; Nature Conservancy; The University of Arizona; Universidad Nacional Autónoma de México; University of Arkansas; University of Minnesota Twin Cities,MX;US,200,False,,02773791,Climate reconstruction;Drought;El Nino;La Nina;Mexico;Palmer drought severity index;Pluvial;Social impacts;Tree-ring chronologies,Irrigation_Decision
2-s2.0-84988735470,scopus,10.5194/gmd-9-3347-2016,PLASIM-GENIE v1.0: A new intermediate complexity AOGCM,"We describe the development, tuning and climate of Planet Simulator (PLASIM)-Grid-ENabled Integrated Earth system model (GENIE), a new intermediate complexity Atmosphere-Ocean General Circulation Model (AOGCM), built by coupling the Planet Simulator to the ocean, sea-ice and land-surface components of the GENIE Earth system model. PLASIM-GENIE supersedes GENIE-2, a coupling of GENIE to the Reading Intermediate General Circulation Model (IGCM). The primitive-equation atmosphere includes chaotic, three-dimensional (3-D) motion and interactive radiation and clouds, and dominates the computational load compared to the relatively simpler frictionalgeostrophic ocean, which neglects momentum advection. The model is most appropriate for long-timescale or large ensemble studies where numerical efficiency is prioritised, but lack of data necessitates an internally consistent, coupled calculation of both oceanic and atmospheric fields. A 1000-year simulation with PLASIM-GENIE requires approximately 2 weeks on a single node of a 2.1 GHz AMD 6172 CPU. We demonstrate the tractability of PLASIM-GENIE ensembles by deriving a subjective tuning of the model with a 50-member ensemble of 1000-year simulations. The simulated climate is presented considering (i) global fields of seasonal surface air temperature, precipitation, wind, solar and thermal radiation, with comparisons to reanalysis data; (ii) vegetation carbon, soil moisture and aridity index; and (iii) sea surface temperature, salinity and ocean circulation. Considering its resolution, PLASIM-GENIE reproduces the main features of the climate system well and demonstrates usefulness for a wide range of applications.",2016,Geoscientific Model Development,Holden P.; Edwards N.; Fraedrich K.; Kirk E.; Lunkeit F.; Zhu X.,Max Planck Institute for Meteorology; The Open University; Universität Hamburg,DE;GB,38,True,gold,1991959X,,Irrigation_Decision
2-s2.0-84977856316,scopus,10.1016/j.rse.2016.02.035,Reduced ascending/descending pass bias in SMOS salinity data demonstrated by observing westward-propagating features in the South Indian Ocean,"The European Space Agency (ESA) Soil Moisture and Ocean Salinity (SMOS) satellite has been providing data, including sea surface salinity (SSS) measurements, for more than five years. However, the operational ESA Level 2 SSS data are known to have significant spatially and temporally varying biases between measurements from ascending passes (SSS<inf>A</inf>) and measurements from descending passes (SSS<inf>D</inf>).This paper demonstrates how these biases are reduced through the use of SSS anomalies. Climatology products are constructed using SMOS Level 2 data to provide daily, one-degree by one-degree climatologies separately for ascending and descending passes using a moving window approach (in time and space). The daily, one-degree products can then be averaged to provide values of climatological SSS at different spatial and/or temporal resolutions.The averaged values of the SMOS climatology products are in good general agreement with data from the World Ocean Atlas 2013. However, there are significant differences at high latitudes, as well as in coastal and dynamic regions, as found by previous studies. Both the mean and standard deviation of the differences between data from ascending passes and data from descending passes for the anomalies are reduced compared with those obtained using the original salinity values.Geophysical signals are clearly visible in the anomaly products and an example is shown in the Southern Indian Ocean of westward-propagating signals that we conclude represent the surface expression of Rossby waves or large-scale non-linear eddies. The signals seen in salinity data agree (in speed) with those from sea surface temperature and sea surface height and are consistent with previous studies.",2016,Remote Sensing of Environment,Banks C.; Srokosz M.; Cipollini P.; Snaith H.; Blundell J.; Gommenginger C.; Tzortzi E.,National Oceanography Centre Southampton; University of Southampton,GB,10,True,gold,00344257,Indian Ocean;Ocean salinity;Planetary wave;Rossby wave;Salinity anomaly;Sea surface salinity;SMOS;Soil moisture and ocean salinity satellite,Irrigation_Decision
2-s2.0-84969529205,scopus,10.1016/j.rse.2015.12.052,Multi-dimensional interpolation of SMOS sea surface salinity with surface temperature and in situ salinity data,"Availability of accurate remotely-sensed sea surface salinity (SSS) measurements is crucial to investigating fundamental aspects of the global hydrological cycle, ocean dynamics and marine biogeochemistry. The European Space Agency (ESA) Soil Moisture Ocean Salinity (SMOS) mission has been specifically designed for this aim. However, SMOS data display a high level of noise with respect to the signal they have to detect. Space-time averaging over relatively large sampling periods/areas is thus generally carried out to increase SSS accuracy, and further interpolation is required to fill in data gaps resulting from both mission geometry and other instrumental/physical limitations. Here, a daily, 1/4° nominal resolution, mesoscale-resolving SSS field product is obtained by using a multidimensional optimal interpolation (OI) algorithm combining SMOS salinity retrievals and satellite sea surface temperature data with in situ salinity measurements. The methodology has been developed in the framework of the ESA OSMOSIS (Ocean ecoSystem Modelling based on Observations from Satellite and In-Situ data) project and it is applied here to a wide zonal portion of the Southern Hemisphere (10°S-65°S). The interpolated SSS has been validated by looking at the differences with respect to fully independent in situ observations and by performing a wavenumber spectrum analysis. Despite minor progress being obtained in terms of root mean square of the differences with respect to in situ observations, a significant improvement in terms of effective spatial resolution is obtained with the new technique with respect to presently available SSS observation-based analyses.",2016,Remote Sensing of Environment,Buongiorno Nardelli B.; Droghei R.; Santoleri R.,'Istituto per l'Ambiente Marino Costiero del Consiglio Nazionale delle Ricerche (IAMC-CNR); Consiglio Nazionale delle Ricerche,IT,63,False,,00344257,,Irrigation_Decision
2-s2.0-84965151319,scopus,10.5194/bg-13-2339-2016,Interannual variability of the atmospheric CO2 growth rate: Roles of precipitation and temperature,"The interannual variability (IAV) in atmospheric CO<inf>2</inf> growth rate (CGR) is closely connected with the El Niño-Southern Oscillation. However, sensitivities of CGR to temperature and precipitation remain largely uncertain. This paper analyzed the relationship between Mauna Loa CGR and tropical land climatic elements. We find that Mauna Loa CGR lags precipitation by 4 months with a correlation coefficient of-0.63, leads temperature by 1 month (0.77), and correlates with soil moisture (-0.65) with zero lag. Additionally, precipitation and temperature are highly correlated (-0.66), with precipitation leading by 4-5 months. Regression analysis shows that sensitivities of Mauna Loa CGR to temperature and precipitation are 2.92±0.20 PgC yr<sup>-1</sup> K<sup>-1</sup> and-0.46±0.07 PgC yr-1 100mm-1, respectively. Unlike some recent suggestions, these empirical relationships favor neither temperature nor precipitation as the dominant factor of CGR IAV. We further analyzed seven terrestrial carbon cycle models, from the TRENDY project, to study the processes underlying CGR IAV. All models capture well the IAV of tropical land-atmosphere carbon flux (CFTA). Sensitivities of the ensemble mean CFTA to temperature and precipitation are 3.18±0.11 PgC yr<sup>-1</sup> K<sup>-1</sup> and-0.67±0.04 PgC yr<sup>-1</sup> 100mm<sup>-1</sup>, close to Mauna Loa CGR. Importantly, the models consistently show the variability in net primary productivity (NPP) dominates CGR, rather than heterotrophic respiration. Because previous studies have proved that NPP is largely driven by precipitation in tropics, it suggests a key role of precipitation in CGR IAV despite the higher CGR correlation with temperature. Understanding the relative contribution of CO<sup>2</sup> sensitivity to precipitation and temperature has important implications for future carbon-climate feedback using such ""emergent constraint"".",2016,Biogeosciences,Wang J.; Zeng N.; Wang M.,"College of Computer, Mathematical, & Natural Sciences; Institute of Atmospheric Physics Chinese Academy of Sciences; Nanjing University; Nanjing University of Information Science & Technology",CN;US,70,True,gold,17264170,,Irrigation_Decision
2-s2.0-84959348801,scopus,10.1002/env.2374,A model-based approach for analog spatio-temporal dynamic forecasting,"Analog forecasting has been applied in a variety of fields for predicting future states of complex nonlinear systems that require flexible forecasting methods. Past analog methods have almost exclusively been used in an empirical framework without the structure of a model-based approach. We propose a Bayesian model framework for analog forecasting, building upon previous analog methods but accounting for parameter uncertainty. Thus, unlike traditional analog forecasting methods, the use of Bayesian modeling allows one to rigorously quantify uncertainty to obtain realistic posterior predictive distributions. The model is applied to the long-lead time forecasting of mid-May averaged soil moisture anomalies in Iowa over a high-resolution grid of spatial locations. Sea surface temperature is used to find past time periods with similar trajectories to the current pre-forecast period. The analog model is developed on projection coefficients from a basis expansion of the soil moisture and sea surface temperature fields. Separate models are constructed for locations falling in each Iowa Crop Reporting District, and the forecasting ability of the proposed model is compared against a variety of alternative methods and metrics.",2016,Environmetrics,Mcdermott P.L.; Wikle C.K.,University of Missouri,US,24,False,,11804009,Bayesian;Dynamical system;Embedding vector;Sea surface temperature;Soil moisture,Irrigation_Decision
2-s2.0-85046237772,scopus,10.3178/hrl.10.113,Reduction in the east–west contrast in water budget over the tibetan plateau under a future climate,"As the Tibetan Plateau (TP) is an important Asian water resource, future changes in precipitation over the TP are an essential part of climate change assessments for the TP and surrounding regions. Here we investigate the water budget over the TP with a global 20-km grid atmospheric general circulation model. Future simulations are performed using CMIP5 multi–model ensemble mean sea surface temperature changes at the end of the 21st century under the RCP8.5 scenario. In the present climate, an east–west contrast in the water budget is noted: over the eastern TP, both moisture flux convergence and local evaporation contribute to summertime precipitation with comparable magnitude; on the other hand, over the western TP, contribution from local evaporation dominates. Under the future climate, precipitation increases over the TP. Contribution from increasing evaporation dominates that from increasing moisture flux convergence into the TP. A prominent east–west contrast is also found in future surface water budget changes. Over the western TP, surface temperature increases are higher, an increasing rate of precipitation is greater, soil moisture becomes wetter, and runoff increases more than over the eastern TP. This suggests that the east–west contrast in surface climate over the TP could become smaller in the future.",2016,Hydrological Research Letters,Kitoh A.; Arakawa O.,University of Tsukuba,JP,11,True,gold,18823416,Climate change;East–west contrast;GCM;Tibetan Plateau;Water budget,Irrigation_Decision
2-s2.0-85010952164,scopus,10.3402/tellusa.v68.32209,Towards a probabilistic regional reanalysis system for Europe: Evaluation of precipitation from experiments,"A new development in the field of reanalyses is the incorporation of uncertainty estimation capabilities. We have developed a probabilistic regional reanalysis system for the CORDEX-EUR11 domain that is based on the numerical weather prediction model COSMO at a 12-km grid spacing. The lateral boundary conditions of all ensemble members are provided by the global reanalysis ERA-Interim. In the basic implementation of the system, uncertainties due to observation errors are estimated. Atmospheric assimilation of conventional observations perturbed by means of random samples of observation error yields estimates of the reanalysis uncertainty conditioned to observation errors. The data assimilation employed is a new scheme based on observation nudging that we denote ensemble nudging. The lower boundary of the atmosphere is regularly updated by external snow depth, sea surface temperature and soil moisture analyses. One of the most important purposes of reanalyses is the estimation of so-called essential climate variables. For regional reanalyses, precipitation has been identified as one of the essential climate variables that are potentially better represented than in other climate data sets. For that reason, we assess the representation of precipitation in our system in a pilot study. Based on two experiments, each of which extends over one month, we conduct a preliminary comparison to the global reanalysis ERAInterim, a dynamical downscaling of the latter and the high-resolution regional reanalysis COSMO-REA6. In a next step, we assess our reanalysis system's probabilistic capabilities versus the ECMWF-EPS in terms of sixhourly precipitation sums. The added value of our probabilistic regional reanalysis system motivates the current production of a 5-year-long test reanalysis COSMO-EN-REA12 in the framework of the FP7-funded project Uncertainties in Ensembles of Regional Re-Analyses (UERRA).",2016,Tellus Series A Dynamic Meteorology and Oceanography,Bach L.; Schraff C.; Keller J.; Hense A.,Deutscher Wetterdienst; Hans Ertel Centre for Weather Research; Universität Bonn,DE,21,True,gold,02806495,Climate dynamics;CORDEX;Ensemble data assimilation;Essential climate variables;Precipitation;Uncertainty estimation,Irrigation_Decision
2-s2.0-84959496097,scopus,10.1002/2015MS000490,An improved hindcast approach for evaluation and diagnosis of physical processes in global climate models,"We present an improved procedure of generating initial conditions (ICs) for climate model hindcast experiments with specified sea surface temperature and sea ice. The motivation is to minimize errors in the ICs and lead to a better evaluation of atmospheric parameterization's performance in the hindcast mode. We apply state variables (horizontal velocities, temperature, and specific humidity) from the operational analysis/reanalysis for the atmospheric initial states. Without a data assimilation system, we apply a two-step process to obtain other necessary variables to initialize both the atmospheric (e.g., aerosols and clouds) and land models (e.g., soil moisture). First, we nudge only the model horizontal velocities toward operational analysis/reanalysis values, given a 6 h relaxation time scale, to obtain all necessary variables. Compared to the original strategy in which horizontal velocities, temperature, and specific humidity are nudged, the revised approach produces a better representation of initial aerosols and cloud fields which are more consistent and closer to observations and model's preferred climatology. Second, we obtain land ICs from an off-line land model simulation forced with observed precipitation, winds, and surface fluxes. This approach produces more realistic soil moisture in the land ICs. With this refined procedure, the simulated precipitation, clouds, radiation, and surface air temperature over land are improved in the Day 2 mean hindcasts. Following this procedure, we propose a ""Core"" integration suite which provides an easily repeatable test allowing model developers to rapidly assess the impacts of various parameterization changes on the fidelity of modeled cloud-associated processes relative to observations.",2015,Journal of Advances in Modeling Earth Systems,Ma H.Y.; Chuang C.C.; Klein S.A.; Lo M.H.; Zhang Y.; Xie S.; Zheng X.; Ma P.L.; Zhang Y.; Phillips T.J.,Lawrence Livermore National Laboratory; National Taiwan University; Pacific Northwest National Laboratory,TW;US,58,True,gold,19422466,GCM;hindcast;initial conditions;model evaluation;transpose-AMIP,Irrigation_Decision
2-s2.0-84957947231,scopus,10.1002/joc.4274,An estimation of the land-atmosphere coupling strength in South America using the Global Land Data Assimilation System,"The aim of this study is to identify regions of strong land surface -atmosphere coupling for the austral summer over South America. To accomplish this, a statistical methodology is applied to estimate the interactions of soil moisture with evapotranspiration and precipitation derived from the Global Land Data Assimilation System (GLDAS) dataset. Possible impacts of El Niño Southern Oscillation (ENSO) on the coupling strength are also examined. Particular emphasis is set over two sub-regions of interest: Southeastern South America (SESA) and the continental part of the South Atlantic Convergence Zone (SACZ). Positive and significant soil moisture-precipitation feedbacks are found over parts of SACZ and in the southern part of South America. Instead, significant negative feedback is found over SESA. The influence of ENSO over the soil moisture-precipitation coupling strength signal is evident over tropical regions. Plausible physical mechanisms involved in the land surface-atmosphere interactions, the influence of ENSO and that of precipitation persistence over extratropical regions on the results, are discussed. The implications of this analysis on monthly to seasonal forecast are also examined. Despite that this methodology cannot be used to establish a precise causal-effect relationship, this study gives a valuable first order approximation of land surface-atmosphere interactions over South America that complements pre-existing work.",2015,International Journal of Climatology,Spennemann P.C.; Saulo A.C.,Centro de Investigaciones del Mar y la Atmósfera; Universidad de Buenos Aires,AR,31,True,gold,08998418,GLDAS;Land surface-atmosphere interactions;Precipitation;Soil moisture;South America,Irrigation_Decision
2-s2.0-84944046036,scopus,10.1088/1748-9326/10/8/085004,Projections of rapidly rising surface temperatures over Africa under low mitigation,"An analysis of observed trends in African annual-average near-surface temperatures over the last five decades reveals drastic increases, particularly over parts of the subtropics and central tropical Africa. Over these regions, temperatures have been rising at more than twice the global rate of temperature increase. An ensemble of high-resolution downscalings, obtained using a single regional climate model forced with the sea-surface temperatures and sea-ice fields of an ensemble of global circulation model (GCM) simulations, is shown to realistically represent the relatively strong temperature increases observed in subtropical southern and northern Africa. The amplitudes of warming are generally underestimated, however. Further warming is projected to occur during the 21st century, with plausible increases of 4-6 °C over the subtropics and 3-5 °C over the tropics by the end of the century relative to present-day climate under the A2 (a low mitigation) scenario of the Special Report on Emission Scenarios. High impact climate events such as heat-wave days and high fire-danger days are consistently projected to increase drastically in their frequency of occurrence. General decreases in soil-moisture availability are projected, even for regions where increases in rainfall are plausible, due to enhanced levels of evaporation. The regional dowscalings presented here, and recent GCM projections obtained for Africa, indicate that African annual-averaged temperatures may plausibly rise at about 1.5 times the global rate of temperature increase in the subtropics, and at a somewhat lower rate in the tropics. These projected increases although drastic, may be conservative given the model underestimations of observed temperature trends. The relatively strong rate of warming over Africa, in combination with the associated increases in extreme temperature events, may be key factors to consider when interpreting the suitability of global mitigation targets in terms of African climate change and climate change adaptation in Africa.",2015,Environmental Research Letters,Engelbrecht F.; Adegoke J.; Bopape M.J.; Naidoo M.; Garland R.; Thatcher M.; McGregor J.; Katzfey J.; Werner M.; Ichoku C.; Gatebe C.,"Commonwealth Scientific and Industrial Research Organisation; Deltares; IHE Delft Institute for Water Education; NASA Goddard Space Flight Center; North-West University; The Council for Scientific and Industrial Research; Universities Space Research Association; University of Missouri-Kansas City; University of the Witwatersrand, Johannesburg",AU;NL;US;ZA,418,True,gold,17489318,actionable messages for adaptation;African temperatures;climate change;drought index;heat-waves;high fire-danger days;regional climate model projections,Irrigation_Decision
2-s2.0-84928581013,scopus,10.1002/joc.4023,Modelling the effect of soil moisture variability on summer precipitation variability over East Asia,"The potential role of surface soil moisture (SSM) in improving the simulation of interannual East Asian summer precipitation is investigated using a coupled land-atmosphere climate model, the Community Atmosphere Model version 3 (CAM3 Forced by specified observational sea surface temperature (SST), two ensemble simulations for 22 boreal-summer seasons (1979-2000) are conducted, one with interannually varying SSM (SSM<inf>inter</inf>) forcing and another with climatological SSM (SSM<inf>clim</inf>) forcing. Results show that, relative to the SSM<inf>clim</inf> run, interannual variability of East Asian summer precipitation is better simulated in the SSM<inf>inter</inf> run over the mid- and high-latitudes of East Asia, especially in northwest China, where the correlation coefficient between precipitation simulated and observed from the Climate Prediction Center Merged Analysis of Precipitation (CMAP) is increased from 0.12 to 0.56 during 1979-2000. Meanwhile, positive relationships between anomalies of local soil evaporation and summer precipitation in northwest China can be better reproduced in the SSM<inf>inter</inf> run than in the SSM<inf>clim</inf> run. Possible mechanisms for the improved simulations of the interannual summer precipitation variability in northwest China are analysed; the improvement is resulted from the reasonable reproduction of anomalous atmospheric circulation in Siberia and Iranian plateau.",2015,International Journal of Climatology,Li Z.; Zhou T.; Chen H.; Ni D.; Zhang R.H.,Institute of Atmospheric Physics Chinese Academy of Sciences; Institute of Oceanology Chinese Academy of Sciences; Nanjing University of Information Science & Technology,CN,23,True,gold,08998418,Interannual variability;Numerical simulation;Soil moisture;Summer precipitation,Irrigation_Decision
2-s2.0-85018214580,scopus,10.1002/2014JD021682,Estimating the sensitivity of regional dust sources to sea surface temperature patterns,"Exploring the impact of sea surface temperature (SST) anomaly patterns on local climate in major dust source regions helps clarify our understanding of variability in the global dust cycle. In contrast to previous work, this research focuses explicitly on the influence of SST anomalies on dust emissions and attempts to explain the mechanisms by which SST anomalies affect seasonal dust emissions. This study investigates the seasonal sensitivity of mineral aerosol emissions to SST anomaly patterns from the Bodele Depression, West Africa, Sahel, Kalahari Desert, Arabian Desert, and Lake Eyre basin. The global teleconnection operator, which relates regional climate responses to SST anomaly patterns, is estimated for relevant variables in an ensemble of the National Center for Atmospheric Research Community Atmosphere Model version 5 forced by randomly perturbed climatological SST fields. Variability in dust emissions from major dust sources is linked to tropical SST anomalies, particularly in the Indian and western Pacific Oceans. Teleconnections excited by remote SST anomalies typically impact dust emissions via changes in near-surface wind speeds and friction velocity. However, SST-driven impacts on the threshold friction velocity can be of the same order of magnitude as changes in the friction velocity, suggesting the impact of SST anomalies on precipitation and soil moisture is also significant. Identifying SST anomaly patterns as a component of internal variability in regional dust emissions helps characterize human influences on the dust cycle as well as improve predictions of climate, nutrient cycles, and human environments.",2014,Journal of Geophysical Research,Hoffman A.L.; Forest C.E.; Li W.,Pennsylvania State University,US,8,True,gold,01480227,,Irrigation_Decision
2-s2.0-84957727986,scopus,10.1007/s10584-014-1140-1,Climate change impact on precipitation for the Amazon and La Plata basins,"We analyze the local and remote impacts of climate change on the hydroclimate of the Amazon and La Plata basins of South America (SA) in an ensemble of four 21st century projections (1970–2100, RCP8.5 scenario) with the regional climate model RegCM4 driven by the HadGEM, GFDL and MPI global climate models (GCMs) over the SA CORDEX domain. Two RegCM4 configurations are used, one employing the CLM land surface and the Emanuel convective schemes, and one using the BATS land surface and Grell (over land) convection schemes. First, we find considerable sensitivity of the precipitation change signal to both the driving GCM and the RegCM4 physics schemes (with the latter even greater than the first), highlighting the pronounced uncertainty of regional projections over the region. However, some improvements in the simulation of the annual cycle of precipitation over the Amazon and La Plata basins is found when using RegCM4, and some consistent change signals across the experiments are found. One is a tendency towards an extension of the dry season over central SA deriving from a late onset and an early retreat of the SA monsoon. The second is a dipolar response consisting of reduced precipitation over the broad Amazon and Central Brazil region and increased precipitation over the La Plata basin and central Argentina. An analysis of the relative influence on the change signal of local soil-moisture feedbacks and remote effects of Sea Surface Temperature (SST) over the Niño 3.4 region indicates that the former is prevalent over the Amazon basin while the latter dominates over the La Plata Basin. Also, the soil moisture feedback has a larger role in RegCM4 than in the GCMs.",2014,Climatic Change,Llopart M.; Coppola E.; Giorgi F.; da Rocha R.P.; Cuadra S.V.,Abdus Salam International Centre for Theoretical Physics; Empresa Brasileira de Pesquisa Agropecuária - Embrapa; Universidade de São Paulo,BR;IT,81,False,,01650009,,Irrigation_Decision
2-s2.0-84925186947,scopus,,Improving statistical stream flow predictions using a water balance model for operational seasonal forecasts,"In response to the need for a seasonal water availability prediction service to provide valuable information tor water allocation decisions, water markets, reservoir operation, environmental flow management and drought response strategies, the Bureau of Meteorology initiated a Seasonal Stream flow Forecasting (SSF) service In December 2010. This service delivers probabilistic forecasts of stream flow volume for the next three months at monitoring stations or total inflows into major water supply storages (http://www.bum.gov.au/wator/ssf). The forecasts inform a range of water managers and users in their planning and management decisions, and to ensure security of water supply, including the setting of supply restrictions. The sei-vice currently uses a statistical prediction system based on a Bayesian joint probability model (BJP version 1) to provide reliable seasonal stream flow forecasts at 70 iocations. The model uses relationships between forecast stream flows and initial catchment conditions (antecedent monthly streamflow and rainfall). El Nino-Southern Oscillation (ENSO) indices and other climate indicators. The prediction system includes a verification system rhat measures skill and reliability of the forecasts. A dynamical monthly water partition and balance model (WAP ABA) has been developed and integrated into the statistical forecasting system to improve its forecast performance. The dynamical model simplifies the predictor selection process, produces consistent predictors, moderates the errors of the worst forecasts by using only the best climate index in the current model, and most importantly, takes into account the important influence of catchment soil moisture storage when forecasting streamflow. This improved BJP model (version 2) is now being integrated as purl of the Bureau's water availability forecasting system (WAFAPi). This paper presents the major features of the improved modelling approach and its application to the SSF operational service.",2014,Hydrology and Water Resources Symposium 2014 Hwrs 2014 Conference Proceedings,Le B.; Tuteja N.; MacDonald A.; Feikema P.; Zhou S.; Shin D.; Kent D.; Wilson T.,Bureau of Meteorology Australia; Bureau of Moteorology,AU,0,False,,,,Irrigation_Decision
2-s2.0-84925039319,scopus,,Forecast guided stochastic scenarios of monthly stream flows out to 12 months,"The availability of long range streamflow forecasts is highly valuable for water resources management. The Australian Bureau of Meteorology currently provides monthly updates of probabilistic forecasts of total streamflow volumes for the following three months at over 70 sites across Australia. In a recent survey conducted by the Bureau, key water agencies were very positive about the current seasonal streamflow forecasting service. However, many agencies have expressed strong interest in having the forecasts extended to longer lead times and having the three month total volumes broken down into monthly volumes. Beyond skilful forecast lead times, the water agencies are also very interested in stochastic scenarios out to even longer lead times, which can be used in conjunction with the skilful forecasts as inputs to water allocation models for forward planning and operations. In this paper, we report our development of a method for generating forecast guided stochastic scenarios. The method first generates rainfall forecasts statistically using seasonal climate model predictions of rainfall and sea surface temperature as predictors. The rainfall forecasts are then used as inputs to a monthly water balance model, followed by error updating and uncertainty quantification, to produce ensemble forecasts of monthly streamflow time series. The method extends the current forecast horizon of three months to when skilful forecasts can be obtained and transit the forecasts to stochastic scenarios as skill diminishes at longer lead times. We present some test results on three alpine catchments in south eastern Australia.",2014,Hydrology and Water Resources Symposium 2014 Hwrs 2014 Conference Proceedings,Wang Q.J.; Bennett J.C.; Song Y.; Pokhrel P.; Robertson D.E.; Li M.; Schepen A.,Bureau of Meteorology Australia; Commonwealth Scientific and Industrial Research Organisation,AU,3,False,,,,Irrigation_Decision
2-s2.0-84907050448,scopus,10.1175/JCLI-D-14-00217.1,Variability of summer rainfall in Northeast China and its connection with spring rainfall variability in the Huang-Huai region and Indian Ocean SST,"In this work, the variability of summer [June-August (JJA)] rainfall in northeast China is examined and its predictors are identified based on observational analyses and atmospheric modeling experiments. At interannual time scales, the summer rainfall anomaly in northeast China is significantly correlated with the rainfall anomaly over the Huang-Huai region (328-388N, 1058-1208E) in late spring (April-May). Compared with climatology, an earlier (later) rainy season in the Huang-Huai region favors a wet (dry) summer in northeast China. Also, this connection has strengthened since the late 1970s. In addition to the impact of the sea surface temperature anomaly (SSTA) in the tropical Indian Ocean, the local soil moisture anomalies caused by the rainfall anomaly in the Huang-Huai region in late spring generate summer general circulation anomalies, which contribute to the rainfall anomaly in northeast China. As a result, when compared with the SSTA, the rainfall anomaly in the Huang-Huai region in late spring can be used as another and even better predictor for the summer rainfall anomaly in northeast China. The results from atmospheric general circulation model experiments forced by observed SST confirm the diagnostic results to some extent, including the connection of the rainfall anomaly between the Huang-Huai region in April-May and northeastern China in JJA as well as the influence from SSTA in the tropical Indian Ocean. It is shown that eliminating the internal dynamical processes by using the ensemble mean intensifies the connection, implying that the connection of rainfall variation in the two different seasons/regions may be partially caused by the external forcing (e.g., SSTA in the tropical Indian Ocean).",2014,Journal of Climate,Gao Z.; Hu Z.Z.; Zhu J.; Yang S.; Zhang R.H.; Xiao Z.; Jha B.,"Center for Ocean-Land-Atmosphere Studies; China Meteorological Administration; Innovim, LLC; Institute of Oceanology Chinese Academy of Sciences; Laboratory of Research for Middle-High Latitude Circulation and East Asian Monsoon; National Center for Environmental Prediction; National Oceanic and Atmospheric Administration; Sun Yat-Sen University; University of Maryland, College Park",CN;US,40,False,,08948755,,Irrigation_Decision
2-s2.0-84902262904,scopus,10.1002/qj.2202,New schemes to perturb sea-surface temperature and soil moisture content in MOGREPS,"This article investigates two schemes that perturb sea-surface temperatures (SSTs) and soil moisture content (SMC) in the Met Office Global and Regional Ensemble Prediction System (MOGREPS), to address a known deficiency of a lack of ensemble spread near the surface. Results from a two-month-long trial during the Northern Hemisphere summer show positive benefits from these schemes. These include a decrease in the spread deficit of surface temperature and improved probabilistic verification scores. SST perturbations exhibit a stronger impact than SMC perturbations but, when combined, the increased spread from the two schemes is cumulative. A regional ensemble system driven by the global ensemble members largely reflects the same changes seen in the global ensemble but cycling fields, like SMC, between successive regional forecasts does show some benefit. © 2013 Royal Meteorological Society.",2014,Quarterly Journal of the Royal Meteorological Society,Tennant W.; Beare S.,Met Office,GB,46,False,,00359009,Ensemble prediction systems;Limited-area ensemble prediction systems;MOGREPS;Perturbations;Soil moisture;SST,Irrigation_Decision
2-s2.0-84902097224,scopus,10.1175/JCLI-D-13-00329.1,Atmosphere and ocean origins of North American droughts,"The atmospheric and oceanic causes of North American droughts are examined using observations and ensemble climate simulations. The models indicate that oceanic forcing of annual mean precipitation variability accounts for up to 40% of total variance in northeastern Mexico, the southern Great Plains, and the Gulf Coast states but less than 10% in central and eastern Canada. Observations and models indicate robust tropical Pacific and tropical North Atlantic forcing of annual mean precipitation and soil moisture with the most heavily influenced areas being in southwestern North America and the southern Great Plains. In these regions, individual wet and dry years, droughts, and decadal variations are well reproduced in atmosphere models forced by observed SSTs. Oceanic forcing was important in causing multiyear droughts in the 1950s and at the turn of the twenty-first century, although a similar ocean configuration in the 1970s was not associated with drought owing to an overwhelming influence of internal atmospheric variability. Up to half of the soil moisture deficits during severe droughts in the southeast United States in 2000, Texas in 2011, and the central Great Plains in 2012 were related to SST forcing, although SST forcing was an insignificant factor for northern Great Plains drought in 1988. During the early twenty-first century, natural decadal swings in tropical Pacific and North Atlantic SSTs have contributed to a dry regime for the United States. Long-term changes caused by increasing trace gas concentrations are now contributing to a modest signal of soil moisture depletion, mainly over the U.S. Southwest, thereby prolonging the duration and severity of naturally occurring droughts. © 2014 American Meteorological Society.",2014,Journal of Climate,Seager R.; Hoerling M.,Lamont-Doherty Earth Observatory; National Oceanic and Atmospheric Administration,US,214,False,,08948755,"North America, Atmosphere-ocean interaction, Climate variability, Hydrometeorology",Irrigation_Decision
2-s2.0-84897577365,scopus,10.1007/s00382-014-2088-6,Role of the global oceans and land-atmosphere interaction on summertime interdecadal variability over northern Argentina,"This study uses experiments with an atmospheric general circulation model (AGCM) to address the role of the oceans and the effect of land-atmosphere coupling on the predictability of summertime rainfall over northern Argentina focusing on interdecadal time scales during 1901-2006. Ensembles of experiments where the AGCM is forced with historical sea surface temperature (SST) in the global, Pacific and tropical-North Atlantic domains are used. The role of land-atmosphere interaction is assessed comparing the output of simulations with active and climatological soil moisture. A maximum covariance analysis between precipitation and SST reveals the impact of the Pacific Decadal Oscillation, the Atlantic Multidecadal Oscillation and the equatorial-tropical South Atlantic on rainfall over northern Argentina. Model simulations further show that while the dominant influence comes from the Pacific basin, the Atlantic influence can explain a large transition from dry to wet decades over northern Argentina during the beginning of the 1970s. Analysis of anomalies before and after the transition reveals an upper level anticyclonic circulation off the Patagonian coast with barotropic structure. This circulation enhances the moisture transport and convergence in northern Argentina and, together with enhanced evaporation, increased the rainfall after 1970. The SST pattern is dominated by cold conditions in the equatorial Atlantic and warm eastern Pacific and South Atlantic. We also found that land-atmosphere interaction leads to a representation of the long term rainfall evolution over northern Argentina that is closer to the observed one. Moreover, it leads to a smaller dispersion among ensemble members, thus resulting in a larger signal-to-noise ratio. © 2014 Springer-Verlag Berlin Heidelberg.",2014,Climate Dynamics,Barreiro M.; Díaz N.; Renom M.,Universidad de la Republica Instituto de Fisica,UY,32,False,,09307575,Interdecadal;Land-atmosphere interaction;Northern Argentina;Predictability;Rainfall variability,Irrigation_Decision
2-s2.0-84894230498,scopus,10.1109/IGARSS.2013.6721242,Evaluation of sea surface salinity observed by Aquarius and SMOS,"Sea surface salinity data derived from Aquarius and Soil Moisture and Ocean Salinity (SMOS) missions were compared with observations by Argo floats in the global oceans and outputs from a global ocean data assimilation system to evaluate the quality of the salinity measurements and assess the error structure in the data. Under the condition of sea surface temperature (SST) higher than 5°C and wind speed lower than 15 ms<sup>-1</sup>, salinity observed by Aquarius agreed well with the Argo data with an rms difference of 0.6 psu. If we applied spatial and temporal averages over 1° × 1° and one month, the rms difference was reduced to 0.3 psu. The residual of the salinity observation depended significantly on the SST and wind speed, as expected from the principle of salinity measurement. Also bias caused by inaccurate corrections for the galactic radiation and radio frequency interference were considered to contribute largely to differences with in-situ observations. © 2013 IEEE.",2013,International Geoscience and Remote Sensing Symposium IGARSS,Ebuchi N.; Abe H.,Hokkaido University,JP,4,False,,,air-sea interactions;Aquarius;microwave radiometer;sea surface salinity;water cycle,Irrigation_Decision
2-s2.0-84885677805,scopus,10.1175/JHM-D-13-054.1,Probabilistic seasonal forecasting of African drought by dynamical models,"As a natural phenomenon, drought can have devastating impacts on local populations through food insecurity and famine in the developing world, such as in Africa. In this study, the authors have established a seasonal hydrologic forecasting system for Africa. The system is based on the Climate Forecast System, version 2 (CFSv2), and the Variable Infiltration Capacity (VIC) land surface model. With a set of 26-yr (1982-2007) seasonal hydrologic hindcasts run at 0.258, the probabilistic drought forecasts are validated using the 6-month Standard Precipitation Index (SPI6) and soilmoisture percentile as indices. In terms ofBrier skill score (BSS), the system is more skillful than climatology out to 3-5 months, except for the forecast of soil moisture drought over centralAfrica. The spatial distribution of BSS, which is similar to the pattern of persistency, shows more heterogeneity for soilmoisture than the SPI6. Drought forecasts based on SPI6 are generallymore skillful than for soilmoisture, and their differences originate from the skill attribute of resolution rather than reliability. However, the soilmoisture drought forecast can bemore skillful than SPI6 at the beginning of the rainy season over western and southern Africa because of the strong annual cycle. Singular value decomposition (SVD) analysis of African precipitation and global SSTs indicates that CFSv2 reproduces the ENSO dominance on rainy season drought forecasts quite well, but the corresponding SVD mode fromobservations and CFSv2 only account for less than 24% and 31% of the covariance, respectively, suggesting that further understanding of drought drivers, including regional atmospheric dynamics and land-atmosphere coupling, is necessary. © 2013 American Meteorological Society.",2013,Journal of Hydrometeorology,Yuan X.; Wood E.F.; Chaney N.W.; Sheffield J.; Kam J.; Liang M.; Guan K.,School of Engineering and Applied Science,US,81,False,,1525755X,Atmosphere-ocean interaction;Climate models;Drought;Extreme events;Probability forecasts/models/distribution;Seasonal forecasting,Irrigation_Decision
2-s2.0-84884928015,scopus,10.1175/JCLI-D-12-00603.1,Megadroughts in southwestern North America in ECHO-G millennial simulations and their comparison to proxy drought reconstructions,"Simulated hydroclimate variability in millennium-length forced transient and control simulations from the ECHAM and the global Hamburg Ocean Primitive Equation (ECHO-G) coupled atmosphere-ocean general circulation model (AOGCM) is analyzed and compared to 1000 years of reconstructed Palmer drought severity index (PDSI) variability from the North American Drought Atlas (NADA). The ability of the model to simulate megadroughts in the North American southwest is evaluated. (NASW: 25°-42.57°N, 125°-105°W). Megadroughts in the ECHO-G AOGCM are found to be similar in duration and magnitude to those estimated from the NADA. The droughts in the forced simulation are not, however, temporally synchronous with those in the paleoclimate record, nor are there significant differences between the drought features simulated in the forced and control runs. These results indicate that model-simulated megadroughts can result frominternal variability of the modeled climate systemrather than as a response to changes in exogenous forcings. Although the ECHO-G AOGCM is capable of simulating megadroughts through persistent La Ni~na-like conditions in the tropical Pacific, other mechanisms can produce similarly extreme NASW moisture anomalies in the model. In particular, the lack of low-frequency coherence between NASW soil moisture and simulated modes of climate variability like the El Ni~no-Southern Oscillation, Pacific decadal oscillation, and Atlantic multidecadal oscillation during identified drought periods suggests that stochastic atmospheric variability can contribute significantly to the occurrence of simulated megadroughts in the NASW. These findings indicate that either an expanded paradigm is needed to understand multidecadal hydroclimate variability in the NASW or AOGCMs may incorrectly simulate the strength and/or dynamics of the connection between NASW hydroclimate variability and the tropical Pacific.",2013,Journal of Climate,Coats S.; Smerdon J.E.; Seager R.; Cook B.I.; Lez-Rouco J.F.G.,CSIC-UCM - Instituto de Geociencias (IGEO); Columbia University; Lamont-Doherty Earth Observatory; NASA Goddard Institute for Space Studies,ES;US,60,True,gold,08948755,Climate variability;ENSO;Model evaluation/performance;Multidecadal variability;North America;Paleoclimate,Irrigation_Decision
2-s2.0-84880648151,scopus,10.1175/JCLI-D-12-00683.1,CFSv2-Based seasonal hydroclimatic forecasts over the conterminous United States,"There is a long history of debate on the usefulness of climate model-based seasonal hydroclimatic forecasts as compared to ensemble streamflow prediction (ESP). In this study, the authors use NCEP's operational forecast system, the Climate Forecast System version 2 (CFSv2), and its previous version, CFSv1, to investigate the value of climate models by conducting a set of 27-yr seasonal hydroclimatic hindcasts over the conterminous United States (CONUS). Through Bayesian downscaling, climate models have higher squared correlation R2 and smaller error than ESP for monthly precipitation, and the forecasts conditional on ENSO have further improvements over southern basins out to 4 months. Verification of streamflow forecasts over 1734 U.S. Geological Survey (USGS) gauges shows that CFSv2 has moderately smaller error than ESP, but all three approaches have limited added skill against climatology beyond 1 month because of overforecasting or underdispersion errors. Using a postprocessor, 60%-70% of probabilistic streamflow forecasts are more skillful than climatology. All three approaches have plausible predictions of soil moisture drought frequency over the central United States out to 6 months, and climate models provide better results over the central and eastern United States. The R2 of drought extent is higher for arid basins and for the forecasts initiated during dry seasons, but significant improvements from CFSv2 occur in different seasons for different basins. The R2 of drought severity accumulated over CONUS is higher during winter, and climate models present added value, especially at long leads. This study indicates that climate models can provide better seasonal hydroclimatic forecasts than ESP through appropriate downscaling procedures, but significant improvements are dependent on the variables, seasons, and regions. ©2013 American Meteorological Society.",2013,Journal of Climate,Yuan X.; Wood E.F.; Roundy J.K.; Pan M.,School of Engineering and Applied Science,US,117,False,,08948755,,Irrigation_Decision
2-s2.0-84875823530,scopus,10.1016/j.rse.2013.03.005,Variability of salt flux in the Indian Ocean during 1960-2008,"This paper describes near-surface horizontal salt flux in the Indian Ocean during 1960-2008 using the Simple Ocean Data Assimilation Reanalysis version 2.2.4. The long term mean salt flux shows seasonal reversals that are more pronounced in the northern Indian Ocean than in the southern Indian Ocean. Mean zonal salt flux is of a higher magnitude than the mean meridional salt flux. Wyrtki jets influence zonal salt flux in the equatorial region. Meridional salt flux is northward along the northeast (NE) African coast and western Bay of Bengal (BoB) during the southwest monsoon season. The opposite holds during the NE monsoon season. Empirical orthogonal function analyses of salt flux show that the Indian Ocean Dipole (IOD) primarily controls interannual variability with flux being westward during positive dipole events and eastward during negative dipole events. The co-occurrence of IOD with the El Niño Southern Ocean results in enhanced salt flux especially along the equatorial region. Spatially, the most variable regions are the NE African coast, eastern Arabian Sea, BoB and equatorial regions. This study will help interpret salinity data for the Indian Ocean from the recently launched Soil Moisture Ocean Salinity and Aquarius satellite salinity missions. © 2013 Elsevier Inc.",2013,Remote Sensing of Environment,Nyadjro E.; Subrahmanyam B.; Giese B.,Texas A&M University; University of South Carolina,US,21,False,,00344257,ENSO;Indian Ocean;Indian Ocean Dipole;Monsoons;Salt flux;SMOS and Aquarius salinity missions,Irrigation_Decision
2-s2.0-84879065291,scopus,10.5194/hess-17-721-2013,Role of climate forecasts and initial conditions in developing streamflow and soil moisture forecasts in a rainfall-runoff regime,"Skillful seasonal streamflow forecasts obtained from climate and land surface conditions could significantly improve water and energy management. Since climate forecasts are updated on a monthly basis, we evaluate the potential in developing operational monthly streamflow forecasts on a continuous basis throughout the year. Further, basins in the rainfall-runoff regime critically depend on the forecasted precipitation in the upcoming months as opposed to snowmelt regimes where initial hydrological conditions (IHC) play a critical role. The goal of this study is to quantify the role of updated monthly precipitation forecasts and IHC in forecasting 6-month lead monthly streamflow and soil moisture for a rainfall-runoff mechanism dominated basin-Apalachicola River at Chattahoochee, FL. The Variable Infiltration Capacity (VIC) land surface model is implemented with two forcings: (a) updated monthly precipitation forecasts from ECHAM4.5 Atmospheric General Circulation Model (AGCM) forced with sea surface temperature forecasts and (b) daily climatological ensembles. The difference in skill between the above two quantifies the improvements that could be attainable using the AGCM forecasts. Monthly retrospective streamflow forecasts are developed from 1981 to 2010 and streamflow forecasts estimated from the VIC model are also compared with those predicted by using the principal component regression (PCR) model. The mean square error (MSE) in predicting monthly streamflows, using the VIC model, are compared with the MSE of streamflow climatology under ENSO (El Niño Southern Oscilation) conditions as well as under normal years. Results indicate that VIC forecasts obtained using ECHAM4.5 are significantly better than VIC forecasts obtained using climatological ensembles and PCR models over 2-6 month lead time during winter and spring seasons in capturing streamflow variability and reduced mean square errors. However, at 1-month lead time, streamflow utilizing the climatological forcing scheme outperformed ECHAM4.5 based streamflow forecasts during winter and spring, indicating a dominant role of IHCs up to a 1-month lead time. During ENSO years, streamflow forecasts exhibit better skill even up to a six-month lead time. Comparisons of the seasonal soil moisture forecasts, developed using ECHAM4.5 forcings, with seasonal streamflows also show significant skill, up to a 6-month lead time, in the four seasons. © 2013 Author(s).",2013,Hydrology and Earth System Sciences,Sinha T.; Sankarasubramanian A.,NC State College of Engineering,US,36,True,gold,10275606,,Irrigation_Decision
2-s2.0-84880120910,scopus,10.3969/j.issn.1009-3443.2012.04.160,Impact of soil moisture on simulation of interannual variability of summer climate in northwestern China,"The potential role of surface soil moisture (SSM) in improving the simulation of interannual summer climate in the northwestern China was investigated with a coupled land-atmosphere climate model. Two ensemble simulations for 22 boreal-summer seasons (1979~2000) were conducted by the Community Atmosphere Model version 3(CAM3) with specified observed sea surface temperature (SST). The impact of SSM on the simulation of summer climate in the northwestern China was investigated by the model with interannually varying SSM (ISSM) and climatological SSM (CSSM) respectively. Results show that under the specified observed SST, the interannual variability of summer temperature and precipitation simulated by the CAM3 with ISSM is better than that with CSSM over the northwestern China. The correlation coefficient of temperature between the simulations with CSSM (ISSM) and the ERA40 is 0.60(0.65) over the northwestern China. The correlation coefficients resulting from the comparison of the observed and the simulated summer precipitation over the northwestern China increase from 0.29 in the CSSM to 0.48 in the ISSM. The possible effect mechanisms of SSM on simulating the precipitation anomaly in the northwestern China were explored. Firstly, the interannual variability of the ground evaporation anomaly can be simulated by CAM3 with ISSM better than with CSSM in the western China, resulting in the anomalous precipitation simulated by CAM3 with ISSM more closely to the CMAP in the northwestern China, where there is an obvious positive correlation between the observed precipitation and the observed local ground evaporation anomaly. Secondly, the interannual variability of summer precipitation anomaly in the northwestern China is significantly influenced by the upstream atmospheric circulation over the mid-and high-latitudes of Eurasia, which can be simulated by the CAM3 with ISSM better than with CSSM, leading to the interannual variability of summer precipitation anomaly in the northwestern China better reproduced by the model with ISSM.",2013,Jiefangjun Ligong Daxue Xuebao Journal of PLA University of Science and Technology Natural Science Edition,Li Z.; Ni D.; Zeng G.,Nanjing University of Information Science & Technology,CN,0,False,,10093443,Interannual variability;Numerical simulation;Soil moisture;Summer climate,Irrigation_Decision
2-s2.0-84875710878,scopus,10.1038/nclimate1731,Evidence of the dependence of groundwater resources on extreme rainfall in East Africa,"Groundwater recharge sustains the groundwater resources on which there is global dependence for drinking water and irrigated agriculture. For many communities, groundwater is the only perennial source of water. Here, we present a newly compiled 55-year record of groundwater-level observations in an aquifer of central Tanzania that reveals the highly episodic occurrence of recharge resulting from anomalously intense seasonal rainfall. Episodic recharge interrupts multiannual recessions in groundwater levels, maintaining the water security of the groundwater-dependent communities in this region. This long-term record of groundwater storage changes in the semi-arid tropics demonstrates a nonlinear relationship between rainfall and recharge wherein intense seasonal rainfall associated with the El Niño Southern Oscillation and the Indian Ocean Dipole mode of climate variability contributes disproportionately to recharge. Analysis of the Intergovernmental Panel on Climate Change AR4 and AR5 multi-model ensembles for the twenty-first century indicates that projected increases in extreme monthly rainfall, responsible for observed recharge, are of much greater magnitude than changes to mean rainfall. Increased use of groundwater may therefore prove a potentially viable adaptation to enhanced variability in surface-water resources and soil moisture resulting from climate change. Uncertainty in the projected behaviour of the El Niño Southern Oscillation and associated teleconnections remains, however, high. © 2013 Macmillan Publishers Limited. All rights reserved.",2013,Nature Climate Change,Taylor R.G.; Todd M.C.; Kongola L.; Maurice L.; Nahozya E.; Sanga H.; Macdonald A.M.,British Geological Survey; Ministry of Water; University College London; University of Sussex,GB;TZ,305,False,,1758678X,,Irrigation_Decision
2-s2.0-84872091894,scopus,10.1109/JSTARS.2012.2199467,A user-driven approach to determining critical earth observation priorities for societal benefit,"In order to help data providers make informed decisions regarding the availability and accessibility of Earth observations for societal benefit, a cross-sectoral meta-analysis of observation priorities was conducted from the perspective of users. The analysis was organized around the Group on Earth Observations' (GEOs) societal benefit areas (SBAs): Agriculture, Biodiversity, Climate, Disasters, Ecosystems, Energy, Health, Water, and Weather. Users' needs for Earth observations were prioritized using a two-stage process. In the first stage, critical observations for each individual SBA were determined based on observation needs expressed in publicly available documents, such as scientific journal articles, scientific reports, and workshop summaries. In the second stage, an ensemble of four statistically robust methods was used to prioritize the observations identified in the individual SBA analyses, based on their criticality and commonality to multiple SBAs. The result of the meta-analysis is a ranking of 152 critical Earth observation priorities; the highest priority Earth observations are those that are considered critical for the largest number of SBAs. The 10 highest ranked observations are: (1) Precipitation, (2) Soil Moisture, (3) Surface Air Temperature, (4) Land Cover, (5) Surface Wind Speed (6) Vegetation Cover, (7) Surface Humidity, (8) Urbanization, (9) Vegetation Type, and (10) Surface Wind Direction and Sea Surface Temperature (tie). This study represents one viable method to assess the priority of Earth observations from the perspective of users. The list of critical Earth observation priorities from this study is a foundation for engagement between data providers and users in regard to observation priorities. © 2008-2012 IEEE.",2012,IEEE Journal of Selected Topics in Applied Earth Observations and Remote Sensing,Zell E.; Huff A.; Carpenter A.; Friedl L.,American Water Works Association; Battelle; National Aeronautics and Space Administration,US,37,False,,19391404,Earth Observing System;environmental factors;geoscience;international collaboration;remote sensing;social factors,Irrigation_Decision
2-s2.0-84856740296,scopus,10.1016/j.gloplacha.2011.07.005,The role of the Atlantic Multidecadal Oscillation on medieval drought in North America: Synthesizing results from proxy data and climate models,"During medieval times (900-1300. AD; henceforth MT), persistent drought ('megadrought') was a ubiquitous feature for much of North America. To better understand the mechanisms for these droughts, relationships between specific sea surface temperatures (SSTs) and drought in North America have been synthesized from previous studies using modern observations, proxy paleo-data, and simulations from multiple climate models. Particular focus is on the role of the Atlantic Multidecadal Oscillation (AMO), a roughly 60-80. year fluctuation in the North Atlantic between relatively warm ('warm phase') and cool ('cold phase') SSTs. Present-day relationships, for which instrumental observations can be used, indicate that persistent droughts in the U.S. Great Plains and Southwest are closely related to AMO. During AMO warm (cold) phases, most of North America is dry (wet). The MT drought is closely related to AMO-like warm phases in the North Atlantic. However, the MT drought is just one of numerous droughts on centennial timescales affected by the AMO that new results from the proxy record indicate impacted North America during the Holocene. The influence of North Atlantic SST on modern North American drought is examined using simulations made by global climate models. When forced by warm North Atlantic SST anomalies, all models captured significant drying over North America, despite some regional differences. Overall, the ensemble of the 5 models could well reproduce the statistical relationship between the dry/wet fluctuations in the North America and North Atlantic SST anomalies. Using one particular climate model, we further demonstrated that warm North Atlantic SST anomalies might have played a major role in the MT drought over much of North America. The MT drought could be simulated either by perpetual La Niña-like conditions in the eastern Pacific or warm phase of the AMO in the North Atlantic. Best match to proxy reconstructions was obtained, however, when both La Niña and warm phase AMO conditions were imposed. During the warm phase of AMO, the subtropical high is displaced north and east of its mean location, reducing moisture transport into the US except along the mid-Atlantic coast. During the cool phase, the subtropical high strengthens and pushes westward, allowing for more moisture transport into the central and western US. In summary, the AMO modulates the large-scale circulation to be more (less) conducive to precipitation over the central and western U.S. during cold (warm) phases. Its effects must be considered along with other, shorter time-scale factors such as ENSO, or PDO, as well as local effects that affect land surface-atmosphere interactions, such as soil moisture. © 2011 Elsevier B.V.",2012,Global and Planetary Change,Oglesby R.; Feng S.; Hu Q.; Rowe C.,School of Natural Resources; University of Nebraska–Lincoln,US,72,False,,09218181,Atlantic Multidecadal Oscillation;Medieval drought,Irrigation_Decision
2-s2.0-83755178227,scopus,10.1175/2011JCLI3523.1,Climatic feedbacks during the 2003 European heat wave,"During the summer of 2003, a record heat wave over Europe occurred, to which the deaths of over 20 000 people in 18 countries were attributed, 10 000 of those in France alone. Temperatures across Europe were above normal for most of the summer, but reached their peak during the first two weeks of August, when most of the deaths occurred. Ensemble simulations done with a recent version of the Center for Ocean-Land-Atmosphere Studies (COLA) atmospheric general circulation model (AGCM) have been analyzed over the European region. The simulations were forced by weekly mean observed sea surface temperature (SST). Relative to the 1982-2001 period, the COLAAGCMsimulated anomalous warmth over the European region during June- August 2003, in response to the observed SST; however, the simulated magnitude was smaller than that observed. A series of simulations in which the observed SST was used only south of 258N or only north of 258N suggest that it was the influence of the local SST rather than remote SST that was an important influence on the heat wave. By early June, the soil over much of the European region was anomalously dry, consistent with the belownormal precipitation observed over the region in the preceding months. The model was restarted in early June with observation-based soil wetness anomalies imposed on the soil wetness from the control simulations. Although the model soil wetness was then allowed to evolve as usual, the simulations with the imposed initial soil wetness anomaly enhanced the simulated surface temperature anomaly during June-August by 18-28C. This weaker-than-observed temperature anomaly may be related to the persistence of imposed soil wetness anomalies, which was weaker than that observed. The experiments suggest that both the warm local SST and the dry local soil were important in intensifying the 2003 European heat wave. © 2011 American Meteorological Society.",2011,Journal of Climate,Fennessy M.; Kinter J.,Center for Ocean-Land-Atmosphere Studies,US,16,False,,08948755,Ensembles;Europe;Feedback;General circulation models;Sea surface temperature;Soil moisture;Summer/warm season,Irrigation_Decision
2-s2.0-80052261679,scopus,10.1007/s11430-010-4160-3,China land soil moisture EnKF data assimilation based on satellite remote sensing data,"Soil moisture plays an important role in land-atmosphere interactions. It is an important geophysical parameter in research on climate, hydrology, agriculture, and forestry. Soil moisture has important climatic effects by influencing ground evapotranspiration, runoff, surface reflectivity, surface emissivity, surface sensible heat and latent heat flux. At the global scale, the extent of its influence on the atmosphere is second only to that of sea surface temperature. At the terrestrial scale, its influence is even greater than that of sea surface temperatures. This paper presents a China Land Soil Moisture Data Assimilation System (CLSMDAS) based on EnKF and land process models, and results of the application of this system in the China Land Soil Moisture Data Assimilation tests. CLSMDAS is comprised of the following components: 1) A land process model-Community Land Model Version 3.0 (CLM3.0)-developed by the US National Center for Atmospheric Research (NCAR); 2) Precipitation of atmospheric forcing data and surface-incident solar radiation data come from hourly outputs of the FY2 geostationary meteorological satellite; 3) EnKF (Ensemble Kalman Filter) land data assimilation method; and 4) Observation data including satellite-inverted soil moisture outputs of the AMSR-E satellite and soil moisture observation data. Results of soil moisture assimilation tests from June to September 2006 were analyzed with CLSMDAS. Both simulation and assimilation results of the land model reflected reasonably the temporal-spatial distribution of soil moisture. The assimilated soil moisture distribution matches very well with severe summer droughts in Chongqing and Sichuan Province in August 2006, the worst since the foundation of the People's Republic of China in 1949. It also matches drought regions that occurred in eastern Hubei and southern Guangxi in September. © 2011 Science China Press and Springer-Verlag Berlin Heidelberg.",2011,Science China Earth Sciences,Shi C.X.; Xie Z.H.; Qian H.; Liang M.L.; Yang X.C.,"Institute of Atmospheric Physics Chinese Academy of Sciences; Institute of Geology, Chinese Academy of Geological Sciences; National Satellite Meteorological Center Beijing",CN,212,False,,16747313,AMSR-E soil moisture;EnKF land data assimilation;FY2C geostationary satellite;high-resolution precipitation;surface incident solar radiation,Irrigation_Decision
2-s2.0-79955662606,scopus,10.1890/10-0724.1,Directional changes in the species composition of a tropical forest,"Long-term studies have revealed that the structure and dynamics of many tropical forests are changing, but the causes and consequences of these changes remain debated. To learn more about the forces driving changes within tropical forests, we investigated shifts in tree species composition over the past 25 years within the 50-ha Forest Dynamics Plot on Barro Colorado Island (BCI), Panama, and examined how observed patterns relate to predictions of (1) random population fluctuations, (2) carbon fertilization, (3) succession from past disturbance, (4) recovery from an extreme El Niño drought at the start of the study period, and (5) long-term climate change. We found that there have been consistent and directional changes in the tree species composition. These shifts have led to increased relative representations of drought-tolerant species as determined by the species' occurrence both across a gradient of soil moisture within BCI and across a wider precipitation gradient from a dry forest near the Pacific coast of Panama to a wet forest near its Caribbean coast. These nonrandom changes cannot be explained by stochastic fluctuations or carbon fertilization. They may be the legacy of the El Niño drought, or alternatively, potentially reflect increased aridity due to long-term climate change. By investigating compositional changes, we increased not only our understanding of the ecology of tropical forests and their responses to large-scale disturbances, but also our ability to predict how future global change will impact some of the critical services provided by these important ecosystems. © 2011 by the Ecological Society of America.",2011,Ecology,Feeley K.J.; Davies S.J.; Perez R.; Hubbell S.P.; Foster R.B.,"Fairchild Tropical Botanic Garden; Field Museum of Natural History; Florida International University; Harvard University; University of California, Los Angeles",US,193,True,gold,00129658,Barro Colorado Island;Carbon fertilization;Center for tropical forest science;Climate change;Drought;El Niño Southern Oscillation;ENSO;Panama;Tropical forest,Irrigation_Decision
2-s2.0-84860422194,scopus,10.1029/2010JD015068,Regional climate model simulation of projected 21st century climate change over an all-Africa domain: Comparison analysis of nested and driving model results,"We analyze a transient climate change simulation for the 21st century (1980-2100) over a large all-Africa domain carried out with the RegCM3 regional model driven by the ECHAM5 global model. We focus the analysis on a comparison between the driving and nested model runs. For present climate, the two models show temperature and precipitation biases of similar magnitude but different spatial patterns. In particular the bias patterns in the regional model driven by ECHAM5 are more similar to those of a regional simulation driven by ERA Interim reanalysis fields than to the bias patterns in the present climate simulation by ECHAM5 itself. In the transient simulation, while the temperature changes are strongly driven by the global model, the precipitation change patterns are more different between the global and regional models, particularly over the West Africa and Sahel regions. A targeted analysis suggests that this is due to the different simulation by the two models of the local response to El Nio-Southern Oscillation forcing and of local soil moisture/precipitation feedbacks. Our results thus indicate that local processes and internal model physics and characteristics are important elements in determining the precipitation change signal simulated by the nested regional model in this large domain experiment, especially over equatorial and tropical regions. This adds an element of uncertainty that needs to be address through the use of ensembles of regional model experiments as planned in the Coordinated Regional Climate Downscaling Experiment (CORDEX) project. Copyright 2011 by the American Geophysical Union.",2011,Journal of Geophysical Research Atmospheres,Mariotti L.; Coppola E.; Sylla M.; Giorgi F.; Piani C.,Abdus Salam International Centre for Theoretical Physics,IT,97,False,,01480227,,Irrigation_Decision
2-s2.0-80155211693,scopus,10.1029/2011JD016168,Drought onset and recovery over the United States,"This study employs precipitation (P) and ensemble soil moisture data sets from 1916 to 2007 to study the drought onset and demise over the United States. Both meteorological drought, classified using the standardized precipitation indices (SPIs), and agricultural drought, classified using the soil moisture percentiles, are studied. Drought onset is more predictable than drought demise. It takes 5-8 months for a region to accumulate enough P deficits to begin a drought, whereas a drought demise can come within one month to one season. A few strong rainfall episodes can end drought. The preferred season for the meteorological drought onset is at the beginning of the rainy season. Even though drought has a preferred season to begin, the ratio between the onset occurring in that season and the total drought events is less than 45%. For agricultural drought, the ratio is 60% or higher for the northwestern interior states and the Southwest. Over the Southern Plains, a cold El Niño-Southern Oscillation (ENSO) event occurs one season before the onset of drought. No drought events occur during the warm ENSO years. Therefore, the occurrence of a cold ENSO event can serve as an early warning for drought. For other areas influenced by ENSO, such as the lower Mississippi basin, the Ohio Valley, the Pacific Northwest, the upper Missouri basin, and the Southeast, most drought events occur during ENSO. The one-to-one correspondence between ENSO and drought is not good. For these areas, ENSO can only serve as a signal for intensive drought watch. Copyright 2011 by the American Geophysical Union.",2011,Journal of Geophysical Research Atmospheres,Mo K.,National Oceanic and Atmospheric Administration,US,143,True,gold,01480227,,Irrigation_Decision
2-s2.0-78649546478,scopus,10.1117/12.866138,Status of GCOM-W1 development and expected meteorological applications,"The Global Change Observation Mission (GCOM) consists of two polar orbiting satellite observing systems, GCOM-W (Water) and GCOM-C (Climate), and three generations to achieve global and long-term monitoring of the Earth. GCOM-W1 is the first satellite of the GCOM-W series and scheduled to be launched in Japanese fiscal year 2011. The mission instrument will be the Advanced Microwave Scanning Radiometer-2 (AMSR2), which is the successor instrument of AMSR on ADEOS-II and AMSR-E on EOS Aqua platform. Development of the GCOM-W1 system progresses favorably. The mechanical and thermal tests using the GCOM-W1 structural and thermal model were successfully completed. The GCOM-W1 and AMSR2 proto-flight models are under their proto-flight testing. In the middle of 2010, AMSR2 will be delivered to satellite system prior to the system proto-flight test of GCOM-W1. Retrieval algorithms are being developed by collaborating with principal investigators. Algorithm comparisons or integrations are now underway for several algorithms to find best available algorithms for post-launch processing. Also, maintaining and extending the validation sites such as the Mongolian Plateau site for soil moisture is being implemented. In addition to the long-term climate variability monitoring, meteorological applications will be the most important operational utilization of AMSR2 data. Currently, AMSR-E data are being used for numerical prediction through data assimilation at several meteorological agencies. Also, retrieved geophysical parameters such as sea surface temperature are being used for diagnostics of the weather and ocean variations. © 2010 Copyright SPIE - The International Society for Optical Engineering.",2010,Proceedings of SPIE the International Society for Optical Engineering,Uesawa D.; Imaoka K.; Kachi M.; Fujii H.; Kazumori M.; Kasahara M.; Ito N.; Nakagawa K.; Oki T.,Institute of Industrial Science; Japan Aerospace Exploration Agency; Japan Meteorological Agency,JP,0,False,,0277786X,Climate monitoring;meteorological applications;microwave radiometry;water cycle,Irrigation_Decision
2-s2.0-78049234152,scopus,10.1038/nature09396,Recent decline in the global land evapotranspiration trend due to limited moisture supply,"More than half of the solar energy absorbed by land surfaces is currently used to evaporate water. Climate change is expected to intensify the hydrological cycle and to alter evapotranspiration, with implications for ecosystem services and feedback to regional and global climate. Evapotranspiration changes may already be under way, but direct observational constraints are lacking at the global scale. Until such evidence is available, changes in the water cycle on land-a key diagnostic criterion of the effects of climate change and variability-remain uncertain. Here we provide a data-driven estimate of global land evapotranspiration from 1982 to 2008, compiled using a global monitoring network, meteorological and remote-sensing observations, and a machine-learning algorithm. In addition, we have assessed evapotranspiration variations over the same time period using an ensemble of process-based land-surface models. Our results suggest that global annual evapotranspiration increased on average by 7.1 ± 1.0 millimetres per year per decade from 1982 to 1997. After that, coincident with the last major El Ni±o event in 1998, the global evapotranspiration increase seems to have ceased until 2008. This change was driven primarily by moisture limitation in the Southern Hemisphere, particularly Africa and Australia. In these regions, microwave satellite observations indicate that soil moisture decreased from 1998 to 2008. Hence, increasing soil-moisture limitations on evapotranspiration largely explain the recent decline of the global land-evapotranspiration trend. Whether the changing behaviour of evapotranspiration is representative of natural climate variability or reflects a more permanent reorganization of the land water cycle is a key question for earth system science. © 2010 Macmillan Publishers Limited. All rights reserved.",2010,Nature,Jung M.; Reichstein M.; Ciais P.; Seneviratne S.I.; Sheffield J.; Goulden M.L.; Bonan G.; Cescatti A.; Chen J.; De Jeu R.; Dolman A.J.; Eugster W.; Gerten D.; Gianelle D.; Gobron N.; Heinke J.; Kimball J.; Law B.E.; Montagnani L.; Mu Q.; Mueller B.; Oleson K.; Papale D.; Richardson A.D.; Roupsard O.; Running S.; Tomelleri E.; Viovy N.; Weber U.; Williams C.; Wood E.; Zaehle S.; Zhang K.,"CIRAD; Clark University; ETH Zürich; European Commission Joint Research Centre; Fondazione Edmund Mach; Forest Services and Agency for the Environment; Harvard University; Institut für Atmosphäre und Klima; Max Planck Institute for Biogeochemistry; National Center for Atmospheric Research; Oregon State University; Potsdam Institut fur Klimafolgenforschung; School of Engineering and Applied Science; The University of Toledo; University of California, Irvine; University of Montana; University of Montana College of Forestry and Conservation; Università degli Studi della Tuscia Viterbo; Université de Versailles Saint-Quentin-en-Yvelines; Vrije Universiteit Amsterdam",BE;CH;DE;FR;IT;NL;US,2047,False,,00280836,,Irrigation_Decision
2-s2.0-77951878461,scopus,10.1007/s00382-008-0508-1,Relative contribution of soil moisture and snow mass to seasonal climate predictability: A pilot study,"Land surface hydrology (LSH) is a potential source of long-range atmospheric predictability that has received less attention than sea surface temperature (SST). In this study, we carry out ensemble atmospheric simulations driven by observed or climatological SST in which the LSH is either interactive or nudged towards a global monthly re-analysis. The main objective is to evaluate the impact of soil moisture or snow mass anomalies on seasonal climate variability and predictability over the 1986-1995 period. We first analyse the annual cycle of zonal mean potential (perfect model approach) and effective (simulated vs. observed climate) predictability in order to identify the seasons and latitudes where land surface initialization is potentially relevant. Results highlight the influence of soil moisture boundary conditions in the summer mid-latitudes and the role of snow boundary conditions in the northern high latitudes. Then, we focus on the Eurasian continent and we contrast seasons with opposite land surface anomalies. In addition to the nudged experiments, we conduct ensembles of seasonal hindcasts in which the relaxation is switched off at the end of spring or winter in order to evaluate the impact of soil moisture or snow mass initialization. LSH appears as an effective source of surface air temperature and precipitation predictability over Eurasia (as well as North America), at least as important as SST in spring and summer. Cloud feedbacks and large-scale dynamics contribute to amplify the regional temperature response, which is however, mainly found at the lowest model levels and only represents a small fraction of the observed variability in the upper troposphere. © Springer-Verlag 2009.",2010,Climate Dynamics,Douville H.,Centre National de Recherches Météorologiques,FR,81,False,,09307575,,Irrigation_Decision
2-s2.0-84906951369,scopus,,Concepts and applications of GCOM-W1 and W2,"The major sensor of the Water Series of Global Change Observation Mission (GCOM-W1) is The Advanced Microwave Scanning Radiometer-2 (AMSR2). AMSR2 is multi-frequency, total-power microwave radiometer system with dual polarization channels for all frequency bands. The instrument is a successor of AMSR on the Advanced Earth Observing Satellite-II (ADEOS-II) and AMSR for the Earth Observing System (AMSR-E) on NASA's Aqua satellite. Standard products of GCOM-W1 based on AMSR2 data are currently defined. All the eight standard products are: integrated water vapour, integrated cloud liquid water, sea surface temperature, sea surface wind speed, and sea ice concentration over ocean, snow depth and soil moisture content over land, and precipitation over the globe except for high latitude. Development of the GCOM-W1 system is going smoothly. Current target launch year of GCOMW1 is in Japanese fiscal year 2011. Participation of GCOM-W1 in the A-Train constellation is now being coordinated. This is beneficial both to the inter-sensor calibration between AMSR-E and AMSR2, and synergistic use of the multiple instruments available in the A-Train. Offline simulation system of a land surface model has been developed at JAXA/EORC as for a pilot system of the future data assimilation products merging satellite data and model estimates, and shows promising results. The future possibility of installing a U.S. provided scatterometer on the second generation satellite of GCOM-W (GCOM-W2) is under discussion. Simultaneous active and passive microwave measurements will enhance the water cycle observation capability of the GCOM-W series.",2010,International Archives of the Photogrammetry Remote Sensing and Spatial Information Sciences ISPRS Archives,Oki T.; Imaoka K.; Kachi M.,Institute of Industrial Science; Japan Aerospace Exploration Agency,JP,3,False,,16821750,Application;Climate;Global-environmental-databases;Passive;Radiometric,Irrigation_Decision
2-s2.0-72149134642,scopus,10.1029/2009WR007831,Using data assimilation to identify diffuse recharge mechanisms from chemical and physical data in the unsaturated zone,"It is difficult to estimate groundwater recharge in semiarid environments, where precipitation and evapotranspiration nearly balance. In such environments, groundwater supplies are sensitive to small changes in the processes that control recharge. Numerical modeling provides the temporal resolution needed to analyze these processes but is highly sensitive to model errors. Natural chloride tracer measurements in the unsaturated zone provide more robust indicators of low recharge rates but yield estimates at coarse time scales that mask most control mechanisms. This study presents a new probabilistic approach for analyzing diffuse recharge in semiarid environments, with an application to study sites in the U.S. southern High Plains. The approach uses data assimilation to combine model predictions and chloride-based recharge estimates. It has the advantage of providing probability distributions rather than point values for uncertain soil and vegetation properties. These can then be used to quantify recharge uncertainty. Estimates of moisture flux time series indicate that percolation (or potential recharge) at the data sites is episodic and exhibits interannual variability. Most percolation occurs during intense rains when crop roots are not fully developed and there is ample antecedent soil moisture. El Niño events can contribute to interannual variability of recharge if they bring rainy winters that provide wet antecedent conditions for spring precipitation. Data assimilation methods that combine modeling and chloride observations provide the high temporal resolution information needed to identify mechanisms controlling diffuse recharge and offer a way to examine the effects of land use change and climatic variability on groundwater resources. Copyright 2009 by the American Geophysical Union.",2009,Water Resources Research,Ng G.H.C.; McLaughlin D.; Entekhabi D.; Scanlon B.,Bureau of Economic Geology; MIT School of Engineering,US,30,True,gold,00431397,,Irrigation_Decision
2-s2.0-66849099826,scopus,10.1175/2008JCLI2722.1,Global and continental drought in the second half of the twentieth century: Severity-area-duration analysis and temporal variability of large-scale events,"Using observation-driven simulations of global terrestrial hydrology and a cluster algorithm that searches for spatially connected regions of soil moisture, the authors identified 296 large-scale drought events (greater than 500 000 km<sup>2</sup> and longer than 3 months) globally for 1950-2000. The drought events were subjected to a severity-area-duration (SAD) analysis to identify and characterize the most severe events for each continent and globally at various durations and spatial extents. An analysis of the variation of large-scale drought with SSTs revealed connections at interannual and possibly decadal time scales. Three metrics of large-scale drought (global average soil moisture, contiguous area in drought, and number of drought events shorter than 2 years) are shown to covary with ENSO SST anomalies. At longer time scales, the number of 12-month and longer duration droughts follows the smoothed variation in northern Pacific and Atlantic SSTs. Globally, the mid-1950s showed the highest drought activity and the mid-1970s to mid-1980s the lowest activity. This physically based and probabilistic approach confirms well-known droughts, such as the 1980s in the Sahel region of Africa, but also reveals many severe droughts (e.g., at high latitudes and early in the time period) that have received relatively little attention in the scientific and popular literature. © 2009 American Meteorological Society.",2009,Journal of Climate,Sheffield J.; Andreadis K.M.; Wood E.F.; Lettenmaier D.P.,School of Engineering and Applied Science; UW College of Engineering,US,365,True,gold,08948755,,Irrigation_Decision
2-s2.0-66849102885,scopus,10.1175/2009JCLI2652.1,Undestanding land-sea warming contrast in response to increasing greenhouse gases. Part I: Transient adjustment,"Climate model simulations consistently show that surface temperature over land increases more rapidly than over sea in response to greenhouse gas forcing. The enhanced warming over land is not simply a transient effect caused by the land-sea contrast in heat capacities, since it is also present in equilibrium conditions. This paper elucidates the transient adjustment processes over time scales of days to weeks of the surface and tropospheric climate in response to a doubling of CO<inf>2</inf> and to changes in sea surface temperature (SST), imposed separately and together, using ensembles of experiments with an atmospheric general circulation model. These adjustment processes can be grouped into three stages: immediate response of the troposphere and surface processes (day 1), fast adjustment of surface processes (days 2-5), and adjustment of the whole troposphere (days 6-20). Some land surface warming in response to doubled CO<inf>2</inf> (with unchanged SSTs) occurs immediately because of increased downward longwave radiation. Increased CO<inf>2</inf> also leads to reduced plant stomatal resistance and hence restricted evaporation, which increases land surface warming in the first day. Rapid reductions in cloud amount lead in the next few days to increased downward shortwave radiation and further warming, which spreads upward from the surface, and by day 5 the surface and tropospheric response is statistically consistent with the equilibrium value. Land surface warming in response to imposed SST change (with unchanged CO<inf>2</inf>) is slower. Tropospheric warming is advected inland from the sea, and over land it occurs at all levels together rather than spreading upward from the surface. The atmospheric response to prescribed SST change in about 20 days is statistically consistent with the equilibrium value, and the warming is largest in the upper troposphere over both land and sea. The land surface warming involves reduction of cloud cover and increased downward shortwave radiation, as in the experiment with CO<inf>2</inf> change, but in this case it is due to the restriction of moisture supply to the land (indicated by reduced soil moisture), whereas in the CO<inf>2</inf> forcing experiment it is due to restricted evaporation despite increased moisture supply (indicated by increased soil moisture). The warming over land in response to SST change is greater than over the sea and is the dominant contribution to the land-sea warming contrast under enhanced CO<inf>2</inf> forcing. © 2009 American Meteorological Society.",2009,Journal of Climate,Dong B.; Gregory J.M.; Sutton R.T.,Met Office; University of Reading,GB,156,False,,08948755,,Irrigation_Decision
2-s2.0-67649875656,scopus,10.1029/2008WR007307,Comparison of soil moisture dynamics between a tropical rain forest and a tropical seasonal forest in Southeast Asia: Impact of seasonal and year-to-year variations in rainfall,"We examined the impact of both seasonal and year-to-year variations in precipitation on simulated soil moisture dynamics at a tropical rain forest (TRF) site and a tropical seasonal forest (TSF) site in Southeast Asia, between which there is a clear difference in the precipitation regime, through a probabilistic ecohydrological model. All model parameters have apparent physical meaning and were obtained by field observations. Rainfall statistics as the primary model forcing terms were constructed from long-term rainfall records, and their analysis revealed a close relationship between drought and El Niño events at the TRF site and a long-term drying trend at the TSF site. The model results further demonstrated that the studied ecosystem's robustness (mainly concerning the plant water availability) are attributed to functional factors such as soil texture for the TRF site and rooting depth and the dry season use of water from the preceding wet season for the TSF site. Copyright 2009 by the American Geophysical Union.",2009,Water Resources Research,Kumagai T.; Yoshifuji N.; Tanaka N.; Suzuki M.; Kume T.,Graduate School of Agricultural and Life Sciences The University of Tokyo; Kyushu University; National Taiwan University; The University of Tokyo,JP;TW,60,True,gold,00431397,,Irrigation_Decision
2-s2.0-57049157702,scopus,10.1007/s00382-008-0375-9,Contribution of realistic soil moisture initial conditions to boreal summer climate predictability,"Seasonal climate forecasts mainly rely on the atmospheric sensitivity to its lower boundary conditions and on their own predictability. Besides sea surface temperature (SST), soil moisture (SM) may be an additional source of climate predictability particularly during boreal summer in the mid-latitudes. In this work, we investigate the role of SM initial conditions on near-surface climate predictability during ten boreal summer seasons using three complementary ensembles of AMIP-type simulations performed with the Arpège-Climat atmospheric general circulation model. First we have conducted an assessment of the SM predictability itself through a comparison of simple empirical SM models with Arpège-Climat. The statistical and dynamical models reveal similar SM prediction skill patterns but the Arpège-Climat reaches higher scores suggesting that it is at least suitable to explore the influence of SM initialization on atmospheric predictability. Then we evaluate the relationships between SM predictability and some near surface atmospheric predictability. While SM initialization obviously improves the predictability of land surface evaporation, it has no systematic influence on the precipitation and near surface temperature skills. Nevertheless, the summer hindcast skill is clearly improved during specific years and over certain regions (mainly north America and eastern Europe in the Arpège-Climat model), when and where the SM forcing is sufficiently widespread and strong. In this case, a significant impact is also found on the occurrence of heat waves and heavy rains, whose predictability at the seasonal timescale is a crucial challenge for years to come. © Springer-Verlag 2008.",2009,Climate Dynamics,Conil S.; Douville H.; Tyteca S.,Centre National de Recherches Météorologiques; Université des Antilles et de la Guyane,FR,27,False,,09307575,Boreal summer predictability;Land-atmosphere interactions;Severe climate events;Soil Moisture predictability,Irrigation_Decision
2-s2.0-60149101811,scopus,10.1175/2008JCLI2170.1,Tropical pacific forcing of North American medieval megadroughts: Testing the concept with an atmosphere model forced by coral-reconstructed SSTs,"The possible role that tropical Pacific SSTs played in driving the megadroughts over North America during the medieval period is addressed. Fossil coral records from the Palmyra Atoll are used to derive tropical Pacific SSTs for the period from A.D. 1320 to A.D. 1462 and show overall colder conditions as well as extended multidecadal La Niña-like states. The reconstructed SSTs are used to force a 16-member ensemble of atmosphere GCM simulations, each with different initial conditions, with the atmosphere coupled to a mixed layer ocean outside of the tropical Pacific. Model results are verified against North American tree ring reconstructions of the Palmer Drought Severity Index. A singular value decomposition analysis is performed using the soil moisture anomaly simulated by another 16-member ensemble of simulations forced by global observed SSTs for 1856-2004 and tree ring reconstructions of the Palmer Drought Severity Index for the same period. This relationship is used to transfer the modeled medieval soil moisture anomaly (relative to the modern simulation) into a model-estimated Palmer Drought Severity Index. The model-estimated Palmer Drought Severity Index reproduces many aspects of both the interannual and decadal variations of the tree ring reconstructions, in addition to an overall drier climate that is drier than the tree ring records suggest. The model-estimated Palmer Drought Severity Index simulates two previously identified ""megadroughts,"" A.D. 1360-1400 and A.D. 1430-60, with a realistic spatial pattern and amplitude. In contrast, the model fails to produce a period of more normal conditions in the early fifteenth century that separated these two megadroughts. The dynamical link between tropical SSTs and the North American megadroughts is akin to that operating in modern droughts. The model results are used to argue that the tropical Pacific played an active role in driving the megadroughts. However, the match between simulated and reconstructed hydroclimate is such that it is likely that both the coral-reconstructed SST anomalies contain significant errors and that SST anomalies in other basins also played a role in driving hydroclimate variations over North America during the late medieval period. © 2008 American Meteorological Society.",2008,Journal of Climate,Seager R.; Burgman R.; Kushnir Y.; Clement A.; Cook E.; Naik N.; Miller J.,Lamont-Doherty Earth Observatory; Rosenstiel School of Marine and Atmospheric Science,US,83,True,gold,08948755,,Irrigation_Decision
2-s2.0-40749158015,scopus,10.1016/j.rse.2007.06.023,Expected impact of the future SMOS and Aquarius Ocean surface salinity missions in the Mercator Ocean operational systems: New perspectives to monitor ocean circulation,"Sea Surface Salinity (SSS) has never been observed from space. The SSS from planned satellite missions such as Soil Moisture and Ocean Salinity (SMOS) and Aquarius is a key to better understanding how ocean circulation is related to water cycle and how both these systems are changing through time. The Observing System Simulation Experiments (OSSEs) presented in this paper has been carried out with an ocean forecasting system developed within the French oceanographic Mercator Ocean context. They consist in hindcast experiments assimilating an operational dataset (Sea Surface Temperature (SST), in-situ profiles of temperature and salinity and Sea Level Anomalies (SLA)) and various simulated SMOS and Aquarius Sea Surface Salinity (SSS) data. These experiments use an eddy permitting model (1/3°) covering the North Atlantic from 20°S to 70°N. The new generation of fully multivariate assimilation system referred to as SAM2v1 which is being developed from the SEEK (Singular Evolutive Extended Kalman) algorithm is used. This scheme is a Reduced Order Kalman Filter using a 3D multivariate modal decomposition of the forecast error covariance. The OSSEs enabled us to show the positive impact of SSS assimilation on the Mercator Ocean operational forecasting system. These experiments particularly show the importance to specify appropriated observation errors and the impact of having and/or combining different observing system. Several conclusions can be highlighted such as the importance of the space/time scales consistency between the data products and our ocean prediction systems. This study has to be considered as an important step for assimilation of SSS measured from space. Further studies have to be conducted with other simulated data, other oceanic configurations and other improved assimilation schemes. © 2007 Elsevier Inc. All rights reserved.",2008,Remote Sensing of Environment,Tranchant B.; Testut C.E.; Renault L.; Ferry N.; Birol F.; Brasseur P.,CERFACS; Laboratoire d'Etudes en Géophysique et Océanographie Spatiales; Laboratoire des Écoulements Géophysiques et Industriels (LEGI); Mercator Océan,FR,46,False,,00344257,Data assimilation;OSSE;Sea Surface Salinity,Irrigation_Decision
2-s2.0-40849083981,scopus,10.1175/2007JCLI1741.1,Potential predictability of long-term drought and pluvial conditions in the U.S. Great Plains,"This study examines the predictability of seasonal mean Great Plains precipitation using an ensemble of century-long atmospheric general circulation model (AGCM) simulations forced with observed sea surface temperatures (SSTs). The results show that the predictability (intraensemble spread) of the precipitation response to SST forcing varies on interannual and longer time scales. In particular, this study finds that pluvial conditions are more predictable (have less intraensemble spread) than drought conditions. This rather unexpected result is examined in the context of the physical mechanisms that impact precipitation in the Great Plains. These mechanisms include El Niño-Southern Oscillation's impact on the planetary waves and hence the Pacific storm track (primarily during the cold season), the role of Atlantic SSTs in forcing changes in the Bermuda high and low-level moisture flux into the continent (primarily during the warm season), and soil moisture feedbacks (primarily during the warm season). It is found that the changes in predictability are primarily driven by changes in the strength of the land-atmosphere coupling, such that under dry conditions a given change in soil moisture produces a larger change in evaporation and hence precipitation than the same change in soil moisture would produce under wet soil conditions. The above changes in predictability are associated with a negatively skewed distribution in the seasonal mean precipitation during the warm season - a result that is not inconsistent with the observations.",2008,Journal of Climate,Schubert S.D.; Suarez M.J.; Pegion P.J.; Koster R.D.; Bacmeister J.T.,"NASA Goddard Space Flight Center; SAIC-Frederick; University of Maryland, Baltimore County (UMBC)",US,70,False,,08948755,,Irrigation_Decision
2-s2.0-40349085640,scopus,10.1175/2007JHM796.1,Increase in near-surface temperature simulation skill due to predictive soil moisture in a numerical seasonal simulation under observed SST forcing,"Two sets of 12-yr eight-member ensemble integrations were run with the Experimental Climate Prediction Center's (ECPC) seasonal forecast model (SFM) to investigate the sensitivity of near-surface temperature skill to evolving soil moisture. The first ensemble had evolving soil moisture, which was fully interactive with the atmospheric component of the model. The second ensemble had soil moisture fixed to the monthly climatological value. Several regions showed an increase in skill in the evolving soil moisture ensemble, including northeastern Australia, southeastern Africa, Europe, northern Brazil, Western Australia, northwestern Russia, Argentina, western Canada, and Indo-China. A survey of these regions showed that most had sensitivity to soil moisture following a peak rainy season, and of those, most also had a high soil moisture time-lag correlation (soil moisture memory) at that time. In a few of the regions high year-to-year soil moisture variability was an additional potential source of soil moisture sensitivity. The sensitivity to soil moisture is considered both in terms of actual predictability (anomaly correlation with observations) and theoretical potential predictability. It was found that the regions listed above, with evolving soil moisture, have anomaly correlations that are close to the potential predictability, suggesting that the model estimates near-surface temperature in these regions as well as could be expected. However, it was also found that when comparing the two sets of integrations, improvements in potential predictability of one ensemble over the other did not necessarily give a reasonable estimate to improvements in anomaly correlation. © 2008 American Meteorological Society.",2008,Journal of Hydrometeorology,De Haan L.L.; Kanamitsu M.,Scripps Institution of Oceanography,US,4,False,,1525755X,,Irrigation_Decision
2-s2.0-84979241028,scopus,10.1080/1755876X.2008.11020099,Data assimilation of simulated SSS SMOS products in an ocean forecasting system,"Sea Surface Salinity (SSS) measured from the future Soil Moisture and Ocean Salinity (SMOS) satellite has to be considered as a new type of data. This paper addresses the impact of assimilating two different simulated SSS data types (raw track observations versus a gridded processed product) in an ocean forecasting system through an Observing System Simulation Experiment (OSSE). The OSSE consists of hindcast experiments assimilating an operational dataset of Sea Surface Temperature (SST), in-situ profiles of temperature and salinity and Sea Level Anomalies (SLA) plus various simulated SMOS SSS data. These assimilation experiments use an eddy permitting model (1/38) covering the North Atlantic from 208S to 708N and a multivariate assimilation system referred to as SAM2v1. This assimilation scheme is a Reduced Order Kalman Filter using a 3D multivariate modal decomposition of the forecast error covariance. The OSSE enables an illustration of the impact of SSS assimilation on a Mercator Ocean regional forecasting system. Several conclusions can be highlighted, such as the importance of the consistency of space/time scales between the data products and the ocean prediction systems used. This study should be viewed as a preliminary step for assimilation of SSS measured from space in an ocean forecasting system. © 2008, Copyright 2008 Taylor and Francis Group LLC.",2008,Journal of Operational Oceanography,Tranchant B.; Testut C.E.; Ferry N.; Renault L.; Obligis E.; Boone C.; Larnicol G.,CLS Space Oceanography Division; LEGOS; Mercator Océan,FR,5,True,gold,1755876X,,Irrigation_Decision
2-s2.0-34948814644,scopus,10.1175/JAS4026.1,Weather noise forcing of surface climate variability,"A model-based method to evaluate the role of weather noise forcing of low-frequency variability of surface properties, including SST, surface currents, land surface temperature, and soil moisture, is presented. In this procedure, an ""interactive ensemble"" coupled model, in which the ocean and land components are coupled to the mean of an ensemble of atmospheric models, is externally forced by the time-dependent surface fluxes due to the weather noise. The coupling to the ensemble mean atmosphere has the effect of strongly reducing the internally generated atmospheric weather noise so that, for example, observed weather noise forcing can meaningfully be prescribed. The surface flux due to weather noise is determined by removing the ensemble mean surface flux response of an ensemble of atmospheric models to specified surface boundary conditions from the total surface flux. When the system is entirely noise forced and the forcing is specified in this manner, the interactive ensemble model will reproduce the observed evolution of the surface properties. The method is illustrated in the context of two models: 1) a well-known simple coupled model of low-frequency climate variability, which considers the response of a slab thermodynamic surface model coupled to a thermodynamic atmosphere, and 2) a coupled GCM. The simple model is applied to the diagnosis of both observational and model-generated data, while the coupled GCM example illustrates the potential of the method if both model and data are perfect. © 2007 American Meteorological Society.",2007,Journal of the Atmospheric Sciences,Schneider E.; Fan M.,Center for Ocean-Land-Atmosphere Studies; George Mason University,US,32,False,,00224928,,Irrigation_Decision
2-s2.0-34548136953,scopus,10.1175/JCLI4224.1,A climatology of heat waves from a multimillennial simulation,"A 10 000-yr unforced simulation with the Commonwealth Scientific and Industrial Research Organisation (CSIRO) Mark 2 coupled global climatic model has been used to investigate the occurrence of heat waves over the globe. Results are presented for both seasonal (summer mean) and daily heat waves. Geographical distributions of the occurrence rates of these heat waves are shown for various magnitudes of surface temperature anomalies. The heat waves have specific geographical preferences with regions where relatively frequent, intense, and long-lasting heat waves occur. Time series over all 10 000 yr of the heat waves for the selected model grid boxes illustrate the differing temporal variabilities at these locations, as well as identifying the occurrences of extreme heat waves. To this end, the observed European heat wave of 2003 was simulated remarkably well in its overall characteristics; it occurs once in this simulation. Heat waves for various continental locations are shown to occur as isolated spatial and temporal events, and not as part of larger-scale systems over continental-size domains, suggesting stochastic forcing as a contributor to the initiation of the heat waves. Regional plots of selected heat waves at monthly intervals illustrated the considerable spatial variability, progression, and variation in the intensity of the heat waves. Comparison of year-long daily surface temperature anomalies for heat-wave years for simulated and observed conditions at individual model grid boxes indicated substantial agreement, while spatial plots permitted the progress of a short-term heat wave over the United States to be followed. Multidecadal time series plots of intense heat waves also showed basic similarities between the simulation and observations, despite the brevity of the latter. The simulated time series suggest that more extreme heat waves than currently are observed, owing to the brevity of the observations, may be a possibility as a consequence solely of natural variability. An examination of the physical processes associated with a heat wave showed mutually consistent climatic relationships, such that a heat wave was associated with reduced rainfall and consequently reduced soil moisture content, evaporation, and cloud cover, and increased insolation at the surface. These combined changes created the surface temperature increase intrinsic to the heat wave. All heat waves examined for different regions experienced negative rainfall anomalies prior to a heat wave. The cause of these rainfall anomalies was not readily apparent. While an ENSO influence on heat waves is shown to exist in the simulation, not all ENSO events produce heat waves, suggesting that stochastic influences may determine when a major heat wave occurs in conjunction with these events. The limitations of the adequacy of the model ENSO may, however, have had an influence in this regard. © 2007 American Meteorological Society.",2007,Journal of Climate,Hunt B.G.,Commonwealth Scientific and Industrial Research Organisation,AU,32,False,,08948755,,Irrigation_Decision
2-s2.0-34247577180,scopus,10.1007/s00382-006-0207-8,Soil moisture memory and West African monsoon predictability: Artefact or reality?,"Besides sea surface temperature (SST), soil moisture (SM) exhibits a significant memory and is likely to contribute to atmospheric predictability at the seasonal timescale. In this respect, West Africa was recently highlighted as a ""hot spot"" where the land-atmosphere coupling could play an important role, through the recycling of precipitation and the modulation of the meridional gradient of moist static energy. Particularly intriguing is the observed relationship between summer monsoon rainfall over Sahel and the previous second rainy season over the Guinean Coast, suggesting the possibility of a soil moisture memory beyond the seasonal timescale. The present study is aimed at revisiting this question through a detailed analysis of the instrumental record and a set of numerical sensitivity experiments. Three ensembles of global atmospheric simulations have been designed to assess the relative influence of SST and SM boundary conditions on the West African monsoon predictability over the 1986-1995 period. On the one hand, the results indicate that SM contributes to rainfall predictability at the end and just after the rainy season over the Sahel, through a positive soil-precipitation feedback that is consistent with the ""hot spot"" hypothesis. On the other hand, SM memory decreases very rapidly during the dry season and does not contribute to the predictability of the all-summer monsoon rainfall. Though possibly model dependent, this conclusion is reinforced by the statistical analysis of the summer monsoon rainfall variability over the Sahel and its link with tropical SSTs. Our results indeed suggest that the apparent relationship with the previous second rainy season over the Guinean Coast is mainly an artefact of rainfall teleconnections with tropical modes of SST variability both at interannual and multi-decadal timescales. © Springer-Verlag 2006.",2007,Climate Dynamics,Douville H.; Conil S.; Tyteca S.; Voldoire A.,Centre National de Recherches Météorologiques,FR,57,False,,09307575,,Irrigation_Decision
2-s2.0-33847706099,scopus,10.1175/JTECH1954.1,The role of averaging for improving sea surface salinity retrieval from the Soil Moisture and Ocean Salinity (SMOS) satellite and impact of auxiliary data,"Soil Moisture and Ocean Salinity (SMOS) was chosen as the European Space Agency's second Earth Explorer Opportunity mission. One of the objectives is to retrieve sea surface salinity (SSS) from measured brightness temperatures (TBs) at L band with a precision of 0.2 practical salinity units (psu) with averages taken over 200 km by 200 km areas and 10 days [as suggested in the requirements of the Global Ocean Data Assimilation Experiment (GODAE)]. The retrieval is performed here by an inverse model and additional information of auxiliary SSS, sea surface temperature (SST), and wind speed (W). A sensitivity study is done to observe the influence of the TBs and auxiliary data on the SSS retrieval. The key role of TB and W accuracy on SSS retrieval is verified. Retrieval is then done over the Atlantic for two cases. In case A, auxiliary data are simulated from two model outputs by adding white noise. The more realistic case B uses independent databases for reference and auxiliary ocean parameters. For these cases, the RMS error of retrieved SSS on pixel scale is around 1 psu (1.2 for case B). Averaging over GODAE scales reduces the SSS error by a factor of 12 (4 for case B). The weaker error reduction in case B is most likely due to the correlation of errors in auxiliary data. This study shows that SSS retrieval will be very sensitive to errors on auxiliary data. Specific efforts should be devoted to improving the quality of auxiliary data. © 2007 American Meteorological Society.",2007,Journal of Atmospheric and Oceanic Technology,Philipps S.; Boone C.; Obligis E.,Collecte Localisation Satellites,FR,10,False,,07390572,,Irrigation_Decision
2-s2.0-33845459556,scopus,10.1007/s00382-006-0172-2,The relative influence of soil moisture and SST in climate predictability explored within ensembles of AMIP type experiments,"Three ensembles of AMIP-type simulations using the Arpege-climat coupled land-atmosphere model have been designed to assess the relative influence of SST and soil moisture (SM) on climate variability and predictability. The study takes advantage of the GSWP2 land surface reanalysis covering the 1986-1995 period. The GSWP2 forcings have been used to derive a global SM climatology that is fully consistent with the model used in this study. One ensemble of ten simulations has been forced by climatological SST and the simulated SM is relaxed toward the GSWP2 reanalysis. Another ensemble has been forced by observed SST and SM is evolving freely. The last ensemble combines the observed SST forcing and the relaxation toward GSWP2. Two complementary aspects of the predictability have been explored, the potential predictability (analysis of variance) and the effective predictability (skill score). An analysis of variance has revealed the effects of the SST and SM boundary forcings on the variability and potential predictability of near-surface temperature, precipitation and surface evaporation. While in the tropics SST anomalies clearly maintain a potentially predictable variability throughout the annual cycle, in the mid-latitudes the SST forced variability is only dominant in winter and SM plays a leading role in summer. In a similar fashion, the annual cycle of the hindcast skill (evaluated as the anomalous correlation coefficient of the three ensemble means with respect to the ""observations"") indicates that the SST forcing is the dominant contributor over the tropical continents and in the winter mid-latitudes but that SM is supporting a significant part of the skill in the summer mid-latitudes. Focusing on boreal summer, we have then investigated different aspects of the SM and SST contribution to climate variations in terms of spatial distribution and time-evolution. Our experiments suggest that SM is potentially an additional source of climate predictability. A realistic initialization of SM and a proper representation of the land-atmosphere feedbacks seem necessary to improve state-of-the-art dynamical seasonal predictions, but will be actually efficient only in the areas where SM anomalies are themselves predictable at the monthly to seasonal timescale (since remote effects of SM are probably much more limited than SST teleconnections). © Springer-Verlag 2006.",2007,Climate Dynamics,Conil S.; Douville H.; Tyteca S.,Centre National de Recherches Météorologiques,FR,68,False,,09307575,,Irrigation_Decision
2-s2.0-33845521497,scopus,10.1061/40875(212)32,Simple forecast-operations model using hydrologic persistence in Central Texas,"The Lower Colorado River Authority (LCRA) is a water conservation and reclamation district that operates a series of six lakes on the watershed of the Lower Colorado River in Central Texas to provide water supply and flood control to a 33-county area, including the City of Austin and several rice irrigation districts along the Texas Gulf Coast. In addition, the LCRA produces wholesale power for a 53-county service area and provides water resources for lake recreation activities and in-stream flow maintenance. Currently, the LCRA uses beginning-of-year storage levels to determine the amount of water available to meet demands in the coming year. Seasonal and long-term forecasts are not used by the LCRA for a number of reasons, including high seasonal and annual variability of stream flow, the absence of easily measured hydrologic indicators such as snowpack, and a lack of experience with probabilistic planning methods. In this paper, we illustrate and verify a simple approach for adjusting seasonal water availability forecasts based on hydrologic persistence. Predictor variables include historical monthly streamflow observations and simulated soil moisture content from the NCEP North American Regional Reanalysis. Extensions of the approach are discussed, including generation of probabilistic forecasts and consideration of climate indicators such as the El Nino/Southern Oscillation, Pacific Decadal Oscillation, and North Atlantic Oscillation. Copyright ASCE 2006.",2006,Operating Reservoirs in Changing Conditions Proceedings of the Operations Management 2006 Conference,Watkins D.W.; Wei W.; Nykanen D.K.,College of Engineering; Minnesota State University Mankato,US,0,False,,,,Irrigation_Decision
2-s2.0-33846167723,scopus,10.1175/JCLI3944.1,"Medium-range, monthly, and seasonal prediction for Europe and the use of forecast information","Operational probabilistic (ensemble) forecasts made at ECMWF during the European summer heat wave of 2003 indicate significant skill on medium (3-10 day) and monthly (10-30 day) time scales. A more general ""unified"" analysis of many medium-range, monthly, and seasonal forecasts confirms a high degree of probabilistic forecast skill for European temperatures over the first month. The unified analysis also identifies seasonal predictability for Europe, which is not yet realized in seasonal forecasts. Interestingly, the initial atmospheric state appears to be important even for month 2 of a coupled forecast. Seasonal coupled model forecasts capture the general level of observed European deterministic predictability associated with the persistence of anomalies. A review is made of the possibilities to improve seasonal forecasts. This includes multimodel and probabilistic techniques and the potential for ""windows of opportunity"" where better representation of the effects of boundary conditions (e.g., sea surface temperature and soil moisture) may improve forecasts. ""Perfect coupled model"" potential predictability estimates are sensitive to the coupled model used and so it is not yet possible to estimate ultimate levels of seasonal predictability. The impact of forecast information on different users with different mitigation strategies (i.e., ways of coping with a weather or climate event) is investigated. The importance of using forecast information to reduce volatility as well as reducing the expected expense is highlighted. The possibility that weather forecasts can affect the cost of mitigating actions is considered. The simplified analysis leads to different conclusions about the usefulness of forcasts that could guide decisions about the development of ""end-to-end"" (forecast-to-user decision) systems. © 2006 American Meteorological Society.",2006,Journal of Climate,Rodwell M.; Doblas-Reyes F.,European Centre for Medium-Range Weather Forecasts,GB,49,False,,08948755,,Irrigation_Decision
2-s2.0-33748326010,scopus,10.1175/JCLI3795.1,Influence of initial conditions on summer precipitation simulations over the United States and Mexico,"The impact of initial conditions on summer precipitation over North America for July-September was examined by comparing long-term simulations of the Atmospheric Model Intercomparison Project (AMIP) runs with the ensemble simulations (SIMUs) initialized at the end of June each year. Both types of simulations use the observed SSTs as boundary conditions, and hence, the differences are a result of the initial conditions. Experiments were performed using the NCEP Global Forecast System (GFS) T126L28 model with 28 vertical levels. Over the monsoon core region, the model has the correct relationship between evaporation (E) and soil moisture and the T126 model has enough horizontal resolution to simulate the moisture transport from the Gulf of California. Over the Great Plains, the model has dry and warm biases. These biases are larger in the AMIP runs in comparison with the SIMU. Two major model errors contribute to the biases: 1) the deep soil layer (10-200 cm) is far too dry and does not have enough variability; and 2) the model does not have the correct relationship between E and soil moisture at the top level 10 cm (SM10cm). The linear E-SM10cm relationship in the model has a large slope in spring and early summer. Evaporation tends to drop too sharply and too quickly during the model dry periods; it does increase during rainfall periods, but the model still has an overall deficit in E. The SIMU runs have better estimated E values supplied by the initial conditions and the surface conditions deteriorate slow enough to have better seasonal mean summer E and precipitation than the AMIP runs. The results here may be model dependent. For the GFS model, the initial conditions supply better estimates of soil moisture and surface fluxes at the beginning of a simulation, which compensates for model errors. © 2006 American Meteorological Society.",2006,Journal of Climate,Mo K.C.; Schemm J.E.; Kim H.; Higgins W.R.,National Center for Environmental Prediction,US,6,False,,08948755,,Irrigation_Decision
2-s2.0-33646808642,scopus,10.1175/JCLI3686.1,"Influence of ""realistic"" land surface wetness on predictability of seasonal precipitation in boreal summer","Outputs from two ensembles of atmospheric model simulations for 1951-98 define the influence of ""realistic: land surface wetness on seasonal precipitation predictability in boreal summer. The ensembles consist of one forced with observed sea surface temperatures (SSTs) and the other forced with realistic land surface wetness as well as SSTs. Predictability was determined from correlations between the time series of simulated and observed precipitation. The ratio of forced variance to total variance determined potential predictability. Predictability occurred over some land areas adjacent to tropical oceans without land wetness forcing. On the other hand, because of the chaotic nature of the atmosphere, considerable parts of the land areas of the globe did not even show potential predictability with both land wetness and SST forcings. The use of land wetness forcing enhanced predictability over semiarid regions. Such semiarid regions are generally characterized by a negative correlation between fluxes of latent heat and sensible heat from the land surface, and are ""water-regulating"" areas where soil moisture plays a governing role in land-atmosphere interactions. Actual seasonal prediction may be possible in these regions if slowly varying surface conditions can be estimated in advance. In contrast, some land regions (e.g., south of the Sahel, the Amazon, and Indochina) showed little predictability despite high potential predictability. These regions are mostly characterized by a positive correlation between the surface fluxes, and are ""radiation-regulating"" areas where the atmosphere plays a leading role. Improvements in predictability for these regions may require further improvements in model physics. © 2006 American Meteorological Society.",2006,Journal of Climate,Kanae S.; Hirabayashi Y.; Yamada T.; Oki T.,"Institute of Industrial Science; National Institutes for the Humanities, Research Institute for Humanity and Nature; University of Yamanashi",JP,33,True,gold,08948755,,Irrigation_Decision
2-s2.0-33646402583,scopus,10.1029/2005JD006246,Performance of two cloud-radiation parameterization schemes in the finite volume general circulation model for anomalously wet May and June 2003 over the continental United States and Amazonia,"An objective assessment of the impact of a new cloud scheme, called Microphysics of Clouds with Relaxed Arakawa-Schubert Scheme (McRAS) (together with its radiation modules), on the finite volume general circulation model (fvGCM) was made with a set of ensemble forecasts that invoke performance evaluation over both weather and climate timescales. The performance of McRAS (and its radiation modules) was compared with that of the National Center for Atmospheric Research Community Climate Model (NCAR CCM3) cloud scheme (with its NCAR physics radiation). We specifically chose the boreal summer months of May and June 2003, which were characterized by an anomalously wet eastern half of the continental United States as well as northern regions of Amazonia. The evaluation employed an ensemble of 70 daily 10-day forecasts covering the 61 days of the study period. Each forecast was started from the analyzed initial state of the atmosphere and spun-up soil moisture from the first-day forecasts with the model. Monthly statistics of these forecasts with up to 10-day lead time provided a robust estimate of the behavior of the simulated monthly rainfall anomalies. Patterns of simulated versus observed rainfall, 500-hPa heights, and top-of-the-atmosphere net radiation were recast into regional anomaly correlations. The correlations were compared among the simulations with each of the schemes. The results show that fvGCM with McRAS and its radiation package performed discernibly better than the original fvGCM with CCM3 cloud physics plus its radiation package. The McRAS cloud scheme also showed a reasonably positive response to the observed sea surface temperature on mean monthly rainfall fields at different time leads. This analysis represents a method for helpful systematic evaluation prior to selection of a new scheme in a global model. Copyright 2006 by the American Geophysical Union.",2006,Journal of Geophysical Research Atmospheres,Sud Y.C.; Mocko D.M.; Lin S.J.,NASA Goddard Space Flight Center; Princeton University; SAIC-Frederick,US,4,True,gold,01480227,,Irrigation_Decision
2-s2.0-33645395731,scopus,10.1191/0959683606hl917rp,"North American droughts of the mid to late nineteenth century: A history, simulation and implication for Mediaeval drought","Unlike the major droughts of the twentieth century that are readily identified in the instrumental record, similar events in the nineteenth century have to be identified using a combination of proxy data, historical accounts and a sparse collection of early instrumental records. In the USA, three distinct periods of widespread and persistent drought stand out in these records for the latter half of the nineteenth century: 1856-1865, 1870-1877 and 1890-1896. Each of these events is shown to coincide with the existence of an anomalously cool, La Niña-like tropical Pacific. To examine the physical mechanisms behind these droughts two ensembles of simulations with an atmosphere general circulation model (AGCM) were generated: the first forces an AGCM with the observed history of Sea Surface Temperatures (SSTs) everywhere from 1856 to 2001 (the GOGA experiment), the second forces the AGCM only with tropical Pacific SSTs, being coupled to a two-layer entraining mixed layer (ML) ocean elsewhere (the POGA-ML experiment). Owing to a sparsity of instrumental precipitation data at this time, proxy evidence from tree rings is used as verification. A comparison of modelled soil moisture with tree-ring reconstructions of the Palmer Drought Severity Index (PDSI), a proxy for soil moisture, from the North American Drought Atlas is made. Both the POGA-ML and GOGA ensemble means capture the three multi-year droughts of the mid to late nineteenth century, indicating that the droughts were SST forced. The similarity of the POGA-ML and GOGA simulations implies that the component of each drought signal that is forced by the SST is driven ultimately by the La Niña-like tropical Pacific. The global atmosphere-ocean context of each of the mid to late-nineteenth century droughts reveals a zonally and hemispherically symmetric pattern consistent with forcing from the tropics. In addition, Rossby wave propagation from the cooler equatorial Pacific amplifies dry conditions over the USA. Finally, using published coral data for the last millennium to reconstruct a NINO 3.4 history, the modern-day relationship between NINO 3.4 and North American drought is applied to recreate two of the severest Mediaeval 'drought epochs' in the western USA. The large-scale spatial similarity to the Drought Atlas data demonstrates the potential link between a colder eastern equatorial Pacific and the persistent North American droughts of the Mediaeval period. © 2006 Edward Arnold (Publishers) Ltd.",2006,Holocene,Herweijer C.; Seager R.; Cook E.R.,Lamont-Doherty Earth Observatory,US,153,False,,09596836,Drought;La Niña;Mediaeval climate anomaly;Megadrought;North America,Irrigation_Decision
2-s2.0-31544440984,scopus,10.1175/JCLI3552.1,Impact of sea surface temperature and soil moisture on seasonal rainfall prediction over the Sahel,"The ensemble rainfall forecasts over the Sahel for July-September (JAS) from the NCEP Coupled Forecast System (CFS) were evaluated for the period 1981-2002. The comparison with the gauge-based precipitation analysis indicates that the predicted Sahel rainfall is light and exhibits little interannual variability. The rain belt is shifted about 4° southward. One major source of rainfall errors comes from the erroneous sea surface temperature (SST) forecasts. The systematic SST error pattern has positive errors in the North Pacific and the North Atlantic and negative errors in the tropical Pacific and the southern oceans. It resembles the decadal SST mode, which has a significant influence on rainfall over the Sahel. Because the systematic SST errors were not corrected during the forecasts, persistent errors serve as an additional forcing to the atmosphere. The second source of error is from the soil moisture feedback, which contributes to the southward shift of rainfall and dryness over West Africa. This was demonstrated by the comparison between simulations (SIMs) and the Atmospheric Model Intercomparison Project (AMIP) run. Both are forced with observed SSTs. The SIMs initialized at the end of June have realistic soil moisture and do not show the southward shift of rainfall. The AMIP, which predicts soil moisture, maintains the dryness through the summer over the Sahel. For AMIP, the decreased rainfall is contributed by the decreased evaporation (E) due to the dry soil and the shift of the large temperature gradients southward. In response, the African easterly jet (AEJ) shifts southward. Since this jet is the primary source of energy for the African waves and their associated mesoscale convective systems, these too shift southward. This negative feedback contributes to increased dryness over the Sahel. © 2005 American Meteorological Society.",2005,Journal of Climate,Thiaw W.; Mo K.,National Oceanic and Atmospheric Administration,US,28,False,,08948755,,Irrigation_Decision
2-s2.0-80053105140,scopus,,A water balance model for the simulation of complex headworks operations,"Balancing water supply with demand is under stress in Australia and many other countries where fresh water resources are scarce. It is essential to develop a better water resource planning and management strategy to reduce the risk of supply shortage. A computationally efficient basis for water balance simulation amongst the nodes of a multiple reservoir system is important to assess alternate operational plans and policies. This study is part of an Australian Research Council and Sydney Catchment Authority funded project that aims to develop a generic basis for probabilistic forecasting of reservoir inflows into the Sydney Catchment Authority water supply system. One of the outcomes desired from this study is a modeling platform that enables the probabilistic forecasts to be coupled to a water supply reservoir simulation model. This paper presents the basis of a water balance model for the simulation and evaluation of water supply headworks planning and operations that is being developed. The model uses system and network node water mass conservation as a sole constraint and hence allows users to specify operating rules at individual nodes to enable water distribution across the entire network system. Optimization of water allocation to meet downstream demand is achieved by estimating net water availability called virtual storage at each non-reservoir node. The model adopts a variable computational time step, ranging from hourly to yearly, enabling the real time simulation of various hydrological events, such as flooding and long term drought, to be carried out for risk management studies. For the purpose of medium term prediction of reservoir storage against demand, the new model provides an interface with which a multi-site probabilistic stream flow forecasting model can be directly coupled. An important aim in developing the model is to ensure minimum computer run time and simplicity of interpretation, given the uncertainty associated with the likely operational policies the model would suggest when coupled to the probabilistic forecasting system. Consequently, simplistic assumptions are made to distribute the water downstream of any node with the aim of executing the simulation without resorting to optimization at each time step. As an alternative, cost based optimization algorithms are intended to be included into the model to perform the same operation, at a later stage. The modeling system has been developed with Intel Visual Fortran using Microsoft Visual Studio .Net as a platform, which allows visualization and animation of real time reservoir storage and river flow to be possible at a later stage of the model development. In this paper, we describe the development of the new model and show an example of model application to the Sydney Catchment Authority water supply network system for the simulation of multiple-reservoir system operations using a period of ninety years of historical stream flow records. Based on the analysis of the preliminary results, the proposed model has been found capable of producing reasonable results in simulating multiple-reservoir system operations.",2005,Modsim05 International Congress on Modelling and Simulation Advances and Applications for Management and Decision Making Proceedings,Xu P.; Sharma A.; Cordery I.; Kibria G.,Sydney Catchment Authority; UNSW Sydney,AU,0,False,,,ENSO;Multiple-reservoir;Virtual storage;Water balance,Irrigation_Decision
2-s2.0-17944381868,scopus,10.1029/2004JD004508,A retrospective assessment of National Centers for Environmental prediction climate model-based ensemble hydrologic forecasting in the western United States,"We assess the potential forecast skill of a climate model-based approach for seasonal ensemble hydrologic and streamflow forecasting for the western United States. By using climate model ensemble forecasts and ensembles formed via the resampling of observations, we distinguish hydrologic forecast skill resulting from the predictable evolution of initial hydrologic conditions from that derived from the climate model forecasts. Monthly climate model ensembles of precipitation and temperature produced by the National Centers for Environmental prediction global spectral model (GSM) are downscaled for use as forcings of the variable infiltration capacity (VIC) hydrologic model. VIC then simulates ensembles of streamflow and spatially distributed hydrologic variables such as snowpack, soil moisture, and runoff. The regional averages of the ensemble forcings and derived hydrologic variables were evaluated over five regions: the Pacific Northwest, California, the Great Basin, the Colorado River basin, and the upper Rio Grande River basin. The skill assessment focuses on a retrospective 21-year period (1979-1999) during which GSM retrospective forecast ensembles (termed hindcasts), created using similar procedures to GSM real-time forecasts, are available. The observational verification data set for the hindcasts was a retrospective hydroclimatology at 1/8°-1/ 4° consisting of gridded observations of temperature and precipitation and gridded hydrologic simulation results (for hydrologic variables and streamflow) based on the observed meteorological inputs. The GSM hindcast skill was assessed relative to that of a naive ensemble climatology forecast and to that of ensemble streamflow prediction (ESP) hindcasts, a forecast baseline sharing the same initial condition information as the GSM-based hindcasts. We found that the unconditional (all years) GSM hindcasts for regionally averaged variables provided practically no skill improvement over the ESP hindcasts and did not lead to improved regional hydrologic variable or streamflow forecasts. GSM-based conditional (strong El Nino-Southern Oscillation (ENSO) years only) hindcasts, however, had higher skill in number of hindcast months for surface air temperature, with mixed results (better and worse) for precipitation, depending on location and season. Consequently, for California and to a lesser extent the Pacific Northwest and Great Basin, hydrologic hindcast skill in winter and fall increased enough under the strong ENSO composite that streamflow hindcasts were measurably better than with ESP. The opposite was found, however, for the Colorado and upper Rio Grande River basins, where the ENSO teleconnection is somewhat weaker. Copyright 2005 by the American Geophysical Union.",2005,Journal of Geophysical Research D Atmospheres,Wood A.W.; Kumar A.; Lettenmaier D.P.,National Oceanic and Atmospheric Administration; UW College of Engineering,US,89,False,,01480227,,Irrigation_Decision
2-s2.0-10944236930,scopus,,"Better predictability with ""perfect"" soil moisture","Potential predictability of surface air temperature and prediction over the United States for the National Centers for Environmental Prediction seasonal climate forecast GCM were conducted. Ensemble experiments were ran by forcing the GCM with observed sea surface temperatures (SSTs) from 1979 through 2000 and an estimate of observed soil moisture content. The latter was obtained by substituting the GCM simulated precipitation, which is used to drive the GCM's land-surface component, with observed pentad (five-day)-mean precipitation at each time step of the model's integration. The resultant data were analyzed in detail.",2004,Bulletin of the American Meteorological Society,Yang F.; Kumar A.; Lau K.M.,NASA Goddard Space Flight Center,US,0,False,,00030007,,Irrigation_Decision
2-s2.0-3142538915,scopus,10.1016/j.jhydrol.2004.02.015,"Seasonal predictability of the summer hydrometeorology of the River Thames, UK","There is growing evidence that the seasonal climate of northern extratropical regions can be predicted with lead times of several months. This paper examines the seasonal predictability of summer hydrometeorological conditions (air temperatures, precipitation, soil moisture status and naturalised river flows) for the River Thames basin using significant lagged relationships to wintertime sea surface temperatures (SSTs), sea-ice extent, and atmospheric circulation patterns over the North Atlantic and Tropics since 1946. Stepwise regression on untransformed and lognormal responses reveal strong summertime forcing of air temperatures and precipitation by SSTs; of precipitation and soil moisture by sea-ice extent; and of temperatures, soil moisture and river flow by pressure anomalies over the Barents/Greenland Sea. Not surprisingly, wintertime soil moisture status and river flows were also important endogenous predictors of summer conditions. All seasonal models possessed greater skill than climatology, with levels of explained variance between 13 and 79% when tested using data not used for model calibration. Asymmetry in the most promising predictor-response relationship can also be exploited via compositing techniques. This enables probabilistic forecasting of summer river flows given certain weather patterns in the North Atlantic. © 2004 Elsevier B.V. All rights reserved.",2004,Journal of Hydrology,Wilby R.; Wedgbrow C.; Fox H.,Environment Agency; King's College London; University of Derby,GB,52,False,,00221694,Drought indices;Precipitation;River flows;River Thames;Seasonal forecast,Irrigation_Decision
2-s2.0-2342442340,scopus,10.1007/s00382-003-0386-5,Relevance of soil moisture for seasonal atmospheric predictions: Is it an initial value problem?,"Ensembles of boreal summer atmospheric simulations, spanning a 15-year period (1979-1993), are performed with the ARPEGE climate model to investigate the influence of soil moisture on climate variability and potential predictability. All experiments are forced with observed monthly mean sea surface temperatures. In addition to a control experiment with interactive soil moisture boundary conditions, two sensitivity experiments are performed. In the first, the interannual variability of the deep soil moisture is removed during the whole season, through a relaxation toward the monthly mean model climatology. In the second, only the variability of the initial soil moisture conditions is suppressed. While it is shown that soil moisture strongly contributes to the climate variability simulated in the control experiment, an analysis of variance indicates that soil moisture does not represent a significant source of predictability in most continental areas. The main exception is the North American continent, where climate predictability is clearly reduced through the use of climatological initial conditions. Using climatological soil moisture boundary conditions does not lead to strong and homogeneous impacts on potential predictability, thereby suggesting that the climate signals driven by the sea surface temperature variability are not generally amplified by interactive soil moisture and that the relevance of soil moisture for seasonal forecasting is mainly an initial value problem. © Springer-Verlag 2004.",2004,Climate Dynamics,Douville H.,Centre National de Recherches Météorologiques,FR,55,False,,09307575,,Irrigation_Decision
2-s2.0-1642347938,scopus,10.1175/1520-0442(2004)017<0485:COLDIT>2.0.CO;2,Causes of long-term drought in the U.S. Great Plains,"The U.S. Great Plains experienced a number of multiyear droughts during the last century, most notably the droughts of the 1930s and 1950s. This study examines the causes of such droughts using ensembles of longterm (1930-2000) simulations carried out with the NASA Seasonal-to-Interannual Prediction Project (NSIPP-1) atmospheric general circulation model (AGCM) forced with observed sea surface temperatures (SSTs). The results show that the model produces long-term (multiyear) variations in precipitation in the Great Plains region (30°50°N, 95°-105°W) that are similar to those observed. A correlative analysis suggests that the ensemble-mean low-frequency (time scales longer than about 6 yr) rainfall variations in the Great Plains are linked to a pan-Pacific pattern of SST variability that is the leading empirical orthogonal function (EOF) in the low-frequency SST data. The link between the SST and the Great Plains precipitation is confirmed in idealized AGCM simulations, in which the model is forced by the two polarities of the pan-Pacific SST pattern. The idealized simulations further show that it is primarily the tropical part of the SST anomalies that influences the Great Plains. As such, the Great Plains tend to have above-normal precipitation when the tropical Pacific SSTs are above normal, while there is a tendency for drought when the tropical SSTs are cold. The upper-tropospheric response to the pan-Pacific SST EOF shows a global-scale pattern with a strong wave response in the Pacific and a substantial zonally symmetric component in which U.S. Great Plains pluvial (drought) conditions are associated with reduced (enhanced) heights throughout the extratropics. The potential predictability of rainfall in the Great Plains associated with SSTs is rather modest, with about one-third of the total low-frequency rainfall variance being forced by SST anomalies. Further idealized experiments with climatological SST suggest that the remaining low-frequency variance in the Great Plains precipitation is the result of interactions with soil moisture. In particular, simulations with soil moisture feedback show a fivefold increase in the variance in annual Great Plains precipitation compared with simulations in which the soil feedback is excluded. In addition to increasing variance, the interactions with the soil introduce a year-to- year memory in the hydrological cycle. The impact of soil memory is consistent with it red noise process, in which the deep soil is forced by white noise and damped with a time scale of about 1.5 yr. As such, the role of low-frequency SST variability is to introduce a bias to the net forcing on the soil moisture that drives the random process preferentially to either wet or dry conditions. © 2004 American Meteorological Society.",2004,Journal of Climate,Schubert S.D.; Suarez M.J.; Pegion P.J.; Koster R.D.; Bacmeister J.T.,"NASA Goddard Space Flight Center; SAIC-Frederick; University of Maryland, Baltimore (UMB)",US,337,True,gold,08948755,,Irrigation_Decision
2-s2.0-3042694353,scopus,10.1007/bf02915572,Recent advances in dynamical extra-seasonal to annual climate prediction at IAP/CAS,"Recent advances in dynamical climate prediction at the Institute of Atmospheric Physics, Chinese Academy of Sciences (IAP/CAS) during the last five years have been briefly described in this paper. Firstly, the second generation of the IAP dynamical climate prediction system (IAP DCP-II) has been described, and two sets of hindcast experiments of the summer rainfall anomalies over China for the periods of 1980-1994 with different versions of the IAP AGCM have been conducted. The comparison results show that the predictive skill of summer rainfall anomalies over China is improved with the improved IAP AGCM in which the surface albedo parameterization is modified. Furthermore, IAP DCP-II has been applied to the real-time prediction of summer rainfall anomalies over China since 1998, and the verification results show that IAP DCP-II can quite well capture the large scale patterns of the summer flood/drought situations over China during the last five years (1998-2002). Meanwhile, an investigation has demonstrated the importance of the atmospheric initial conditions on the seasonal climate prediction, along with studies on the influences from surface boundary conditions (e.g., land surface characteristics, sea surface temperature). Certain conclusions have been reached, such as, the initial atmospheric anomalies in spring may play an important role in the summer climate anomalies, and soil moisture anomalies in spring can also have a significant impact on the summer climate anomalies over East Asia. Finally, several practical techniques (e.g. ensemble technique, correction method, etc.), which lead to the increase of the prediction skill for summer rainfall anomalies over China, have also been illustrated. The paper concludes with a list of critical requirements needed for the further improvement of dynamical seasonal climate prediction.",2004,Advances in Atmospheric Sciences,Lin Z.; Wang H.; Zhou G.; Chen H.; Lang X.; Zhao Y.; Zheng Q.,Institute of Atmospheric Physics Chinese Academy of Sciences,CN,6,False,,02561530,Correction method;Ensemble technique;ENSO prediction;Seasonal prediction;Soil moisture,Irrigation_Decision
2-s2.0-0842313029,scopus,10.1175/1525-7541(2003)004<1044:ATIOSM>2.0.CO;2,Assessing the influence of soil moisture on seasonal climate variability with AGCMs,"Ensembles of boreal summer atmospheric simulations, spanning a 15-yr period (1979-93), are performed with the Action de Recherche Petite Echelle Grande Echelle (ARPEGE) climate model to investigate the possible influence of soil moisture (SM) on climate variability and predictability. All experiments are forced with observed sea surface temperatures. In addition to a control experiment using interactive SM boundary conditions, two sensitivity experiments are performed with a relaxation of total SM toward different monthly mean datasets: the ARPEGE climatology and the Global Soil Wetness Project climatology. Both sensitivity experiments indicate that damping the SM variability leads to a clear and robust reduction in low-level temperature variability over most areas in the Tropics and the summer extratropics. Variability in precipitation is not necessarily reduced because the effect of reduced evaporation variability can be offset by an increase in the mean precipitation. Such an increase is however very limited when ARPEGE is relaxed toward its own SM climatology. Changes in predictability are less homogeneous than changes in variability. For example, SM appears to be a source of predictability over North America, but not over India. Several reasons can be proposed for such a contrast in the regional reponses, including the stronger evaporation-precipitation feedback in the interior of the North American continent than over the Indian peninsula. Though generally limited in magnitude, some impacts found on potential predictability suggest that there is still some hope for improving dynamical seasonal forecasts in the summer midlatitudes. The study also indicates that the impact of SM on precipitation variability is not only model dependent, but also subject to the experiment design. Different strategies could be necessary to study the role of the land-atmosphere feedback at the synoptic and seasonal timescales, respectively.",2003,Journal of Hydrometeorology,Douville H.,Centre National de Recherches Météorologiques,FR,79,False,,1525755X,,Irrigation_Decision
2-s2.0-0346656460,scopus,10.1175/1520-0442(2003)016<3946:STMUDO>2.0.CO;2,Simulating the midwestern U.S. drought of 1988 with a GCM,"Past studies have suggested that the drought of the summer of 1988 over the midwestern United States may have been caused by sea surface temperature (SST) anomalies, an evolving stationary circulation, a soil moisture feedback on circulation and rainfall, or even by remote forcings. The relative importance of various contributing factors is investigated in this paper through the use of Goddard Earth Observing System (GEOS) GCM simulations. Seven different experiments, each containing an ensemble of four simulations, were conducted with the GCM. For each experiment, the GCM was integrated through the summers of 1987 and 1988 starting from an analyzed atmosphere in early January of each year. In the baseline case, only the SST anomalies and climatological vegetation parameters were prescribed, while everything else (such as soil moisture, snow cover, and clouds) was interactive. The precipitation differences (1988 minus 1987) show that the GCM was successful in simulating reduced precipitation in 1988, but the accompanying low-level circulation anomalies in the Midwest were not well simulated. To isolate the influence of the model's climate drift, analyzed winds and analyzed soil moisture were prescribed globally as continuous updates (in isolation or jointly). The results show that remotely advected wind biases (emanating from potential errors in the model's dynamics and physics) are the primary cause of circulation biases over North America. Inclusion of soil moisture helps to improve the simulation as well as to reaffirm the strong feedback between soil moisture and precipitation. In a case with both updated winds and soil moisture, the model produces more realistic evapotranspiration and precipitation differences. An additional case also used soil moisture and winds updates, but only outside North America. Its simulation is very similar to that of the case with globally updated winds and soil moisture, which suggests that North American simulation errors originate largely outside the region. Two additional cases examining the influence of vegetation were built on this case using correct and opposite-year vegetation. The model did not produce a discernible improvement in response to vegetation for the drought year. One may conclude that the soil moisture governs the outcome of the land-atmosphere feedback interaction far more than the vegetation parameters. A primary inference of this study is that even though SSTs have some influence on the drought, model biases strongly influence the prediction errors. It must be emphasized that the results from this study are dependent upon the GEOS model's identified errors and biases, and that the conclusions do not necessarily apply to results from other models.",2003,Journal of Climate,Sud Y.; Mocko D.; Lau K.; Atlas R.,General Sciences Corporation; NASA Goddard Space Flight Center,US,33,True,gold,08948755,,Irrigation_Decision
2-s2.0-1342268203,scopus,10.1029/2002jd002810,Predictability and uncertainty in a regional climate model,"The evaluation of the quality and usefulness of climate modeling systems is dependent upon an assessment of both the limited predictability of the climate system and the uncertainties stemming from model formulation. In this study a methodology is presented that is suited to assess the performance of a regional climate model (RCM), based on its ability to represent the natural interannual variability on monthly and seasonal timescales. The methodology involves carrying out multiyear ensemble simulations (to assess the predictability bounds within which the model can be evaluated against observations) and multiyear sensitivity experiments using different model formulations (to assess the model uncertainty). As an example application, experiments driven by assimilated lateral boundary conditions and sea surface temperatures from the ECMWF Reanalysis Project (ERA-15, 1979-1993) were conducted. While the ensemble experiment demonstrates that the predictability of the regional climate varies strongly between different seasons and regions, being weakest during the summer and over continental regions, important sensitivities of the modeling system to parameterization choices are uncovered. In particular, compensating mechanisms related to the long-term representation of the water cycle are revealed, in which summer dry and hot conditions at the surface, resulting from insufficient evaporation, can persist despite insufficient net solar radiation (a result of unrealistic cloud-radiative feedbacks). © 2003 by the American Geophysical Union.",2003,Journal of Geophysical Research Atmospheres,Vidale P.L.; Lüthi D.; Frei C.; Seneviratne S.I.; Schär C.,Institut für Atmosphäre und Klima,CH,153,False,,01480227,Atmospheric predictability;Interannual variability;Land surface processes;Radiative transfer;Regional climate modeling;Soil moisture,Irrigation_Decision
2-s2.0-0042848657,scopus,10.1175/1525-7541(2003)004<0599:TROTLS>2.0.CO;2,The role of the land surface background state in climate predictability,"Skill in ensemble-mean dynamical seasonal climate hindcasts with a coupled land-atmosphere model and specified observed sea surface temperature is compared to that for long multidecade integrations of the same model where the initial conditions are far removed from the seasons of validation. The evaluations are performed for surface temperature and compared among all seasons. Skill is found to be higher in the seasonal simulations than in the multidecadal integrations except during boreal winter. The higher skill is prominent even beyond the first month when the direct influence of the atmospheric initial state elevates model skill. Skill is generally found to be lowest during the winter season for the dynamical seasonal forecasts. This is in contrast to the multiyear integrations, which show some of the highest skill during winter-as high as the dynamical seasonal forecasts. The reason for the differences in skill during the nonwinter months is attributed to the severe climate drift in the long simulations, manifested through errors in downward fluxes of water and energy over land and evident in soil wetness. The drift presses the land surface to extreme dry or wet states over much of the globe, into a range where there is little sensitivity of evaporation to fluctuations in soil moisture. Thus, the land- atmosphere feedback is suppressed, which appears to lessen the model's ability to respond correctly over land to remote ocean temperature anomalies. During winter the land surface is largely decoupled from the atmosphere due to increased baroclinic activity in the land-dominated Northern Hemisphere, while at the same time tropical ocean anomalies have their strongest influence. This combination of effects neutralizes the negative impact of climate drift over land during that season and puts all of the climate simulations on an equal footing.",2003,Journal of Hydrometeorology,Dirmeyer P.A.,Center for Ocean-Land-Atmosphere Studies,US,55,False,,1525755X,,Irrigation_Decision
2-s2.0-0038007509,scopus,10.1175/1520-0442(2003)016<1665:ECCPOS>2.0.CO;2,Ensemble canonical correlation prediction of surface temperature over the United States,"The ensemble canonical correlation (ECC) prediction method is used to predict summer (July-September) and winter (January-March) seasonal mean surface temperature (T<inf>surf</inf>) over the United States. The predictors are the global sea surface temperature (SST), sea level pressure over the Northern Hemisphere T<inf>surf</inf>, and soil moisture over the United States from one to two seasons lead, as well as the model outputs from the NCEP seasonal forecast model. The canonical correlation analysis (CCA) prediction is performed for each variable separately. The predicted T<inf>surf</inf> fields form an ensemble. The ensemble forecast is the weighted average of its members. Both the simple ensemble forecast and the superensemble forecast are tested. The simple ensemble mean is the equally weighted average of its members. The weighting function for the superensemble forecast is determined by linear regression analysis. Overall, both ensemble forecasts improve skill. On average, the superensemble gives the best performance. For summer, both ensemble forecasts improve skill substantially in comparison with the CCA forecasts based on the SST alone. Different variables recognize different forcing. They have forecast skills over different regions of the United States. Therefore, the ensemble forecasts are skillful. For summer, the leading SST modes that contribute to the sources of skill are associated with the long-term decadal trends, ENSO, and variability in the North Atlantic. In addition to SSTs, soil moisture in March-May also plays an important role in forecasting T<inf>surf</inf> in summer. For winter, SSTs in the tropical Pacific associated with the decadal and ENSO variability dominate the contribution.",2003,Journal of Climate,Mo K.,National Oceanic and Atmospheric Administration,US,25,True,gold,08948755,,Irrigation_Decision
2-s2.0-0036747156,scopus,10.1175/1520-0442(2002)015<2555:CSRIPD>2.0.CO;2,China's rainfall interannual predictability: Dependence on the annual cycle and surface anomalies,"China's rainfall interannual predictability is generally believed to depend upon the accurate representation of its annual cycle as well as teleconnections with planetary surface anomalies, including tropical east Pacific sea surface temperature and Eurasian snow and soil moisture. A suite of general circulation model (GCM) simulations is used to ascertain the existence of these relationships. First, a comparison of thirty 1980-88 Atmospheric Model Intercomparison Project (AMIP) GCM simulations shows no clear correspondence between model skill to reproduce observed rainfall annual cycle and interannual variability. Thus, accurate representation of either component does not ensure the realistic simulation of the other. Second, diagnosis of the 1903-94 and 1950-97 National Center for Atmospheric Research (NCAR) Community Climate Model, version 3 (CCM3), ensemble integrations indicates the existence of teleconnections in which spring planetary surface anomalies lead China's summer rainfall variations. These teleconnections, however, are sensitive to initial conditions, which define distinct dynamic regimes during the integration period. In addition, analysis of the NCAR Climate System Model (CSM) 300-yr equilibrium simulation reveals that the teleconnections display decadal variations. These results cast doubt on the traditional physical mechanisms that explain China's rainfall teleconnections and, hence, emphasize the need to incorporate interactions between planetary surface anomalies and specific dynamic regimes.",2002,Journal of Climate,Liang X.Z.; Samel A.N.; Wang W.C.,Illinois State Water Survey,US,5,False,,08948755,,Irrigation_Decision
2-s2.0-0036539319,scopus,10.1175/1520-0442(2002)015<0701:IOSMOT>2.0.CO;2,Influence of soil moisture on the Asian and African monsoons. Part II: Interannual variability,"The relevance of soil moisture (SM) for simulating the interannual climate variability has not been much investigated until recently. Much more attention has been paid on SST anomalies, especially in the Tropics where the El Niño-Southern Oscillation represents the main mode of variability. In the present study, ensembles of atmospheric integrations based on the Action de Recherche Petit Echelle Grande Echelle (ARPEGE) climate model have been performed for two summer seasons: 1987 and 1988, respectively. The aim is to compare the relative impacts of using realistic boundary conditions of SST and SM on the simulated variability of the Asian and African monsoons. Besides control runs with interactive SM, sensitivity tests have been done in which SM is relaxed toward a state-of-the-art SM climatology, either globally or regionally over the monsoon domain. The simulations indicate that the variations of the Asian monsoon between 1987 and 1988 are mainly driven by SST anomalies. This result might be explained by the strong teleconnection with the ENSO and by a weak SM-precipitation feedback over south Asia (Part I of the study). The influence of SM is more obvious over Africa. The model needs both realistic SST and SM boundary conditions to simulate the observed variability of the Sahelian monsoon rainfall. The positive impact of the SM relaxation is not only due to a local mechanism whereby larger surface evaporation leads to a larger precipitation. The best results are obtained when the relaxation is applied globally, suggesting that remote SM impacts also contribute to the improved simulation of the precipitation variability. A relationship between the Sahelian rainfall anomalies and the meridional wind anomalies over North Africa points out the possible influence of the Northern Hemisphere midlatitudes. The comparison of the low- and midtropospheric anomalies in the various pairs of experiments indicates that SM anomalies can trigger stationary waves over Europe, and thereby promote the intrusion of dry air from the midlatitudes into the Tropics. The study therefore emphasizes the relevance of SM for seasonal climate predictions, at least in summer in the Northern Hemisphere, and shows a dynamical interaction between the Tropics and extratropics.",2002,Journal of Climate,Douville H.,Centre National de Recherches Météorologiques,FR,117,False,,08948755,,Irrigation_Decision
2-s2.0-0035428438,scopus,10.1175/1520-0442(2001)014<3173:POTASA>2.0.CO;2,Predictability of the 1997 and 1998 South Asian summer monsoon low-level winds,"The predictability of the 1997 and 1998 south Asian summer monsoon winds is examined from an ensemble of 10 atmospheric general circulation model simulations with prescribed sea surface temperatures (SSTs) and soil moisture. The simulations have no memory of atmospheric initial conditions for the periods of interest. The model simulations show that the 1998 monsoon is considerably more predictable than the 1997 monsoon. During May and June of 1998 the predictability of the low-level wind anomalies is largely associated with a local response to anomalously warm Indian Ocean SSTs. Predictability increases late in the season (July and August) as a result of the strengthening of the anomalous Walker circulation and the associated development of easterly low-level wind anomalies that extend westward across India and the Arabian Sea. During these months the model is also the most skillful, with the analyses showing a similar late-season westward extension of the easterly wind anomalies. The model shows little predictability or skill in the monthly mean low-level winds over Southeast Asia during 1997. Predictable wind anomalies do occur over the western Indian Ocean and Indonesia: however, over the Indian Ocean the predictability is artificial, because the model is responding to SST anomalies that were wind driven. The reduced predictability in the low-level winds during 1997 appears to be the result of a weaker (as compared with 1998) simulated anomalous Walker circulation, and the reduced skill is associated with pronounced intraseasonal activity that is not captured well by the model. It is remarkable that the model does produce an ensemble mean Madden-Julian oscillation (MJO) response, though it is approximately in quadrature with, and much weaker than, the observed MJO anomalies during 1997.",2001,Journal of Climate,Schubert S.D.; Wu M.L.,NASA Goddard Space Flight Center,US,11,False,,08948755,,Irrigation_Decision
2-s2.0-0035716040,scopus,10.5194/npg-8-373-2001,The role of soil states in medium-range weather predictability,"Current day operational ensemble weather prediction systems generally rely upon perturbed atmospheric initial states, thereby neglecting the eventual effect on the atmospheric evolution that uncertainties in initial soil temperature and moisture fields could bring about during the summer months. The purpose of this study is to examine the role of the soil states in medium-range weather predictability. A limited area weather prediction model is used with the atmosphere/land-surface system in coupled or uncoupled mode. It covers Europe and part of the north Atlantic, and is driven by prescribed sea-surface temperatures over the sea, and by atmospheric reanalyses at its lateral boundaries. A series of 3 member ensembles of summer simulations are used to assess the predictability of a reference simulation assumed to be perfect. In a first step, two ensembles are simulated: the first with the atmosphere coupled to the land-surface model, the second in the uncoupled mode with perfect soil conditions prescribed every 6 hours. Subsequent experiments are combinations thereof, in which the uncoupled and coupled modes alternate in the course of a simulation. The results show that there are ""stable"" and ""unstable"" periods in the weather evolution under consideration. During the stable periods, the predictability (measured in terms of ensemble spread at 500hPa) of the coupled and uncoupled dynamical systems is almost identical; prescribing the perfect soil conditions has a negligible impact upon the atmospheric predictability. In contrast, the predictability during an unstable phase is found to be remarkably improved in the uncoupled ensembles. This effect results from guiding the atmospheric phase-space trajectory along its perfect evolution. It persists even when switching back from the uncoupled to the coupled mode prior to the onset of the unstable phase, a result that underlines the importance of soil moisture and temperature in data assimilation systems.",2001,Nonlinear Processes in Geophysics,Fukutome S.; Prim C.; Schär C.,ETH Zürich,CH,3,True,gold,10235809,,Irrigation_Decision
2-s2.0-0012496208,scopus,10.1175/1520-0477(2001)082<2787:DDOSCP>2.3.CO;2,Dynamical downscaling of seasonal climate prediction over Nordeste Brazil with ECHAM3 and NCEP's regional spectral models at IRI,"This study presents an evaluation of a seasonal climate forecast done with the International Research Institute for Climate Prediction (IRI) dynamical forecast system (regional model nested into a general circulation model) over northern South America for January-April 1999, encompassing the rainy season over Brazil's Nordeste. The one-way nesting is one in two tiers: first the NCEP's Regional Spectral Model (RSM) runs with an 80-km grid mesh forced by the ECHAM3 atmospheric general circulation model (AGCM) outputs; then the RSM runs with a finer grid mesh (20 km) forced by the forecasts generated by the RSM-80. An ensemble of three realizations is done. Lower boundary conditions over the oceans for both ECHAM and RSM model runs are sea surface temperature forecasts over the tropical oceans. Soil moisture is initialized by ECHAM's inputs. The rainfall forecasts generated by the regional model are compared with those of the AGCM and observations. It is shown that the regional model at 80-km resolution improves upon the AGCM rainfall forecast, reducing both seasonal bias and root-mean-square error. On the other hand, the RSM-20 forecasts presented larger errors, with spatial patterns that resemble those of local topography. The better forecast of the position and width of the intertropical convergence zone (ITCZ) over the tropical Atlantic by the RSM-80 model is one of the principal reasons for better-forecast scores of the RSM-80 relative to the AGCM. The regional model improved the spatial as well as the temporal details of rainfall distribution, and also presenting the minimum spread among the ensemble members. The statistics of synoptic-scale weather variability on seasonal timescales were best forecast with the regional 80-km model over the Nordeste. The possibility of forecasting the frequency distribution of dry and wet spells within the rainy season is encouraging.",2001,Bulletin of the American Meteorological Society,Nobre P.; Moura A.D.; Sun L.,Instituto Nacional de Pesquisas Espaciais; International Research Institute for Climate and Society,BR;US,69,True,gold,00030007,,Irrigation_Decision
2-s2.0-0033845799,scopus,,A procedure for generating daily rainfall and evaporation data: An evaluation and some applications,"An existing procedure for generating realistic daily rainfall data from the monthly average rainfall and number of wet days is tested and modified for New Zealand. Both the frequency distribution of extreme daily events at Palmerston North, and the 10 and 90 percentile monthly rainfall at eight contrasting locations, are accurately simulated. However east coast sites needed different treatment to other locations. Daily values for the Priestley-Taylor reference crop evaporation are also generated using average monthly sunshine hours and temperature values. The observed 33% lower evaporation on wet days (≥1 mm rainfall) than dry days is taken into account. The generated values are used to construct a daily soil water balance for a soil near Palmerston North, and to obtain the probability density functions for the annual irrigation requirement, the annual amount of runoff, and the date when the soil is first dry enough to plough in spring. These probability density functions are similar to those obtained using 25 years of daily weather data. If the effects of climate change, or El Nino-Southern Oscillation phenomena, on the monthly rainfall statistics at a location can be estimated, the approach offers a probabilistic way of looking at the implications of such factors for soil water management.",2000,Journal of Hydrology New Zealand,Scotter D.; Horne D.; Green S.,Massey University,NZ,3,False,,00221708,,Irrigation_Decision
2-s2.0-0033567647,scopus,10.1175/1520-0469(1999)056<3221:MOCWTR>2.0.CO;2,Microphysics of Clouds with the Relaxed Arakawa-Schubert Scheme (McRAS). Part II: Implementation and performance in GEOS II GCM,"A prognostic cloud scheme named the Microphysics of Clouds with the Relaxed Arakawa-Schubert Scheme (McRAS) and the Simple Biosphere Model have been implemented in a version of the Goddard Earth Observing System (GEOS) II GCM at a 4°latitude X 5°longitude X 20 sigma-layer resolution. The McRAS GCM was integrated for 50 months. The integration was initialized with the European Centre for Medium-Range Weather Forecasts analysis of observations for 1 January 1987 and was forced with the observed sea surface temperatures and sea-ice distribution; on land, the permanent ice and vegetation properties (biomes and soils) were climatological, while the soil moisture and snow cover were prognostic. The simulation shows that the McRAS GCM yields realistic structures of in-cloud water and ice, and cloud-radiative forcing (CRF) even though the cloudiness has some discernible systematic errors. The simulated intertropical convergence zone (ITCZ) has a realistic time mean structure and seasonal cycle. The simulated CRF is sensitive to vertical distribution of cloud water, which can be affected hugely with the choice of minimum in-cloud water for the onset of autoconversion or critical cloud water amount that regulates the autoconversion itself. The generation of prognostic cloud water is accompanied by reduced global precipitation and interactive CRF. These feedbacks have a profound effect on the ITCZ. Even though somewhat weaker than observed, the McRAS GCM simulation produces robust 30-60-day oscillations in the 200-hPa velocity potential. Comparisons of CRFs and precipitation produced in a parallel simulation with the GEOS II GCM are included. Several seasonal simulations were performed with the McRAS-GEOS II GCM for the summer (June-July-August) and winter (December-January-February) periods to determine how the simulated clouds and CRFs would be affected by (i) advection of clouds, (ii) cloud-top entrainment instability, (iii) cloud water inhomogeneity correction, and (iv) cloud production and dissipation in different cloud processes. The results show that each of these processes contributes to the simulated cloud fraction and CRF. Because inclusion of these processes helps to improve the simulated CRF, it is inferred that they would be useful to include in other cloud microphysics schemes as well. Two ensembles of four summer (July-August-September) simulations, one each for 1987 and 1988, were produced with the earlier 17-layer GEOS I GCM with McRAS. The differences show that the model simulates realistic and statistically significant precipitation differences over India, Central America, and tropical Africa. These findings were also confirmed in the new 20-layer GEOS II GCM with McRAS in the 1987 minus 1988 differences.",1999,Journal of the Atmospheric Sciences,Sud Y.; Walker G.,General Sciences Corporation; NASA Goddard Space Flight Center,US,30,False,,00224928,,Irrigation_Decision
2-s2.0-0032453658,scopus,10.1175/1520-0442-11.8.1837,"Variability of the Indian monsoon in the ECHAM3 model: Sensitivity to sea surface temperature, soil moisture, and the stratospheric quasi-biennial oscillation","The variability of the monsoon is investigated using a set of 90-day forecasts [MONEG (Tropical Ocean Global Atmosphere Monsoon Numerical Experimentation Group) experiments] and a set of AMIP-type (Atmospheric Model Intercomparison Project) long-term simulations of the atmospheric circulation with the ECHAM3 model. The large-scale aspects of the summer monsoon circulation as represented by differences of dynamical quantities between the two extreme years 1987 and 1988 were reproduced well by the model in both kinds of experiments forced with observed sea surface temperature (SST). At the regional scale the difference of precipitation over India during summer 1987 and 1988 was well reproduced by the model in the 90-day forecasts using interannually varying SSTs; however, similarly good results were achieved in forecasts using climatological SSTs. The long-term simulations forced with interannually varying SST at the lower boundary of the atmosphere over a period of 14 years, on the other hand, only partly reproduce the observed differences of precipitation over India between 1987 and 1988. For the ensemble mean of five simulations averaged from June to September and for the whole of India an increase from 1987 to 1988 is simulated by the model as observed but with smaller values. The difference in observed precipitation between 1987 and 1988 is of opposite sign for May to that for September. The simulations and observations agree in the manifestation of this sense of opposing variability within a monsoon season for these two years and also for other years. The simulations and observations differ most during July. The paper concentrates on the question why the interannual variability in the long-term simulations on one hand and the 90-day forecasts and in the observations of precipitation on the other hand differ so strongly during the peak of the monsoon in July. Large-scale dynamics over India are mainly forced by the anomalies of Pacific SST. For the variability of precipitation over India other forcings than the Pacific SST are important as well. Due to enhanced evaporation, warmer SSTs over the northern Indian Ocean lead to increased precipitation over India. Changes in the SST there within the range of uncertainty (0.5 K) can lead to clear impacts. As a further boundary forcing, the impact of soil moisture is investigated. The use of realistic soil moisture differences between 1987 and 1988 in the MONEG forecasts resulted in improved skill of precipitation forecasts over India. Also the two individual AMIP simulations with realistic precipitation differences over India had more realistic soil moisture differences over east Asia in the beginning of the monsoon season between the two years than those experiments that failed to produce the correct precipitation differences. The years 1987 and 1988 were quite different with respect to the phase of the stratospheric quasi-biennial oscillation (QBO). As atmospheric circulation models cannot yet reproduce stratospheric QBOs realistically, their impact was tested by nudging observed QBOs into AMIP simulations for July 1987 and 1988. Seven out of eight experiments showed an impact toward a more realistic simulation ofprecipitation over India; however, during the west phase of the QBO (1987) impacts are very small. None of these forcings gave a dominant effect. If this finding is confirmed by further experimentation, improvements of practical long-range forecasts may be very difficult as two of these quantities are hardly known with the required accuracy (northern Indian Ocean SSTs and the Eurasian soil moisture) and because models are not yet able to simulate the stratospheric QBO realistically. This study confirms that El Nino has two direct effects: it reduces the precipitation over India and reduces the surface winds over the Arabian Sea. Due to the latter, the SST of the Arabian Sea can increase as there is less mixing and upwelling in the ocean. Here it is suggested that because of this increased SST there would be more precipitation over India, thus counteracting the expected decrease from the direct El Nino effect. Sensitivity experiments were carried out with the ECHAM3 model to substantiate this hypothesis. The results may be model-dependent and model deficiencies might influence sensitivities from boundary forcings adversely. Therefore observational data have been investigated as far as possible to seek independent confirmation of the findings obtained through the model simulations.",1998,Journal of Climate,Arpe K.; Dümenil L.; Giorgetta M.A.,Max Planck Institute for Meteorology,DE,49,False,,08948755,Atmospheric circulation;Monsoon;Quasi-biennial oscillation;Sea surface temperature;Soil moisture,Irrigation_Decision
2-s2.0-0032231171,scopus,10.1007/BF02744587,Cyclone track prediction,"This is a review paper based on tropical cyclone research that was mostly carried out at the Florida State University. In this review we address a number of modelling issues such as: Explicit specification of the constant flux layer, cloud-radiative interaction and low cloud, cumulus parameterization, physical initialization, the ensemble of hurricane track forecasts and cloud forecasts. Among these the areas that have demonstrated the most sensitivity on tropical cyclone tracks, landfall and intensity are: resolution, cumulus convection, sea surface temperatures, soil moisture and orography around the ocean basin.",1998,Sadhana Academy Proceedings in Engineering Sciences,Krishnamurti T.; Jha B.,Florida State University,US,2,False,,02562499,,Irrigation_Decision
2-s2.0-0030357259,scopus,10.1175/1520-0477(1996)077<2209:IOHPIA>2.0.CO;2,Intercomparison of hydrologic processes in AMIP GCMs,"Results of an intercomparison study under the Atmospheric Model Intercomparison Project (AMIP) to assess the abilities of 29 global climate models (GCMs) in simulating various aspects of regional and hydrologic processes in response to observed sea surface temperature and sea ice boundary forcings are presented. The authors find that the models generally portray an earthlike climate to approximately 10%-20% of the global land surface temperature (= 14.8°C) and global precipitation (= 2.3 mm day<sup>-1</sup>). While a majority of the models have a reasonable global water budget, about a quarter of the models show significant errors in the total global water balance. While the model frequency distributions of heavy precipitation associated with deep convection are in reasonable agreement with observations, a systematic underestimate of the frequency of occurrence of light precipitation events (< 1 mm day<sup>-1</sup>) is present in almost all the AMIP models, especially over continental desert regions and over tropical and subtropical oceanic regions contiguous to the west coasts of continents where low-level stratocumulus clouds tend to occur. This discrepancy is presumably related to the crude treatment of moist processes, especially those related to low clouds and nonconvective precipitation in the models. Another common problem in the global rainfall distribution is the presence of spectral ram or spurious gridpoint-scale heavy rain. The artificial anchoring of rainfall to topographic features in the Maritime Continent appears to be a generic problem in many GCMs. Models differ substantially in the magnitude of the rainfall amount over the eastern Pacific ITCZ for all seasons. The simulated boreal summer rainfall distributions have large variability over the Indian subcontinent and the Bay of Bengal. The northward migration of the monsoon convective zones are not well simulated. In particular, the East Asian monsoon rainband over the subtropical western Pacific is ill-defined or absent in all models. On the interannual timescale, the models show reasonable skills in simulating the fluctuations of the Southern Oscillation and the eastward migration of the major equatorial precipitation zone during ENSO. Most models show useful rainfall prediction skill in the Tropics associated with ENSO-related SST forcing. However, the models do not show any useful skill for extratropical rainfall prediction from specified anomalous global SST forcing. Overall, the models depict a reasonably realistic annual cycle of water balance over regions where long-term local moisture balance is maintained - that is, (P-E) ≈ 0 - over large interior land regions in the extratropics. In regions of strong dynamic control - that is, (P-E) ≫ 0 - such as the tropical western Pacific, monsoon regions, and the ITCZ, the intermodel variability is very large. The simulated water balance over large river basins has been validated against hydrographic river discharge data using a river-routing model. Results show that while the model ensemble mean runoffs are consistent with the climatological observed river discharge for the Amazon and Mississippi, the intermodel variability is substantial. The models yield even more divergent results over other world river basins. These results suggest that while some GCMs may have moderate capability in capturing some aspects of the climatological variation of runoff, it is premature to use them for climate studies related to continental-scale water balance. A ranking of the AMIP models and some possible implications based on the above performance are also presented.",1996,Bulletin of the American Meteorological Society,Lau K.; Kim J.; Sud Y.,Applied Research Corporation; NASA Goddard Space Flight Center,US,111,True,gold,00030007,,Irrigation_Decision
